"","BAC.Open","BAC.High","BAC.Low","BAC.Close","BAC.Volume","BAC.Adjusted"
"2016-11-30",20.77,21.190001,20.719999,21.120001,191699600,19.073425
"2016-12-01",21.42,21.940001,21.34,21.5,199233900,19.416603
"2016-12-02",21.49,21.5,21.02,21.23,128468700,19.17277
"2016-12-05",21.469999,21.870001,21.459999,21.84,130377300,19.72366
"2016-12-06",22.09,22.16,21.719999,22.16,120789200,20.012646
"2016-12-07",22.190001,22.57,21.950001,22.57,168005200,20.382921
"2016-12-08",22.790001,23.24,22.690001,22.950001,182693900,20.726099
"2016-12-09",22.950001,23.17,22.780001,23.09,130590400,20.852531
"2016-12-12",23,23.25,22.540001,22.610001,136986000,20.419043
"2016-12-13",22.799999,22.879999,22.290001,22.610001,118204100,20.419043
"2016-12-14",22.309999,23.299999,22.209999,22.67,225340900,20.473228
"2016-12-15",22.9,23.389999,22.799999,23.16,162025800,20.915747
"2016-12-16",23.16,23.32,22.65,22.66,147497700,20.464197
"2016-12-19",22.6,22.719999,22.33,22.48,97508900,20.30164
"2016-12-20",22.629999,22.83,22.610001,22.709999,83879500,20.509354
"2016-12-21",22.719999,22.719999,22.469999,22.629999,61079100,20.437105
"2016-12-22",22.6,22.73,22.469999,22.540001,67123500,20.355825
"2016-12-23",22.51,22.65,22.43,22.6,38187800,20.410011
"2016-12-27",22.709999,22.74,22.540001,22.610001,39988600,20.419043
"2016-12-28",22.620001,22.67,22.26,22.33,52652900,20.166178
"2016-12-29",22.33,22.389999,21.77,22,79188400,19.868158
"2016-12-30",22.02,22.26,21.950001,22.1,72605900,19.958466
"2017-01-03",22.6,22.68,22.200001,22.530001,99298100,20.346794
"2017-01-04",22.719999,22.959999,22.6,22.950001,76875100,20.726099
"2017-01-05",22.82,22.93,22.35,22.68,86826400,20.48226
"2017-01-06",22.780001,22.85,22.559999,22.68,66281500,20.48226
"2017-01-09",22.51,22.709999,22.4,22.549999,75901500,20.364857
"2017-01-10",22.59,23.139999,22.540001,22.940001,100977700,20.717068
"2017-01-11",22.940001,23.07,22.719999,23.07,92385600,20.834469
"2017-01-12",23.01,23.120001,22.610001,22.92,120474200,20.699001
"2017-01-13",23.209999,23.41,22.799999,23.01,161930900,20.780287
"2017-01-17",22.68,22.790001,22.01,22.049999,152495900,19.913309
"2017-01-18",22.299999,22.65,22.1,22.629999,124366000,20.437105
"2017-01-19",22.73,22.809999,22.41,22.530001,75990800,20.346794
"2017-01-20",22.66,22.93,22.52,22.639999,102564900,20.446136
"2017-01-23",22.620001,22.76,22.42,22.559999,61385600,20.373886
"2017-01-24",22.610001,23.1,22.48,22.950001,98508700,20.726099
"2017-01-25",23.32,23.42,23.1,23.370001,99753300,21.1054
"2017-01-26",23.41,23.549999,23.280001,23.440001,84146400,21.168613
"2017-01-27",23.43,23.450001,23.280001,23.360001,54590200,21.096367
"2017-01-30",23.200001,23.200001,22.709999,22.950001,91561200,20.726099
"2017-01-31",22.77,23.030001,22.5,22.639999,91044300,20.446136
"2017-02-01",22.969999,23.219999,22.82,22.889999,103630900,20.671907
"2017-02-02",22.74,22.790001,22.51,22.719999,88679100,20.518383
"2017-02-03",23.15,23.35,22.950001,23.290001,116035100,21.033152
"2017-02-06",23.15,23.379999,23.07,23.120001,92228400,20.879627
"2017-02-07",23.280001,23.290001,22.860001,22.9,87982900,20.680939
"2017-02-08",22.73,22.73,22.450001,22.67,102264500,20.473228
"2017-02-09",22.76,23.15,22.639999,23.120001,102634200,20.879627
"2017-02-10",23.190001,23.24,22.959999,23.08,90548300,20.843504
"2017-02-13",23.17,23.540001,23.17,23.4,105342500,21.13249
"2017-02-14",23.4,24.17,23.33,24.059999,139711400,21.728539
"2017-02-15",24.34,24.77,24.110001,24.58,151233300,22.198149
"2017-02-16",24.540001,24.620001,24.299999,24.58,98144500,22.198149
"2017-02-17",24.280001,24.58,24.200001,24.52,85789200,22.143963
"2017-02-21",24.59,24.799999,24.58,24.780001,78571500,22.378765
"2017-02-22",24.610001,24.950001,24.540001,24.790001,81531900,22.387798
"2017-02-23",24.790001,24.889999,24.51,24.58,85846000,22.198149
"2017-02-24",24.120001,24.35,24.02,24.23,97074400,21.882061
"2017-02-27",24.200001,24.66,24.190001,24.57,69129100,22.189116
"2017-02-28",24.48,24.700001,24.42,24.68,90242000,22.288454
"2017-03-01",25.370001,25.610001,25.219999,25.5,143947500,23.099194
"2017-03-02",25.68,25.799999,25.200001,25.23,99824600,22.854614
"2017-03-03",25.299999,25.65,25.299999,25.440001,92456100,23.044844
"2017-03-06",25.33,25.35,25.08,25.25,75660400,22.87273
"2017-03-07",25.219999,25.360001,25.1,25.209999,64053700,22.836493
"2017-03-08",25.6,25.77,25.219999,25.26,105314600,22.881786
"2017-03-09",25.35,25.530001,25.23,25.35,78984600,22.963312
"2017-03-10",25.620001,25.620001,25.09,25.309999,86998800,22.927082
"2017-03-13",25.299999,25.41,25.129999,25.299999,56886200,22.918026
"2017-03-14",25.190001,25.34,25.049999,25.32,63182700,22.936136
"2017-03-15",25.389999,25.549999,24.959999,25.18,114662700,22.809322
"2017-03-16",25.24,25.49,25.190001,25.219999,70306200,22.845552
"2017-03-17",25.219999,25.27,24.83,24.860001,105222400,22.519449
"2017-03-20",24.58,24.76,24.42,24.440001,87287500,22.13899
"2017-03-21",24.5,24.559999,22.950001,23.02,259545800,20.85268
"2017-03-22",22.65,23.18,22.450001,22.940001,167984400,20.780216
"2017-03-23",23.040001,23.49,22.91,23.07,111666800,20.897976
"2017-03-24",23.200001,23.35,22.76,23.120001,113499100,20.943272
"2017-03-27",22.280001,23.049999,22.16,23.030001,119513500,20.86174
"2017-03-28",23.01,23.67,23,23.48,95761700,21.269373
"2017-03-29",23.51,23.65,23.309999,23.35,67204500,21.151611
"2017-03-30",23.379999,23.98,23.33,23.870001,79189200,21.622658
"2017-03-31",23.83,23.969999,23.59,23.59,77158300,21.369019
"2017-04-03",23.65,23.75,23.08,23.59,88076600,21.369019
"2017-04-04",23.200001,23.51,23.200001,23.440001,75244400,21.233139
"2017-04-05",23.77,23.879999,23.15,23.17,97453300,20.98856
"2017-04-06",23.17,23.459999,22.959999,23.26,82975200,21.070091
"2017-04-07",23.030001,23.34,22.93,23.16,79519400,20.9795
"2017-04-10",23.129999,23.280001,22.91,23.02,63254700,20.85268
"2017-04-11",22.83,22.950001,22.58,22.92,94206700,20.762094
"2017-04-12",22.879999,22.940001,22.610001,22.65,76556300,20.517517
"2017-04-13",22.559999,22.959999,22.34,22.34,88061800,20.23671
"2017-04-17",22.360001,22.83,22.26,22.809999,85053200,20.662453
"2017-04-18",23.110001,23.15,22.379999,22.709999,146488400,20.571871
"2017-04-19",22.92,23.15,22.68,22.74,101771800,20.599039
"2017-04-20",22.959999,23.17,22.82,23.07,103802600,20.897976
"2017-04-21",23.030001,23.08,22.59,22.709999,127235400,20.571871
"2017-04-24",23.24,23.85,23.24,23.629999,138638900,21.405249
"2017-04-25",23.99,24.35,23.91,23.98,131531100,21.722298
"2017-04-26",24,24.190001,23.860001,23.889999,95172200,21.640774
"2017-04-27",23.9,23.93,23.459999,23.65,80024200,21.423367
"2017-04-28",23.57,23.719999,23.32,23.34,69384900,21.142553
"2017-05-01",23.52,23.77,23.35,23.610001,72382900,21.387133
"2017-05-02",23.610001,23.67,23.33,23.530001,60262600,21.314663
"2017-05-03",23.370001,23.780001,23.34,23.77,64272800,21.53207
"2017-05-04",23.98,24.049999,23.73,23.85,68133400,21.60454
"2017-05-05",23.98,23.99,23.6,23.74,56678800,21.504896
"2017-05-08",23.75,24.059999,23.75,23.959999,56016500,21.704184
"2017-05-09",24.030001,24.309999,23.870001,23.98,61622000,21.722298
"2017-05-10",23.91,24.17,23.870001,24.15,48495300,21.876295
"2017-05-11",24.1,24.23,23.84,24.07,68350800,21.803825
"2017-05-12",23.92,24,23.75,24,62589000,21.740416
"2017-05-15",24.059999,24.139999,23.98,24.059999,50688800,21.794769
"2017-05-16",24.07,24.17,23.940001,23.99,55774800,21.731359
"2017-05-17",23.370001,23.450001,22.459999,22.57,190353300,20.445051
"2017-05-18",22.610001,23,22.5,22.74,108444100,20.599039
"2017-05-19",22.91,23.299999,22.870001,23.049999,89566700,20.879858
"2017-05-22",23.190001,23.24,22.82,23.040001,74839400,20.870802
"2017-05-23",23.030001,23.5,22.84,23.389999,79020000,21.187847
"2017-05-24",23.440001,23.469999,23.219999,23.360001,58823200,21.160671
"2017-05-25",23.41,23.58,23.219999,23.25,60443500,21.061028
"2017-05-26",23.23,23.42,23.17,23.24,50399500,21.051968
"2017-05-30",23.129999,23.209999,22.879999,22.91,61307900,20.753038
"2017-05-31",22.780001,22.799999,22.09,22.41,138636300,20.366789
"2017-06-01",22.48,22.639999,22.299999,22.629999,69725100,20.566732
"2017-06-02",22.27,22.59,22.16,22.450001,79722300,20.403143
"2017-06-05",22.440001,22.700001,22.389999,22.41,51590300,20.366789
"2017-06-06",22.200001,22.41,22.07,22.23,71735600,20.203196
"2017-06-07",22.299999,22.620001,22.27,22.6,66429700,20.539463
"2017-06-08",22.620001,23.209999,22.6,22.969999,93685900,20.875731
"2017-06-09",23.219999,23.67,23.209999,23.67,108254300,21.511909
"2017-06-12",23.82,24.040001,23.73,23.780001,85829900,21.611879
"2017-06-13",23.950001,24.110001,23.66,23.77,68047300,21.602793
"2017-06-14",23.549999,23.809999,23.200001,23.76,102352400,21.5937
"2017-06-15",23.549999,23.950001,23.469999,23.540001,69707500,21.393763
"2017-06-16",23.559999,23.620001,23.370001,23.43,57745800,21.293793
"2017-06-19",23.610001,24,23.6,23.91,58587800,21.73003
"2017-06-20",23.91,23.99,23.48,23.49,59693500,21.348318
"2017-06-21",23.5,23.57,23.07,23.129999,72432800,21.021141
"2017-06-22",23.120001,23.200001,22.9,22.93,64763300,20.839378
"2017-06-23",23.110001,23.110001,22.74,22.82,85399600,20.739407
"2017-06-26",22.91,23.139999,22.73,22.889999,61307800,20.803022
"2017-06-27",23.1,23.6,23,23.27,88257800,21.14838
"2017-06-28",23.530001,23.959999,23.530001,23.879999,119049300,21.702761
"2017-06-29",24.58,24.67,24.040001,24.32,150501200,22.10264
"2017-06-30",24.620001,24.620001,24.17,24.26,84005200,22.048115
"2017-07-03",24.459999,24.91,24.440001,24.68,58129700,22.429825
"2017-07-05",24.799999,24.950001,24.620001,24.92,76172500,22.647938
"2017-07-06",24.9,25.110001,24.690001,24.709999,84465400,22.457083
"2017-07-07",24.92,25,24.65,24.83,54478800,22.566147
"2017-07-10",24.719999,24.99,24.639999,24.889999,54632800,22.620678
"2017-07-11",24.879999,24.91,24.459999,24.6,69410600,22.357113
"2017-07-12",24.42,24.6,24.299999,24.35,68708700,22.12991
"2017-07-13",24.43,24.629999,24.370001,24.620001,55533400,22.375296
"2017-07-14",24.200001,24.32,23.82,24.209999,92625400,22.002674
"2017-07-17",24.219999,24.219999,23.93,24.02,81522000,21.829996
"2017-07-18",23.91,24.059999,23.610001,23.9,107981400,21.720942
"2017-07-19",24.049999,24.200001,23.809999,24.059999,74140100,21.866346
"2017-07-20",24.02,24.120001,23.83,23.940001,62793500,21.757292
"2017-07-21",23.84,23.959999,23.66,23.799999,65922500,21.630054
"2017-07-24",23.74,24.030001,23.73,23.91,51382700,21.73003
"2017-07-25",24.25,24.67,24.24,24.48,86154700,22.248058
"2017-07-26",24.67,24.67,24.139999,24.209999,65704700,22.002674
"2017-07-27",24.26,24.450001,24.030001,24.110001,62902100,21.911789
"2017-07-28",24.049999,24.209999,23.959999,24.030001,50143400,21.839085
"2017-07-31",24.120001,24.299999,24.09,24.120001,62272000,21.920881
"2017-08-01",24.290001,24.49,24.27,24.450001,52782500,22.220795
"2017-08-02",24.440001,24.59,24.26,24.59,55317100,22.348028
"2017-08-03",24.549999,24.6,24.32,24.370001,53210600,22.148087
"2017-08-04",24.68,25.08,24.65,24.969999,105206600,22.693382
"2017-08-07",25.01,25.049999,24.9,24.959999,41860900,22.684292
"2017-08-08",24.950001,25.35,24.82,24.9,73399300,22.629761
"2017-08-09",24.6,24.77,24.459999,24.74,56910400,22.484352
"2017-08-10",24.58,24.58,24.09,24.120001,78023700,21.920881
"2017-08-11",24.07,24.24,23.799999,23.860001,68157400,21.684587
"2017-08-14",24.23,24.49,24.17,24.42,54989500,22.193527
"2017-08-15",24.75,24.85,24.450001,24.469999,45143200,22.238968
"2017-08-16",24.540001,24.620001,24.08,24.190001,59188900,21.984493
"2017-08-17",24.07,24.17,23.620001,23.639999,78969300,21.484642
"2017-08-18",23.559999,23.9,23.450001,23.620001,60461200,21.466465
"2017-08-21",23.58,23.639999,23.139999,23.379999,70124800,21.248346
"2017-08-22",23.6,23.889999,23.57,23.83,59228600,21.657316
"2017-08-23",23.610001,23.969999,23.59,23.76,39825500,21.5937
"2017-08-24",23.93,23.940001,23.68,23.84,39178700,21.666412
"2017-08-25",23.889999,24.07,23.75,23.77,43511900,21.602793
"2017-08-28",23.84,23.9,23.57,23.719999,37155000,21.55735
"2017-08-29",23.219999,23.700001,23.120001,23.58,60897200,21.430111
"2017-08-30",23.73,24.040001,23.559999,23.870001,58412900,21.80464
"2017-08-31",24.030001,24.040001,23.780001,23.889999,62362400,21.822908
"2017-09-01",23.9,24.18,23.799999,24.09,56233900,22.005606
"2017-09-05",23.83,23.83,23.23,23.309999,108605400,21.293093
"2017-09-06",23.49,23.58,23.209999,23.41,64188900,21.384438
"2017-09-07",23.379999,23.41,22.75,22.969999,103501200,20.982506
"2017-09-08",22.93,23.23,22.85,22.889999,68365000,20.909433
"2017-09-11",23.219999,23.41,23.08,23.360001,73741000,21.33877
"2017-09-12",23.459999,24.030001,23.450001,23.950001,99658500,21.877716
"2017-09-13",23.92,24.35,23.870001,24.33,86339800,22.224836
"2017-09-14",24.379999,24.540001,24.200001,24.24,70051000,22.142624
"2017-09-15",24.209999,24.41,24.15,24.379999,85937600,22.27051
"2017-09-18",24.42,24.77,24.41,24.700001,68076400,22.562826
"2017-09-19",24.700001,24.99,24.620001,24.860001,56218100,22.708979
"2017-09-20",24.879999,25.24,24.67,25.059999,82289900,22.891672
"2017-09-21",25.049999,25.280001,24.92,25.16,57864000,22.983019
"2017-09-22",25.01,25.07,24.85,25.02,61446000,22.855133
"2017-09-25",24.940001,25.08,24.58,24.76,62361700,22.617632
"2017-09-26",24.83,24.959999,24.690001,24.809999,53012700,22.663303
"2017-09-27",25.309999,25.639999,25.18,25.41,92877400,23.21139
"2017-09-28",25.59,25.639999,25.34,25.450001,64991400,23.247929
"2017-09-29",25.41,25.48,25.309999,25.34,66232600,23.147446
"2017-10-02",25.459999,25.65,25.389999,25.620001,54001400,23.403219
"2017-10-03",25.75,25.93,25.620001,25.860001,55946900,23.622456
"2017-10-04",25.860001,25.950001,25.700001,25.709999,53402800,23.485432
"2017-10-05",25.77,26.23,25.66,26.129999,62636900,23.869089
"2017-10-06",26.25,26.299999,26.040001,26.209999,53900600,23.942167
"2017-10-09",26.26,26.27,25.76,25.85,55172500,23.613319
"2017-10-10",25.83,25.950001,25.709999,25.93,46133800,23.686396
"2017-10-11",25.93,25.93,25.65,25.83,51652300,23.595049
"2017-10-12",25.870001,25.93,25.34,25.450001,71770000,23.247929
"2017-10-13",25.379999,26,25.120001,25.83,104196900,23.595049
"2017-10-16",25.870001,26.33,25.870001,26.24,71927200,23.969574
"2017-10-17",26.370001,26.43,26.110001,26.200001,48644400,23.933035
"2017-10-18",26.34,26.549999,26.33,26.48,55382500,24.188807
"2017-10-19",26.200001,26.59,26.15,26.58,54542700,24.280151
"2017-10-20",27.040001,27.18,26.9,27.17,83764700,24.819103
"2017-10-23",27.219999,27.43,27.09,27.16,69607700,24.809967
"2017-10-24",27.35,27.84,27.34,27.68,90346500,25.284977
"2017-10-25",27.889999,27.92,27.34,27.629999,81265300,25.239304
"2017-10-26",27.690001,27.98,27.68,27.74,55342500,25.339783
"2017-10-27",27.68,27.959999,27.620001,27.799999,58856700,25.394588
"2017-10-30",27.65,27.76,27.459999,27.6,51357600,25.211897
"2017-10-31",27.639999,27.719999,27.34,27.389999,50311200,25.020069
"2017-11-01",27.639999,27.73,27.360001,27.530001,46527700,25.147953
"2017-11-02",27.51,27.940001,27.280001,27.870001,59692000,25.458538
"2017-11-03",27.73,27.82,27.620001,27.82,37816100,25.412861
"2017-11-06",27.74,27.82,27.620001,27.75,37261000,25.348919
"2017-11-07",27.74,27.77,27.02,27.18,68342100,24.828239
"2017-11-08",26.959999,26.959999,26.49,26.790001,83128200,24.471985
"2017-11-09",26.49,26.66,26.120001,26.49,95448600,24.197937
"2017-11-10",26.59,26.74,26.459999,26.51,61105300,24.216215
"2017-11-13",26.26,26.48,26.139999,26.4,55902200,24.115728
"2017-11-14",26.26,26.35,26.08,26.24,61596800,23.969574
"2017-11-15",25.99,26.93,25.809999,26.790001,98274900,24.471985
"2017-11-16",26.91,27.049999,26.74,26.76,54565200,24.444584
"2017-11-17",26.51,26.73,26.440001,26.620001,48420700,24.316692
"2017-11-20",26.74,26.84,26.540001,26.74,46328800,24.42631
"2017-11-21",26.799999,26.860001,26.690001,26.73,57749100,24.417177
"2017-11-22",26.77,26.9,26.59,26.66,38103200,24.353231
"2017-11-24",26.719999,26.74,26.57,26.59,14273600,24.289289
"2017-11-27",26.52,26.92,26.51,26.59,44828600,24.289289
"2017-11-28",26.620001,27.700001,26.57,27.639999,99765000,25.248434
"2017-11-29",28.02,28.49,27.84,28.280001,119728400,25.833063
"2017-11-30",28.620001,28.719999,28.08,28.17,122131900,25.842234
"2017-12-01",28.25,28.51,27.5,28.1,137774800,25.778015
"2017-12-04",28.85,29.309999,28.82,29.059999,145661700,26.658691
"2017-12-05",29.1,29.299999,28.85,28.93,91349800,26.539433
"2017-12-06",28.73,28.969999,28.57,28.639999,74593800,26.273401
"2017-12-07",28.889999,28.969999,28.370001,28.780001,80706100,26.401829
"2017-12-08",29.02,29.09,28.76,29.049999,60991300,26.649517
"2017-12-11",29.030001,29.17,28.9,28.940001,54001900,26.548611
"2017-12-12",29.32,29.5,28.91,29.32,76017200,26.897205
"2017-12-13",29.309999,29.440001,28.83,28.84,79980600,26.456871
"2017-12-14",29.059999,29.18,28.709999,28.73,60615800,26.355963
"2017-12-15",28.91,29.18,28.74,29.040001,129859400,26.640343
"2017-12-18",29.290001,29.5,29.27,29.48,70548600,27.043985
"2017-12-19",29.6,29.639999,29.370001,29.450001,67984100,27.016462
"2017-12-20",29.76,29.84,29.450001,29.48,81271200,27.043985
"2017-12-21",29.59,29.98,29.58,29.82,72953200,27.355888
"2017-12-22",29.98,30.030001,29.620001,29.879999,54203000,27.410927
"2017-12-26",29.74,29.940001,29.58,29.780001,42371200,27.319193
"2017-12-27",29.66,29.73,29.6,29.73,35111800,27.273325
"2017-12-28",29.73,29.82,29.66,29.799999,37914900,27.337542
"2017-12-29",29.85,29.879999,29.52,29.52,40672000,27.080681
"2018-01-02",29.75,29.9,29.610001,29.9,57121600,27.429279
"2018-01-03",29.9,29.940001,29.690001,29.799999,57865700,27.337542
"2018-01-04",29.969999,30.440001,29.879999,30.190001,76512500,27.695316
"2018-01-05",30.370001,30.42,30.049999,30.33,56445200,27.823744
"2018-01-08",30.23,30.27,30.049999,30.120001,42914800,27.631104
"2018-01-09",30.200001,30.540001,30.129999,30.27,69479100,27.768705
"2018-01-10",30.370001,30.73,30.309999,30.549999,63532800,28.02557
"2018-01-11",30.66,30.690001,30.450001,30.66,59318300,28.126478
"2018-01-12",30.879999,31.200001,30.77,31.190001,66371600,28.61268
"2018-01-16",31.74,31.790001,31.030001,31.24,104467900,28.658554
"2018-01-17",31,31.290001,30.34,31.18,124382900,28.603512
"2018-01-18",31.33,31.709999,31.209999,31.48,76463800,28.878719
"2018-01-19",31.58,31.74,31.459999,31.719999,66491000,29.098888
"2018-01-22",31.67,31.940001,31.58,31.940001,53848800,29.300707
"2018-01-23",31.860001,32.130001,31.790001,31.92,56531400,29.282364
"2018-01-24",32.009998,32.209999,31.82,32.09,81585000,29.438311
"2018-01-25",32.240002,32.25,31.93,32.09,62265800,29.438311
"2018-01-26",32.110001,32.200001,31.950001,32.200001,52699900,29.539225
"2018-01-29",32.25,32.450001,32.18,32.279999,59126500,29.612612
"2018-01-30",31.950001,32.200001,31.85,31.879999,60555800,29.245667
"2018-01-31",32.049999,32.290001,31.950001,32,65734100,29.355747
"2018-02-01",32,32.5,31.959999,32.5,62367400,29.814434
"2018-02-02",32.439999,32.669998,31.860001,31.950001,96971900,29.309883
"2018-02-05",31.120001,31.98,29.15,30.26,155908300,27.759535
"2018-02-06",29.41,31.290001,29.299999,31.200001,165878400,28.621855
"2018-02-07",31.120001,31.74,30.860001,31.25,101180500,28.667725
"2018-02-08",31.309999,31.379999,29.73,29.74,128981300,27.282501
"2018-02-09",30.17,30.610001,29.129999,30.33,143071100,27.823744
"2018-02-12",30.620001,31.440001,30.540001,31.120001,95055100,28.548468
"2018-02-13",31.040001,31.4,30.76,31.18,76727300,28.603512
"2018-02-14",31.17,32.029999,31.059999,32,97251500,29.355747
"2018-02-15",32.389999,32.470001,31.870001,32.209999,68117400,29.548397
"2018-02-16",32,32.259998,31.92,31.969999,62137800,29.328232
"2018-02-20",31.959999,32.16,31.75,31.93,58573900,29.291533
"2018-02-21",31.799999,32.369999,31.77,31.870001,72210300,29.236492
"2018-02-22",31.99,32.139999,31.59,31.690001,64749700,29.071367
"2018-02-23",31.799999,32.060001,31.76,32.029999,53626300,29.383274
"2018-02-26",32.169998,32.439999,32.049999,32.419998,61796300,29.741039
"2018-02-27",32.32,32.849998,32.32,32.330002,69235500,29.658485
"2018-02-28",32.490002,32.77,32.09,32.099998,72044000,29.447489
"2018-03-01",32.07,32.349998,31.360001,31.48,90547100,28.987082
"2018-03-02",31.120001,31.690001,30.629999,31.629999,82739100,29.125202
"2018-03-05",31.35,32.349998,31.17,32.130001,70543100,29.585611
"2018-03-06",32.299999,32.32,31.950001,32.110001,50832600,29.567194
"2018-03-07",31.700001,32.23,31.58,32.18,52763900,29.631653
"2018-03-08",32.189999,32.27,31.809999,32.200001,53139800,29.650068
"2018-03-09",32.470001,32.73,32.400002,32.720001,73905800,30.128887
"2018-03-12",32.689999,33.049999,32.639999,32.84,60322800,30.23938
"2018-03-13",32.970001,32.990002,32.299999,32.360001,63347500,29.797394
"2018-03-14",32.549999,32.549999,31.93,32.139999,58011400,29.594816
"2018-03-15",32.290001,32.34,31.93,32.099998,41964200,29.557985
"2018-03-16",32.110001,32.57,32.080002,32.169998,83447600,29.622438
"2018-03-19",32.130001,32.220001,31.68,31.98,57363200,29.447489
"2018-03-20",32.060001,32.200001,31.879999,31.98,44784500,29.447489
"2018-03-21",32,32.450001,31.68,31.870001,64546300,29.346199
"2018-03-22",31.440001,31.49,30.42,30.549999,110271900,28.130732
"2018-03-23",30.690001,30.709999,29.049999,29.17,115740200,26.860016
"2018-03-26",29.889999,30.559999,29.65,30.440001,83297000,28.029442
"2018-03-27",30.65,30.67,29.209999,29.52,85821800,27.182297
"2018-03-28",29.790001,29.959999,29.01,29.389999,79396100,27.062592
"2018-03-29",29.57,30.139999,29.309999,29.99,65678300,27.615076
"2018-04-02",29.799999,30.059999,28.75,29.309999,86644200,26.988924
"2018-04-03",29.540001,29.65,29.1,29.59,69698700,27.246754
"2018-04-04",29,29.969999,28.950001,29.879999,66640800,27.513783
"2018-04-05",30.18,30.549999,30.120001,30.32,55765500,27.918943
"2018-04-06",30.01,30.290001,29.370001,29.629999,79687600,27.283587
"2018-04-09",29.82,30.629999,29.76,29.870001,65917500,27.50458
"2018-04-10",30.48,30.58,30.23,30.48,60540500,28.066275
"2018-04-11",30.15,30.24,29.889999,29.9,62211500,27.532206
"2018-04-12",30.219999,30.799999,30.17,30.65,57989100,28.222811
"2018-04-13",31.129999,31.17,29.559999,29.799999,99254500,27.440125
"2018-04-16",30.08,30.370001,29.469999,29.93,110588900,27.559828
"2018-04-17",30.17,30.370001,29.879999,30.040001,83475900,27.661119
"2018-04-18",30.030001,30.219999,29.5,29.530001,79743200,27.191504
"2018-04-19",29.549999,30.24,29.540001,30.18,80902600,27.79003
"2018-04-20",30.26,30.530001,30.129999,30.26,65554600,27.863701
"2018-04-23",30.27,30.4,30.120001,30.32,50686300,27.918943
"2018-04-24",30.459999,30.860001,30,30.190001,81486800,27.799236
"2018-04-25",30.09,30.34,29.799999,30.139999,65893500,27.753199
"2018-04-26",30.040001,30.280001,29.99,30.07,45936700,27.688742
"2018-04-27",29.99,30.209999,29.969999,30.15,47411200,27.762409
"2018-04-30",30.27,30.43,29.92,29.92,55153900,27.550619
"2018-05-01",29.92,29.959999,29.620001,29.950001,52871700,27.578245
"2018-05-02",29.950001,30.07,29.559999,29.58,68234600,27.237545
"2018-05-03",29.51,29.52,28.43,29.200001,110672700,26.887638
"2018-05-04",28.99,29.42,28.82,29.299999,58281900,26.979717
"2018-05-07",29.440001,29.790001,29.33,29.639999,46765200,27.292791
"2018-05-08",29.77,30.129999,29.67,29.93,65119800,27.559828
"2018-05-09",30.1,30.790001,30.08,30.719999,72266500,28.287264
"2018-05-10",30.610001,31.07,30.42,30.889999,54773200,28.443804
"2018-05-11",30.91,31.030001,30.809999,30.92,42024800,28.471432
"2018-05-14",31.040001,31.23,31.030001,31.120001,41791600,28.655594
"2018-05-15",30.92,31.360001,30.85,31.219999,64433500,28.747673
"2018-05-16",31.18,31.25,31.02,31.059999,43590100,28.60034
"2018-05-17",31.040001,31.08,30.67,30.809999,45981500,28.37014
"2018-05-18",30.77,30.790001,30.23,30.26,58641700,27.863701
"2018-05-21",30.52,30.68,30.48,30.549999,34983300,28.130732
"2018-05-22",30.6,31.139999,30.540001,30.889999,61103000,28.443804
"2018-05-23",30.709999,30.76,30.08,30.440001,73893100,28.029442
"2018-05-24",30.4,30.41,29.83,30.209999,62146200,27.817656
"2018-05-25",30.01,30.190001,29.879999,30.16,44166700,27.771614
"2018-05-29",29.76,29.799999,28.700001,28.959999,135895000,26.666643
"2018-05-30",29.290001,29.6,29.16,29.49,79435300,27.154673
"2018-05-31",29.200001,29.26,28.83,29.040001,97509300,26.849564
"2018-06-01",29.49,29.66,29.309999,29.4,64796600,27.182407
"2018-06-04",29.549999,29.59,29.33,29.4,43777000,27.182407
"2018-06-05",29.309999,29.34,29.059999,29.120001,47690800,26.923532
"2018-06-06",29.290001,30.049999,29.280001,30.040001,74995800,27.774137
"2018-06-07",30.200001,30.309999,29.889999,30.09,68402700,27.820364
"2018-06-08",30.01,30.049999,29.809999,30.01,49572900,27.746401
"2018-06-11",30.129999,30.41,30.059999,30.059999,46732800,27.792631
"2018-06-12",30.17,30.27,29.75,29.9,49644600,27.644695
"2018-06-13",29.98,30.360001,29.700001,29.84,68900200,27.58922
"2018-06-14",30.040001,30.049999,29.379999,29.5,77863200,27.274864
"2018-06-15",29.25,29.41,28.870001,29.280001,105079500,27.071461
"2018-06-18",28.940001,29.5,28.809999,29.4,52644100,27.182407
"2018-06-19",29.040001,29.370001,28.950001,29.26,65466200,27.052969
"2018-06-20",29.42,29.5,29.18,29.24,52256500,27.034479
"2018-06-21",29.209999,29.450001,29,29.290001,68322600,27.080704
"2018-06-22",29.459999,29.52,28.99,28.99,76079200,26.803335
"2018-06-25",28.860001,28.91,28.26,28.48,73616400,26.331802
"2018-06-26",28.52,28.67,28.01,28.540001,56369300,26.38728
"2018-06-27",28.51,28.85,28.24,28.24,61764400,26.109905
"2018-06-28",28.4,28.84,28.299999,28.67,71292100,26.507467
"2018-06-29",29.09,29.17,28.18,28.190001,102307600,26.063673
"2018-07-02",28.08,28.280001,27.83,28.280001,52534300,26.146891
"2018-07-03",28.33,28.43,27.74,27.780001,40599000,25.684607
"2018-07-05",27.950001,28.08,27.809999,27.92,44506800,25.814043
"2018-07-06",27.809999,28.15,27.629999,28.030001,39424900,25.915747
"2018-07-09",28.23,29.09,28.219999,29.049999,61758900,26.85881
"2018-07-10",29.219999,29.33,28.75,28.83,58858400,26.655403
"2018-07-11",28.67,28.91,28.620001,28.68,50218900,26.516718
"2018-07-12",28.9,28.969999,28.66,28.77,51700700,26.599928
"2018-07-13",28.620001,28.690001,28.219999,28.549999,75178000,26.396521
"2018-07-16",28.780001,29.85,28.73,29.780001,129172000,27.533745
"2018-07-17",29.889999,30.200001,29.58,30.01,87778900,27.746401
"2018-07-18",29.92,30.290001,29.84,30.129999,59109200,27.857346
"2018-07-19",29.93,30.02,29.639999,29.67,59260600,27.432043
"2018-07-20",29.620001,30.16,29.459999,30.129999,80432700,27.857346
"2018-07-23",30.139999,30.85,30.129999,30.75,74080200,28.430582
"2018-07-24",30.85,31.110001,30.65,30.83,64761500,28.504543
"2018-07-25",30.700001,31.110001,30.67,31.07,57644100,28.726446
"2018-07-26",31.190001,31.209999,30.889999,30.940001,46215000,28.606253
"2018-07-27",30.99,31.139999,30.799999,31.059999,57198900,28.717194
"2018-07-30",31.139999,31.450001,31.129999,31.309999,58721000,28.948339
"2018-07-31",31.360001,31.42,30.82,30.879999,64066000,28.550774
"2018-08-01",31.219999,31.549999,31.17,31.25,69070700,28.892866
"2018-08-02",30.98,31.309999,30.870001,31.280001,46427200,28.920601
"2018-08-03",31.18,31.51,31.16,31.51,50153800,29.133257
"2018-08-06",31.450001,31.59,31.32,31.52,41261500,29.142502
"2018-08-07",31.549999,31.799999,31.49,31.51,43946200,29.133257
"2018-08-08",31.51,31.91,31.48,31.799999,43689600,29.401377
"2018-08-09",31.73,31.790001,31.549999,31.6,38219100,29.216467
"2018-08-10",31.23,31.33,30.9,31.190001,55679800,28.837391
"2018-08-13",31.08,31.120001,30.450001,30.48,63960600,28.180946
"2018-08-14",30.610001,30.9,30.42,30.790001,42521200,28.467564
"2018-08-15",30.48,30.620001,30.16,30.360001,59747900,28.069998
"2018-08-16",30.559999,30.84,30.52,30.719999,44015400,28.40284
"2018-08-17",30.66,30.860001,30.549999,30.74,39843500,28.421333
"2018-08-20",30.690001,30.93,30.65,30.870001,40011000,28.541531
"2018-08-21",30.91,31.25,30.83,31.02,53510600,28.680218
"2018-08-22",30.92,31.09,30.879999,30.98,33062900,28.643227
"2018-08-23",30.940001,30.98,30.74,30.84,38259100,28.513788
"2018-08-24",30.940001,31.08,30.85,30.889999,43585000,28.560019
"2018-08-27",31.030001,31.49,30.99,31.309999,47729300,28.948339
"2018-08-28",31.360001,31.41,31.190001,31.27,38539000,28.911356
"2018-08-29",31.24,31.309999,31.07,31.139999,46401800,28.791162
"2018-08-30",31.02,31.15,30.950001,31.01,47358900,28.670971
"2018-08-31",30.879999,30.950001,30.620001,30.93,49266000,28.597006
"2018-09-04",30.91,31.16,30.82,31.139999,44745600,28.791162
"2018-09-05",31.07,31.24,30.969999,31.18,48516700,28.828148
"2018-09-06",31.049999,31.110001,30.73,30.85,42666000,28.660919
"2018-09-07",31,31.120001,30.629999,30.860001,49103800,28.67021
"2018-09-10",30.879999,31,30.75,30.82,34156200,28.633047
"2018-09-11",30.719999,30.9,30.700001,30.85,53071000,28.660919
"2018-09-12",30.879999,30.959999,30.379999,30.43,59482300,28.270721
"2018-09-13",30.530001,30.67,30.08,30.139999,59219500,28.001299
"2018-09-14",30.129999,30.389999,30.110001,30.370001,33743900,28.214977
"2018-09-17",30.34,30.49,30.15,30.280001,35026600,28.131369
"2018-09-18",30.33,30.4,30.129999,30.209999,49921700,28.066332
"2018-09-19",30.129999,31.200001,30.129999,31,92666300,28.800276
"2018-09-20",31.299999,31.370001,31.139999,31.190001,83357400,28.976789
"2018-09-21",31.34,31.370001,30.969999,31.030001,85992100,28.828142
"2018-09-24",30.98,31.200001,30.66,30.74,45587700,28.558722
"2018-09-25",30.85,31.040001,30.6,30.67,40949900,28.493689
"2018-09-26",30.709999,30.74,30.059999,30.129999,57882400,27.992008
"2018-09-27",30.24,30.309999,29.93,29.940001,45879700,27.815489
"2018-09-28",29.65,29.85,29.42,29.459999,74707600,27.369547
"2018-10-01",29.68,29.940001,29.540001,29.65,53900900,27.546066
"2018-10-02",29.58,29.719999,29.27,29.58,42940300,27.481035
"2018-10-03",29.809999,30.18,29.719999,30,61080300,27.871237
"2018-10-04",30.17,30.790001,30.139999,30.43,72325700,28.270721
"2018-10-05",30.6,30.65,30.049999,30.23,51931000,28.084911
"2018-10-08",30.049999,30.42,29.91,30.27,47471600,28.122076
"2018-10-09",30.030001,30.190001,29.870001,29.98,58868600,27.852655
"2018-10-10",29.98,30.129999,29.209999,29.24,88454400,27.165161
"2018-10-11",28.889999,29.25,28.26,28.360001,111417300,26.347607
"2018-10-12",28.99,29.040001,27.73,28.459999,102279200,26.44051
"2018-10-15",28.49,28.620001,27.639999,27.92,114636100,25.938828
"2018-10-16",28.24,28.58,27.9,28.530001,87887800,26.505543
"2018-10-17",28.370001,29.190001,28.16,28.9,79068700,26.849289
"2018-10-18",28.67,28.9,28.139999,28.25,77369200,26.245409
"2018-10-19",28.139999,28.52,27.969999,28.32,64305400,26.310442
"2018-10-22",28.32,28.35,27.309999,27.379999,89942900,25.437145
"2018-10-23",26.389999,27.200001,26.110001,27.02,102392500,25.10269
"2018-10-24",26.860001,26.9,26.08,26.190001,86386600,24.331587
"2018-10-25",26.379999,26.93,26.18,26.59,73780400,24.703203
"2018-10-26",26.33,26.58,25.879999,26.389999,91103500,24.517395
"2018-10-29",26.690001,27.18,26.290001,26.610001,89367000,24.721781
"2018-10-30",26.76,26.860001,26.32,26.780001,79004800,24.879723
"2018-10-31",27.1,27.879999,27.059999,27.5,92296300,25.548628
"2018-11-01",27.77,28,27.610001,27.809999,49827300,25.836634
"2018-11-02",28.01,28.379999,27.52,27.889999,69010200,25.910955
"2018-11-05",27.950001,28.24,27.889999,28.059999,41103100,26.068892
"2018-11-06",28.02,28.25,27.74,28.209999,43514400,26.208248
"2018-11-07",28.42,28.67,28.139999,28.540001,56679200,26.514837
"2018-11-08",28.5,29.120001,28.43,28.870001,49421200,26.821421
"2018-11-09",28.75,28.889999,28.379999,28.52,43270600,26.496254
"2018-11-12",28.379999,28.52,27.639999,27.75,50307500,25.78089
"2018-11-13",27.75,28.139999,27.690001,27.76,57423400,25.790182
"2018-11-14",27.950001,28.1,26.780001,27.209999,69213300,25.279211
"2018-11-15",27.139999,27.969999,26.879999,27.9,66174800,25.920246
"2018-11-16",27.690001,27.889999,27.42,27.75,52456100,25.78089
"2018-11-19",27.780001,28.02,27.540001,27.75,4.6e+07,25.78089
"2018-11-20",27.42,27.57,26.969999,27.379999,92330600,25.437145
"2018-11-21",27.59,27.76,27.25,27.27,40364400,25.334953
"2018-11-23",27.08,27.17,26.879999,26.969999,22974100,25.056242
"2018-11-26",27.18,27.73,27.1,27.559999,53210700,25.604372
"2018-11-27",27.43,27.9,27.389999,27.74,43617100,25.771597
"2018-11-28",27.879999,28.469999,27.559999,28.43,61388100,26.412638
"2018-11-29",28.18,28.35,27.969999,28.040001,46824600,26.050314
"2018-11-30",27.940001,28.629999,27.870001,28.4,64284600,26.384768
"2018-12-03",28.99,29.040001,28.360001,28.540001,59908700,26.514837
"2018-12-04",28.32,28.32,26.73,26.99,103565700,25.07482
"2018-12-06",26.23,26.32,25.530001,26.280001,133294200,24.551647
"2018-12-07",26.15,26.540001,25.299999,25.43,107477600,23.757553
"2018-12-10",25.18,25.23,24.290001,24.76,110166900,23.131615
"2018-12-11",25.209999,25.4,24.530001,24.58,78545000,22.963453
"2018-12-12",24.870001,24.99,24.370001,24.52,87191800,22.907398
"2018-12-13",24.66,24.82,24.280001,24.4,64860100,22.79529
"2018-12-14",24.18,24.870001,24.120001,24.48,92762600,22.870029
"2018-12-17",24.26,24.93,24.16,24.469999,98602800,22.860683
"2018-12-18",24.67,25.09,24.309999,24.469999,89046300,22.860683
"2018-12-19",24.450001,25.24,24.07,24.18,121887600,22.589758
"2018-12-20",23.85,24.43,23.76,24.110001,112594000,22.524363
"2018-12-21",23.91,24.51,23.26,23.370001,160800400,21.833033
"2018-12-24",22.76,23.209999,22.66,22.73,64859100,21.235117
"2018-12-26",22.91,24.18,22.690001,24.110001,100877800,22.524363
"2018-12-27",23.780001,24.370001,23.389999,24.370001,91575400,22.767263
"2018-12-28",24.59,24.75,24.26,24.389999,78693800,22.785948
"2018-12-31",24.57,24.969999,24.370001,24.639999,56257300,23.019506
"2019-01-02",24.08,25.139999,24.01,24.959999,71836300,23.31846
"2019-01-03",24.940001,25.040001,24.450001,24.559999,66599600,22.944765
"2019-01-04",25.1,25.65,25.030001,25.58,83829100,23.897684
"2019-01-07",25.559999,25.780001,25.290001,25.559999,57016300,23.879004
"2019-01-08",25.719999,25.790001,25.09,25.51,67339400,23.832289
"2019-01-09",25.67,25.85,25.389999,25.76,69707200,24.065847
"2019-01-10",25.559999,25.780001,25.42,25.73,65235800,24.037819
"2019-01-11",25.530001,26.040001,25.459999,26.030001,63476000,24.318092
"2019-01-14",25.77,26.48,25.610001,26.370001,76715400,24.635731
"2019-01-15",26.209999,26.809999,26.049999,26.549999,80625500,24.80389
"2019-01-16",28.129999,28.719999,27.860001,28.450001,163131700,26.578936
"2019-01-17",28.34,29,28.09,28.99,107428800,27.083422
"2019-01-18",29.02,29.459999,28.709999,29.299999,97928200,27.373032
"2019-01-22",28.98,29.299999,28.889999,29.09,84861400,27.176846
"2019-01-23",29.219999,29.280001,28.620001,28.92,79425900,27.018023
"2019-01-24",28.75,29.200001,28.74,29.08,59492300,27.1675
"2019-01-25",29.280001,29.719999,29.139999,29.58,72182100,27.634617
"2019-01-28",29.32,29.67,29.290001,29.629999,59963800,27.681332
"2019-01-29",29.540001,29.700001,29.34,29.389999,51451900,27.457113
"2019-01-30",29.42,29.469999,28.950001,29.07,66475800,27.158155
"2019-01-31",28.75,28.84,27.98,28.469999,100201200,26.597616
"2019-02-01",28.6,28.84,28.309999,28.379999,64244100,26.51354
"2019-02-04",28.469999,28.969999,28.42,28.879999,55195900,26.980656
"2019-02-05",28.85,28.879999,28.57,28.780001,46622600,26.887232
"2019-02-06",28.67,28.9,28.540001,28.73,35606900,26.840521
"2019-02-07",28.540001,28.639999,27.9,28.24,62289200,26.382744
"2019-02-08",28.15,28.32,27.860001,28.290001,50031300,26.429457
"2019-02-11",28.34,28.459999,28.209999,28.41,47724400,26.541565
"2019-02-12",28.620001,28.860001,28.58,28.690001,49178100,26.803152
"2019-02-13",28.870001,28.99,28.66,28.700001,48951200,26.812492
"2019-02-14",28.360001,28.620001,28.110001,28.389999,47756600,26.522879
"2019-02-15",28.76,29.309999,28.67,29.110001,65867000,27.195532
"2019-02-19",28.93,29.26,28.75,29.129999,40841300,27.214212
"2019-02-20",29.1,29.450001,29.01,29.41,42806300,27.475798
"2019-02-21",29.33,29.450001,29.110001,29.290001,42754100,27.363689
"2019-02-22",29.049999,29.27,28.959999,29.08,47887800,27.1675
"2019-02-25",29.120001,29.59,29.120001,29.27,61227400,27.345007
"2019-02-26",29.02,29.629999,28.959999,29.290001,53153200,27.363689
"2019-02-27",29.299999,29.67,29.209999,29.530001,48128600,27.587908
"2019-02-28",29.5,29.549999,29.01,29.08,62358100,27.306206
"2019-03-01",29.33,29.65,29.209999,29.309999,45771500,27.522181
"2019-03-04",29.33,29.540001,28.77,29.030001,56893200,27.259256
"2019-03-05",29.02,29.190001,28.700001,29.08,39932500,27.306206
"2019-03-06",29.01,29.16,28.799999,28.84,41672000,27.080847
"2019-03-07",28.67,28.719999,28.26,28.549999,53908600,26.808537
"2019-03-08",28.059999,28.67,28.01,28.65,40860700,26.902433
"2019-03-11",28.700001,29.059999,28.700001,28.940001,40709300,27.174746
"2019-03-12",29,29.120001,28.889999,28.940001,34450000,27.174746
"2019-03-13",29.049999,29.51,28.98,29.290001,54683300,27.503397
"2019-03-14",29.309999,29.639999,29.24,29.459999,45219100,27.663025
"2019-03-15",29.440001,29.610001,29.26,29.299999,82346200,27.512783
"2019-03-18",29.379999,29.959999,29.33,29.82,58568600,28.001068
"2019-03-19",30.01,30.139999,29.540001,29.65,55455100,27.841436
"2019-03-20",29.620001,29.66,28.6,28.639999,81689900,26.893044
"2019-03-21",28.450001,28.6,28.040001,28.18,77444400,26.461103
"2019-03-22",27.91,28.07,26.709999,27.01,118851600,25.362469
"2019-03-25",26.91,27.379999,26.610001,26.84,65568000,25.202837
"2019-03-26",27.15,27.35,26.879999,27.209999,59878500,25.550266
"2019-03-27",27.09,27.370001,26.950001,27.030001,57621700,25.38125
"2019-03-28",27.200001,27.41,27.02,27.33,45872300,25.662949
"2019-03-29",27.549999,27.68,27.299999,27.59,83446300,25.907091
"2019-04-01",27.9,28.74,27.85,28.540001,91751100,26.799145
"2019-04-02",28.469999,28.870001,28.35,28.870001,66694000,27.109015
"2019-04-03",29.07,29.24,28.700001,28.84,63110600,27.080847
"2019-04-04",28.85,29.309999,28.84,29.15,53712100,27.371933
"2019-04-05",29.32,29.5,28.98,29.08,46383400,27.306206
"2019-04-08",28.889999,29.200001,28.870001,29.17,35272800,27.390713
"2019-04-09",29,29.07,28.74,28.889999,40535300,27.127794
"2019-04-10",28.9,29.15,28.75,29.07,42669700,27.296816
"2019-04-11",29.25,29.49,28.99,29.07,50440100,27.296816
"2019-04-12",29.559999,30.219999,29.559999,30.17,100192000,28.329718
"2019-04-15",30.1,30.139999,29.66,29.84,57438800,28.019848
"2019-04-16",29.299999,30.049999,29,29.879999,105168400,28.057405
"2019-04-17",29.83,30.120001,29.459999,30.030001,94831600,28.198257
"2019-04-18",29.950001,30.16,29.82,30.030001,61796600,28.198257
"2019-04-22",29.93,30.1,29.780001,30.049999,34763400,28.217035
"2019-04-23",29.99,30.209999,29.92,30.07,41889700,28.235819
"2019-04-24",29.950001,30.17,29.85,30.02,40078100,28.188868
"2019-04-25",29.91,30.32,29.9,30.08,43243800,28.245211
"2019-04-26",30.17,30.389999,30.049999,30.35,40627500,28.498739
"2019-04-29",30.43,31.17,30.41,30.77,68408600,28.893122
"2019-04-30",30.799999,30.879999,30.41,30.58,47764200,28.714706
"2019-05-01",30.559999,30.889999,30.18,30.26,56161000,28.414228
"2019-05-02",30.26,30.559999,30.15,30.5,40634100,28.639589
"2019-05-03",30.66,30.799999,30.5,30.709999,35256100,28.836779
"2019-05-06",30.110001,30.610001,30.07,30.469999,39882000,28.611423
"2019-05-07",30.16,30.17,29.629999,29.92,58528400,28.094967
"2019-05-08",29.73,30.110001,29.67,29.799999,39903400,27.982288
"2019-05-09",29.42,29.780001,29.280001,29.709999,44173500,27.897779
"2019-05-10",29.459999,29.709999,29.190001,29.58,59649900,27.775705
"2019-05-13",28.959999,29,28.049999,28.25,72547000,26.526836
"2019-05-14",28.360001,28.99,28.209999,28.620001,52216100,26.874262
"2019-05-15",28.1,28.49,28.01,28.290001,51973200,26.564392
"2019-05-16",28.459999,28.83,28.43,28.59,42791500,26.846096
"2019-05-17",28.25,28.639999,28.219999,28.4,43772500,26.667683
"2019-05-20",28.4,28.52,28.24,28.4,41717600,26.667683
"2019-05-21",28.57,28.75,28.450001,28.690001,39258700,26.939995
"2019-05-22",28.51,28.629999,28.35,28.49,29177600,26.752193
"2019-05-23",28.129999,28.200001,27.5,27.76,59772900,26.066723
"2019-05-24",27.93,28.26,27.860001,28.18,35524400,26.461103
"2019-05-28",28.049999,28.25,27.879999,27.9,44273400,26.198179
"2019-05-29",27.530001,27.85,27.379999,27.75,49818900,26.057331
"2019-05-30",27.77,27.93,26.98,27.16,58649300,25.503319
"2019-05-31",26.5,26.870001,26.48,26.6,68304200,24.977476
"2019-06-03",26.59,26.99,26.4,26.68,50109900,25.052595
"2019-06-04",27.18,27.950001,27.139999,27.92,58426400,26.216963
"2019-06-05",27.84,28.01,27.459999,27.91,44874400,26.207573
"2019-06-06",27.76,28.040001,27.540001,27.879999,38633600,26.320862
"2019-06-07",27.75,27.790001,27.42,27.530001,51317200,25.990437
"2019-06-10",27.860001,28.469999,27.84,28.07,48305800,26.500237
"2019-06-11",28.379999,28.700001,28.139999,28.24,38691800,26.66073
"2019-06-12",28.200001,28.27,27.860001,27.950001,33528900,26.386946
"2019-06-13",27.969999,28.16,27.809999,27.940001,33404200,26.377506
"2019-06-14",27.91,28.17,27.780001,28.040001,37322100,26.471914
"2019-06-17",28.01,28.219999,27.790001,27.93,33410100,26.368067
"2019-06-18",28.02,28.799999,27.83,28.620001,60170700,27.019478
"2019-06-19",28.700001,28.969999,28.299999,28.32,61953500,26.736254
"2019-06-20",28.59,28.610001,27.85,28.27,60887200,26.689051
"2019-06-21",28.190001,28.549999,28.08,28.120001,69444000,26.547443
"2019-06-24",28.08,28.379999,27.889999,27.98,40046400,26.415268
"2019-06-25",28.02,28.02,27.379999,27.76,46901300,26.207575
"2019-06-26",27.940001,28.18,27.85,27.91,42312300,26.349182
"2019-06-27",28.08,28.32,28.059999,28.209999,35575600,26.632406
"2019-06-28",29.01,29.27,28.73,29,101856900,27.378227
"2019-07-01",29.48,29.85,29.25,29.42,48029900,27.77474
"2019-07-02",29.34,29.43,28.93,29.15,32263500,27.519838
"2019-07-03",29.190001,29.24,28.93,29.049999,26642300,27.42543
"2019-07-05",29.360001,29.57,29.15,29.26,33092000,27.623686
"2019-07-08",29.01,29.299999,28.940001,29.200001,30924400,27.567045
"2019-07-09",28.969999,29.42,28.940001,29.35,28750100,27.708656
"2019-07-10",29.17,29.4,28.959999,29.02,40574800,27.397114
"2019-07-11",29.1,29.5,29.030001,29.360001,37376800,27.718096
"2019-07-12",29.440001,29.530001,29.360001,29.450001,29632900,27.803062
"2019-07-15",29.5,29.530001,29.08,29.219999,46462100,27.585922
"2019-07-16",29.17,29.200001,28.860001,28.99,54920400,27.368784
"2019-07-17",29.1,29.620001,29,29.190001,84958300,27.557602
"2019-07-18",29.280001,29.58,29.18,29.48,49468800,27.831381
"2019-07-19",29.540001,29.610001,29.379999,29.4,44863200,27.755857
"2019-07-22",29.290001,29.610001,29.280001,29.57,31224300,27.916351
"2019-07-23",29.75,30.280001,29.700001,30.25,64030300,28.558325
"2019-07-24",30.07,30.75,30.040001,30.67,53171900,28.954834
"2019-07-25",30.74,30.889999,30.209999,30.34,43251900,28.64329
"2019-07-26",30.57,30.99,30.42,30.77,46978800,29.049244
"2019-07-29",30.719999,30.85,30.49,30.52,39176700,28.813223
"2019-07-30",30.209999,30.9,30.15,30.889999,37598300,29.162533
"2019-07-31",30.83,31.059999,30.59,30.68,60607600,28.964277
"2019-08-01",30.549999,31.07,29.360001,29.49,76913400,27.840824
"2019-08-02",29.360001,29.5,28.91,29.379999,57492300,27.736975
"2019-08-05",28.530001,28.639999,27.709999,28.08,96207700,26.509676
"2019-08-06",28.41,28.49,27.690001,28.42,65115800,26.830662
"2019-08-07",27.610001,27.93,27.120001,27.889999,75388500,26.330303
"2019-08-08",28.110001,28.49,28.07,28.379999,53141900,26.792896
"2019-08-09",28.27,28.52,27.969999,28.33,53499600,26.745695
"2019-08-12",27.83,27.85,27.459999,27.639999,55674700,26.094282
"2019-08-13",27.57,28.25,27.379999,27.719999,69919200,26.169804
"2019-08-14",26.940001,27.08,26.280001,26.42,106591700,24.942511
"2019-08-15",26.58,26.83,26.209999,26.25,70192000,24.782017
"2019-08-16",26.530001,27.120001,26.440001,27.030001,70841700,25.518396
"2019-08-19",27.639999,27.700001,27.139999,27.27,44964800,25.744976
"2019-08-20",27.02,27.059999,26.700001,26.719999,47665000,25.225731
"2019-08-21",26.93,27.08,26.790001,26.93,47785400,25.423988
"2019-08-22",27.09,27.299999,26.959999,27.190001,49353700,25.669447
"2019-08-23",26.950001,27.219999,26.26,26.469999,81880700,24.989714
"2019-08-26",26.700001,26.799999,26.49,26.780001,41499100,25.282379
"2019-08-27",26.860001,26.9,26.280001,26.469999,52517000,24.989714
"2019-08-28",26.219999,27.08,26.209999,26.85,45897900,25.348461
"2019-08-29",27,27.450001,26.92,27.33,55432900,25.801619
"2019-08-30",27.5,27.690001,27.35,27.51,41326200,25.971556
"2019-09-03",27.209999,27.23,26.610001,27.049999,50743100,25.537279
"2019-09-04",27.32,27.58,27.16,27.49,40862500,25.952673
"2019-09-05",27.85,28.43,27.799999,28.120001,63413700,26.722416
"2019-09-06",28.02,28.09,27.57,27.73,56054100,26.351795
"2019-09-09",28,28.85,27.969999,28.629999,68629300,27.207066
"2019-09-10",28.889999,29.35,28.809999,29.35,71066200,27.891285
"2019-09-11",29.370001,29.469999,28.9,29.459999,53982200,27.995811
"2019-09-12",29.219999,29.799999,28.91,29.67,72943900,28.195377
"2019-09-13",30,30.32,29.870001,30.17,79657000,28.670527
"2019-09-16",29.68,30.17,29.639999,30.129999,43391300,28.632511
"2019-09-17",29.85,30.02,29.59,29.940001,48284900,28.451956
"2019-09-18",29.77,30.15,29.549999,30,66640400,28.508974
"2019-09-19",30,30.1,29.75,29.82,43035700,28.337921
"2019-09-20",29.969999,30.129999,29.57,29.59,167269000,28.119354
"2019-09-23",29.309999,29.620001,29.17,29.52,52048300,28.05283
"2019-09-24",29.6,29.639999,28.74,28.940001,64806900,27.501659
"2019-09-25",28.780001,29.41,28.780001,29.25,45807700,27.796255
"2019-09-26",29.209999,29.33,29.049999,29.129999,33198100,27.682213
"2019-09-27",29.41,29.709999,29.209999,29.35,41336600,27.891285
"2019-09-30",29.49,29.52,29.08,29.17,39191000,27.720222
"2019-10-01",29.440001,29.51,28.41,28.440001,49434400,27.026508
"2019-10-02",28.200001,28.299999,27.809999,27.84,52293100,26.456329
"2019-10-03",27.76,27.879999,27.16,27.809999,53015800,26.42782
"2019-10-04",27.85,28.4,27.84,28.370001,42641800,26.959988
"2019-10-07",28.33,28.620001,28.18,28.309999,36742400,26.902969
"2019-10-08",27.870001,27.92,27.459999,27.629999,58201100,26.256767
"2019-10-09",27.83,28.07,27.75,27.889999,37511400,26.503845
"2019-10-10",28.040001,28.75,28.040001,28.450001,48239300,27.036011
"2019-10-11",28.99,29.34,28.860001,28.91,70008600,27.473148
"2019-10-14",28.74,29.16,28.73,29.139999,36040100,27.691715
"2019-10-15",29.34,30.24,29.110001,29.73,78656000,28.252396
"2019-10-16",30.370001,30.719999,30.15,30.17,87131700,28.670527
"2019-10-17",30.299999,30.540001,30,30.26,55575900,28.756052
"2019-10-18",30.129999,30.49,30.1,30.35,48872900,28.841581
"2019-10-21",30.67,31.15,30.629999,31.02,61087400,29.478281
"2019-10-22",30.969999,31.370001,30.75,31.200001,58662100,29.649336
"2019-10-23",31.129999,31.440001,31.09,31.42,47771200,29.858398
"2019-10-24",31.450001,31.52,31.200001,31.360001,39491000,29.801382
"2019-10-25",31.360001,31.85,31.34,31.719999,43702000,30.143488
"2019-10-28",31.969999,32.23,31.74,31.84,58790300,30.257526
"2019-10-29",31.940001,32.139999,31.809999,32.07,48266600,30.476093
"2019-10-30",32.009998,32.009998,31.530001,31.620001,45262400,30.04846
"2019-10-31",31.41,31.620001,30.82,31.27,49430900,29.715857
"2019-11-01",31.700001,31.84,31.370001,31.799999,41985300,30.219511
"2019-11-04",32.240002,32.5,32.099998,32.400002,54228600,30.789696
"2019-11-05",32.509998,33.09,32.5,32.82,68785600,31.18882
"2019-11-06",32.759998,33.060001,32.669998,32.790001,47524500,31.160311
"2019-11-07",33.110001,33.599998,33.009998,33.23,68310700,31.578444
"2019-11-08",33.07,33.27,32.93,33.259998,38724000,31.606951
"2019-11-11",33.029999,33.25,32.970001,33.18,27784000,31.530926
"2019-11-12",33.130001,33.32,32.990002,33.09,37282200,31.445402
"2019-11-13",32.720001,32.889999,32.48,32.790001,48887800,31.160311
"2019-11-14",32.689999,32.860001,32.490002,32.700001,35554600,31.074785
"2019-11-15",32.919998,32.959999,32.700001,32.93,36398300,31.293356
"2019-11-18",32.860001,33.029999,32.75,32.959999,31133700,31.321865
"2019-11-19",33.119999,33.150002,32.82,32.939999,33183700,31.302856
"2019-11-20",32.790001,32.830002,32.419998,32.689999,43612200,31.065279
"2019-11-21",32.779999,33.040001,32.630001,32.84,42787600,31.207827
"2019-11-22",32.959999,33.32,32.939999,33.18,38783900,31.530926
"2019-11-25",33.330002,33.509998,33.259998,33.470001,50238800,31.806515
"2019-11-26",33.380001,33.400002,33.119999,33.349998,50626600,31.69248
"2019-11-27",33.490002,33.599998,33.310001,33.419998,32097700,31.758995
"2019-11-29",33.369999,33.52,33.240002,33.32,19503400,31.663971
"2019-12-02",33.450001,33.75,33.34,33.43,47158800,31.768496
"2019-12-03",32.869999,32.900002,32.549999,32.84,58745100,31.207827
"2019-12-04",33.080002,33.299999,32.849998,33.150002,46637900,31.502419
"2019-12-05",33.16,33.220001,33,33.09,38304500,31.617079
"2019-12-06",33.68,33.799999,33.57,33.669998,50908500,32.171261
"2019-12-09",33.5,33.700001,33.439999,33.509998,32974500,32.018375
"2019-12-10",33.400002,33.630001,33.299999,33.529999,41960100,32.037491
"2019-12-11",33.48,33.759998,33.48,33.639999,43107800,32.142597
"2019-12-12",33.779999,34.810001,33.68,34.68,64942500,33.136307
"2019-12-13",34.689999,34.959999,34.349998,34.439999,48539600,32.906982
"2019-12-16",34.950001,35.09,34.700001,34.700001,50777100,33.155415
"2019-12-17",34.849998,35.27,34.740002,35.040001,50840500,33.480278
"2019-12-18",35.110001,35.27,35.049999,35.110001,48757900,33.547165
"2019-12-19",35.150002,35.23,34.889999,34.950001,45409500,33.394283
"2019-12-20",35.240002,35.240002,34.91,34.959999,109395500,33.403835
"2019-12-23",35.040001,35.189999,34.950001,35.169998,33995400,33.604485
"2019-12-24",35.189999,35.279999,35.119999,35.220001,13805400,33.652264
"2019-12-26",35.32,35.560001,35.290001,35.52,26992100,33.938911
"2019-12-27",35.700001,35.720001,35.259998,35.349998,28111300,33.776474
"2019-12-30",35.57,35.650002,35.09,35.150002,30705100,33.585388
"2019-12-31",35.029999,35.259998,34.970001,35.220001,29630100,33.652264
"2020-01-02",35.349998,35.66,35.290001,35.639999,37614200,34.053566
"2020-01-03",34.98,35.150002,34.759998,34.900002,50357900,33.346508
"2020-01-06",34.41,34.900002,34.369999,34.849998,42185000,33.298737
"2020-01-07",34.700001,34.919998,34.529999,34.619999,34149000,33.078972
"2020-01-08",34.57,35.189999,34.549999,34.970001,45311600,33.413391
"2020-01-09",35.299999,35.330002,34.939999,35.029999,39861600,33.470718
"2020-01-10",35,35.07,34.66,34.740002,39730400,33.193634
"2020-01-13",34.84,35.07,34.66,35.060001,37956100,33.499386
"2020-01-14",35.299999,35.669998,35.110001,35.32,66719300,33.747814
"2020-01-15",34.77,34.790001,34.34,34.669998,74745500,33.126747
"2020-01-16",34.900002,34.990002,34.599998,34.720001,50368500,33.174522
"2020-01-17",34.919998,34.950001,34.599998,34.709999,54156100,33.164967
"2020-01-21",34.419998,34.52,34.220001,34.259998,50811000,32.734993
"2020-01-22",34.369999,34.450001,34.23,34.360001,38879700,32.830544
"2020-01-23",34.09,34.259998,33.73,34.119999,45717100,32.601227
"2020-01-24",34.119999,34.139999,33.27,33.540001,47797200,32.047047
"2020-01-27",32.57,33.130001,32.470001,32.849998,57096200,31.387754
"2020-01-28",33.02,33.490002,32.950001,33.240002,38834600,31.760401
"2020-01-29",33.330002,33.439999,32.98,33.009998,37414700,31.540638
"2020-01-30",32.700001,33.52,32.669998,33.48,50542800,31.989714
"2020-01-31",33.07,33.169998,32.650002,32.830002,54845300,31.368654
"2020-02-03",33,33.400002,32.919998,32.970001,48485500,31.502422
"2020-02-04",33.560001,33.900002,33.529999,33.619999,45061600,32.123486
"2020-02-05",34.099998,34.810001,34.07,34.709999,54604800,33.164967
"2020-02-06",34.939999,35.009998,34.599998,34.669998,39511500,33.126747
"2020-02-07",34.32,34.66,34.240002,34.610001,31263000,33.06942
"2020-02-10",34.439999,34.689999,34.380001,34.689999,24373800,33.145863
"2020-02-11",34.849998,35.040001,34.759998,34.77,32476300,33.222294
"2020-02-12",35.080002,35.450001,34.779999,34.919998,36656700,33.365612
"2020-02-13",34.759998,35.029999,34.549999,34.91,31775100,33.356064
"2020-02-14",34.880001,34.959999,34.700001,34.849998,26447700,33.298737
"2020-02-18",34.77,34.830002,34.009998,34.27,40318000,32.744553
"2020-02-19",34.450001,34.849998,34.41,34.720001,29632100,33.174522
"2020-02-20",34.459999,35.080002,34.459999,34.849998,42604100,33.298737
"2020-02-21",34.529999,34.639999,34.139999,34.360001,46675500,32.830544
"2020-02-24",33.18,33.209999,32.52,32.73,79159600,31.273102
"2020-02-25",32.689999,32.759998,30.84,31.08,91586800,29.696547
"2020-02-26",31.389999,31.6,30.559999,30.629999,80012800,29.266577
"2020-02-27",29.549999,30.299999,28.91,29.129999,121148300,27.833345
"2020-02-28",28,28.75,27.700001,28.5,171198800,27.23139
"2020-03-02",28.35,29.379999,27.440001,29.370001,147776300,28.062668
"2020-03-03",29.370001,29.75,27.620001,27.75,138698500,26.514774
"2020-03-04",28.25,28.42,27.4,28.389999,111239800,27.126282
"2020-03-05",27.24,27.35,26.4,26.780001,110878700,25.751221
"2020-03-06",25.469999,26.209999,25.1,25.709999,119121200,24.722326
"2020-03-09",22.23,23.49,21.51,21.93,145196000,21.087538
"2020-03-10",23.25,23.68,21.59,23.610001,134863600,22.702999
"2020-03-11",22.84,23.959999,22.26,22.67,127347000,21.79911
"2020-03-12",20.59,22.870001,20.15,20.51,139552600,19.722086
"2020-03-13",22.190001,24.25,21.48,24.16,128357400,23.231871
"2020-03-16",19.85,21.73,19.58,20.440001,121688800,19.654776
"2020-03-17",21.059999,22.690001,20.030001,21.98,120065700,21.135618
"2020-03-18",20.27,20.969999,19.700001,20.790001,148272500,19.991335
"2020-03-19",20.26,21.75,19,21.200001,122461300,20.385582
"2020-03-20",21.76,21.84,19.559999,19.67,150910400,18.91436
"2020-03-23",19.26,19.67,17.950001,18.08,181898500,17.385441
"2020-03-24",19.42,21.15,19.01,21.030001,147882400,20.222113
"2020-03-25",21.709999,22.1,20.41,21.1,146991300,20.289423
"2020-03-26",21.309999,22.950001,21.17,22.719999,116111400,21.847189
"2020-03-27",21.68,22.200001,21.1,21.6,91522800,20.770212
"2020-03-30",21.65,22.35,21.27,22.040001,80449100,21.193312
"2020-03-31",21.82,22.49,20.959999,21.23,95213700,20.414429
"2020-04-01",19.93,20.35,19.51,19.77,83961300,19.010517
"2020-04-02",19.65,20.790001,19.59,20.57,70007400,19.779783
"2020-04-03",20.4,20.74,19.68,20.030001,68293500,19.26053
"2020-04-06",21.030001,21.6,20.809999,21.389999,97766200,20.568283
"2020-04-07",22.799999,22.879999,21.85,22.139999,94560300,21.289471
"2020-04-08",22.41,23.6,22.41,23.450001,81212300,22.549147
"2020-04-09",24.07,25.32,24.049999,24.860001,125275700,23.904982
"2020-04-13",24.780001,24.85,23.780001,23.92,83164700,23.001091
"2020-04-14",24.5,24.65,23.1,23.73,88991100,22.818392
"2020-04-15",22.16,22.65,21.91,22.190001,99082200,21.337549
"2020-04-16",22.15,22.209999,21.09,21.42,89213300,20.59713
"2020-04-17",22.34,23.4,22.309999,23.280001,92800300,22.385675
"2020-04-20",22.57,23.129999,22.18,22.5,74446300,21.635641
"2020-04-21",21.9,22.370001,21.5,21.639999,78871300,20.808676
"2020-04-22",22.16,22.23,21.75,21.799999,49669500,20.962532
"2020-04-23",21.959999,22.389999,21.85,21.870001,50614800,21.029844
"2020-04-24",22.110001,22.299999,21.67,22.18,47633500,21.327934
"2020-04-27",22.52,23.65,22.450001,23.469999,66916700,22.568377
"2020-04-28",24.450001,24.809999,23.85,23.889999,65504900,22.972242
"2020-04-29",24.91,25.110001,24.51,24.780001,73493900,23.828053
"2020-04-30",24.209999,24.379999,23.85,24.049999,55244100,23.126097
"2020-05-01",23.379999,23.459999,22.809999,23.08,51772600,22.193357
"2020-05-04",22.700001,22.99,22.43,22.93,45886100,22.049124
"2020-05-05",23.48,23.52,22.620001,22.66,45691900,21.789495
"2020-05-06",23,23.08,22.23,22.35,53874600,21.491402
"2020-05-07",22.66,23.370001,22.610001,22.84,51884300,21.96258
"2020-05-08",23.469999,23.620001,23.25,23.57,45181000,22.664534
"2020-05-11",23.110001,23.120001,22.559999,22.58,68951800,21.712568
"2020-05-12",22.709999,22.82,21.85,21.870001,69588700,21.029844
"2020-05-13",21.66,21.75,20.719999,20.870001,112113400,20.06826
"2020-05-14",20.290001,21.790001,20.1,21.709999,88359100,20.875988
"2020-05-15",21.4,21.700001,21.23,21.440001,64484000,20.616364
"2020-05-18",22.42,23.059999,22.07,22.93,86589400,22.049124
"2020-05-19",22.66,23,22.190001,22.209999,62179000,21.356781
"2020-05-20",22.68,23,22.639999,22.91,59789500,22.02989
"2020-05-21",22.809999,23.27,22.780001,22.9,57726000,22.020275
"2020-05-22",22.93,22.950001,22.459999,22.66,48107000,21.789495
"2020-05-26",23.75,24.6,23.700001,24.280001,119485500,23.347263
"2020-05-27",26.07,26.17,24.969999,25.98,117672700,24.981955
"2020-05-28",26.08,26.139999,24.790001,24.860001,84340800,23.904982
"2020-05-29",24.42,24.91,24.059999,24.120001,113811100,23.193409
"2020-06-01",24.280001,24.870001,24.049999,24.610001,58375500,23.664583
"2020-06-02",24.959999,25.389999,24.559999,24.84,71118100,23.885748
"2020-06-03",25.5,26.139999,25.389999,25.99,86744600,24.991573
"2020-06-04",25.709999,26.83,25.57,26.780001,94545300,25.930811
"2020-06-05",28.950001,29.01,27.879999,28.110001,118767900,27.218637
"2020-06-08",28.59,28.9,28.139999,28.540001,79598500,27.635004
"2020-06-09",27.719999,28.540001,27.549999,28.219999,77773400,27.325148
"2020-06-10",27.969999,28.1,26.51,26.6,90415300,25.756519
"2020-06-11",24.98,25.690001,23.68,23.93,149875500,23.171185
"2020-06-12",25.030001,25.049999,24.040001,24.780001,73729700,23.99423
"2020-06-15",23.76,25.17,23.690001,25.15,76538900,24.352499
"2020-06-16",26.18,26.24,24.860001,25.799999,96796500,24.981888
"2020-06-17",25.9,25.9,24.92,25,58349500,24.207254
"2020-06-18",24.700001,25.49,24.58,25.040001,53419000,24.245987
"2020-06-19",25.440001,25.49,24.49,25.25,127563600,24.449329
"2020-06-22",24.889999,25.030001,24.610001,24.620001,55484300,23.839306
"2020-06-23",25.01,25.41,24.76,24.790001,46108300,24.003914
"2020-06-24",24.540001,24.540001,23.68,23.809999,75437100,23.054989
"2020-06-25",23.700001,24.77,23.549999,24.719999,65031900,23.936132
"2020-06-26",24.09,24.110001,23.02,23.15,118139200,22.415918
"2020-06-29",23.41,23.84,23.1,23.389999,66269200,22.648308
"2020-06-30",23.200001,23.91,23.1,23.75,61716200,22.996893
"2020-07-01",24.030001,24.07,23.23,23.26,57379900,22.522429
"2020-07-02",23.84,23.99,23.219999,23.290001,56000200,22.551481
"2020-07-06",23.82,24.08,23.459999,23.66,59589000,22.909744
"2020-07-07",23.379999,23.389999,22.9,23.01,60645800,22.280357
"2020-07-08",23.030001,23.190001,22.700001,23.1,52922600,22.367502
"2020-07-09",22.940001,23.16,22.389999,22.77,79385900,22.047968
"2020-07-10",22.709999,24.049999,22.68,24.02,81142900,23.258331
"2020-07-13",24.370001,24.51,23.860001,24.190001,73598100,23.422941
"2020-07-14",23.889999,24.15,23.450001,24.139999,67423100,23.374521
"2020-07-15",24.76,24.870001,24.280001,24.6,57384400,23.819939
"2020-07-16",23.75,24.219999,23.540001,23.93,78067100,23.171185
"2020-07-17",23.879999,23.98,23.200001,23.219999,66659100,22.483696
"2020-07-20",23.190001,23.700001,23.110001,23.58,61114000,22.832281
"2020-07-21",23.709999,24.48,23.690001,24.42,75499300,23.645647
"2020-07-22",24.24,24.33,23.969999,24.309999,52193700,23.539135
"2020-07-23",24.52,24.639999,24.110001,24.540001,61047600,23.761843
"2020-07-24",24.559999,24.83,24.27,24.35,50217600,23.577868
"2020-07-27",24.219999,24.27,23.879999,24.139999,54721300,23.374521
"2020-07-28",24.129999,24.559999,24.08,24.360001,48406500,23.587551
"2020-07-29",24.360001,25.290001,24.190001,25.27,71393500,24.468693
"2020-07-30",24.719999,24.950001,24.35,24.84,61755900,24.05233
"2020-07-31",24.93,24.950001,24.459999,24.879999,61955800,24.091061
"2020-08-03",25.030001,25.309999,24.690001,24.99,58284000,24.197573
"2020-08-04",24.959999,25.059999,24.860001,25.01,37985300,24.21694
"2020-08-05",25.32,25.59,25.25,25.389999,51322600,24.584888
"2020-08-06",25.450001,25.67,25.280001,25.469999,51999700,24.66235
"2020-08-07",25.34,26.190001,25.26,26.110001,63354500,25.282055
"2020-08-10",26.309999,26.809999,26.209999,26.559999,64051100,25.717787
"2020-08-11",27.280001,27.75,26.780001,26.92,81441000,26.066372
"2020-08-12",27.48,27.57,26.41,26.73,61971300,25.882397
"2020-08-13",26.49,26.67,26.139999,26.35,55955500,25.514448
"2020-08-14",26.059999,26.66,25.92,26.469999,50931900,25.63064
"2020-08-17",26.309999,26.41,25.84,25.9,57518700,25.078714
"2020-08-18",25.870001,25.99,25.459999,25.530001,45850100,24.720449
"2020-08-19",25.66,26.08,25.389999,25.5,59856000,24.691399
"2020-08-20",25.16,25.33,25.02,25.1,49403700,24.304085
"2020-08-21",24.98,25.43,24.9,24.98,55010700,24.187887
"2020-08-24",25.219999,25.700001,25.040001,25.690001,54579500,24.875376
"2020-08-25",26.040001,26.190001,25.73,26,57304700,25.175545
"2020-08-26",25.940001,25.940001,25.540001,25.559999,39478000,24.749496
"2020-08-27",25.49,26.219999,25.440001,26.049999,52934800,25.223961
"2020-08-28",26.4,26.469999,25.99,26.299999,46466400,25.466028
"2020-08-31",26.09,26.139999,25.690001,25.74,49416200,24.923786
"2020-09-01",25.58,25.9,25.4,25.709999,46109200,24.894739
"2020-09-02",25.530001,26.16,25.49,26.02,57300900,25.19491
"2020-09-03",26.200001,26.620001,25.459999,25.66,86192500,25.019403
"2020-09-04",26.26,26.76,25.799999,26.540001,99621400,25.877434
"2020-09-08",26.139999,26.32,25.389999,25.48,74978600,24.843897
"2020-09-09",25.639999,25.719999,25.23,25.51,53822700,24.87315
"2020-09-10",25.700001,25.889999,25.08,25.139999,56609600,24.512384
"2020-09-11",25.219999,25.58,25.09,25.5,47708300,24.8634
"2020-09-14",25.67,25.99,25.540001,25.75,47802400,25.107159
"2020-09-15",25.77,25.83,25.190001,25.280001,63820200,24.648893
"2020-09-16",25.280001,25.91,25.049999,25.6,64598600,24.960901
"2020-09-17",25.129999,25.48,25.1,25.35,48862000,24.717144
"2020-09-18",25.15,25.58,25.1,25.209999,94055800,24.580637
"2020-09-21",24.57,24.780001,24.030001,24.469999,75218600,23.859112
"2020-09-22",24.27,24.6,23.809999,23.940001,68665300,23.342344
"2020-09-23",24.1,24.26,23.26,23.26,59950300,22.679321
"2020-09-24",23.379999,23.82,22.950001,23.34,53570700,22.757324
"2020-09-25",23.280001,23.549999,23.129999,23.49,42111300,22.903578
"2020-09-28",23.879999,24.309999,23.790001,24.09,47996900,23.4886
"2020-09-29",23.98,23.99,23.530001,23.77,45695200,23.176588
"2020-09-30",23.780001,24.32,23.77,24.09,56226100,23.4886
"2020-10-01",24.27,24.41,23.860001,24.1,44782200,23.49835
"2020-10-02",23.639999,24.43,23.57,24.209999,51682100,23.605602
"2020-10-05",24.52,24.709999,24.379999,24.620001,44396800,24.005367
"2020-10-06",24.92,25.190001,24.280001,24.370001,67541100,23.76161
"2020-10-07",24.629999,25.110001,24.6,24.879999,47648000,24.258877
"2020-10-08",24.950001,25.299999,24.809999,25.24,52080600,24.60989
"2020-10-09",25.34,25.49,25.040001,25.360001,44511500,24.726896
"2020-10-12",25.299999,25.83,25.24,25.68,48362900,25.038906
"2020-10-13",25.639999,25.68,24.84,24.950001,61186900,24.327131
"2020-10-14",24.35,24.59,23.59,23.620001,127409500,23.030334
"2020-10-15",23.59,24.200001,23.48,24.15,66832400,23.547104
"2020-10-16",24.200001,24.35,23.940001,24.24,58357700,23.634855
"2020-10-19",24.299999,24.32,23.690001,23.719999,51377900,23.127836
"2020-10-20",23.889999,24.48,23.879999,24.139999,62476400,23.53735
"2020-10-21",24.219999,24.34,24.01,24.049999,41564900,23.449598
"2020-10-22",24.049999,24.91,24,24.870001,55402000,24.249126
"2020-10-23",25.24,25.26,24.709999,24.9,51007400,24.278378
"2020-10-26",24.469999,24.58,24.15,24.540001,59450200,23.927366
"2020-10-27",24.290001,24.389999,23.809999,23.85,55009300,23.254591
"2020-10-28",23.41,23.66,23.120001,23.469999,81942500,22.884077
"2020-10-29",23.360001,23.75,23.120001,23.540001,57490400,22.952332
"2020-10-30",23.49,23.84,23.24,23.700001,66453400,23.108337
"2020-11-02",23.889999,24.26,23.469999,24.08,59756400,23.478849
"2020-11-03",24.58,24.940001,24.51,24.690001,65106200,24.07362
"2020-11-04",23.889999,24.139999,23.27,23.68,88845500,23.088835
"2020-11-05",23.9,24.790001,23.860001,24.610001,74722600,23.995621
"2020-11-06",24.93,24.959999,24.23,24.309999,55454500,23.703108
"2020-11-09",26.6,28.27,26.299999,27.76,178378800,27.066978
"2020-11-10",27.49,27.76,27.18,27.66,77694600,26.969475
"2020-11-11",27.75,27.77,27.120001,27.34,48360900,26.657463
"2020-11-12",26.84,26.9,26.309999,26.690001,67912600,26.023693
"2020-11-13",26.879999,27.209999,26.76,27,52421000,26.325953
"2020-11-16",27.860001,28,27.18,27.58,57396700,26.891472
"2020-11-17",27.25,27.6,27.01,27.549999,46402300,26.862221
"2020-11-18",27.629999,27.93,26.959999,26.98,54416700,26.306452
"2020-11-19",26.93,27.01,26.65,26.98,46423000,26.306452
"2020-11-20",26.74,26.950001,26.629999,26.809999,40538000,26.140692
"2020-11-23",27.110001,27.52,27.059999,27.389999,45421200,26.706215
"2020-11-24",27.93,28.99,27.92,28.98,80387800,28.256521
"2020-11-25",28.709999,29.040001,28.48,29.030001,57249900,28.305273
"2020-11-27",28.969999,29.1,28.809999,28.99,25971600,28.26627
"2020-11-30",28.719999,28.860001,28.1,28.16,63567900,27.456993
"2020-12-01",28.74,29.040001,28.67,28.690001,50255100,27.973763
"2020-12-02",28.690001,29.18,28.530001,29.059999,45257500,28.334526
"2020-12-03",28.940001,29.1,28.629999,28.91,54013700,28.363958
"2020-12-04",29.200001,29.43,29,29.290001,66188200,28.736782
"2020-12-07",28.9,29.15,28.690001,29.09,42197800,28.540558
"2020-12-08",28.860001,29.15,28.77,28.93,33869100,28.383579
"2020-12-09",29.25,29.25,28.75,28.799999,54886300,28.256035
"2020-12-10",28.629999,29.129999,28.469999,29.110001,58859600,28.560181
"2020-12-11",28.68,28.75,28.299999,28.57,40538400,28.03038
"2020-12-14",28.92,28.959999,28.139999,28.219999,40267100,27.686989
"2020-12-15",28.35,28.82,28.25,28.639999,43672700,28.099056
"2020-12-16",28.799999,28.82,28.440001,28.719999,42463200,28.177546
"2020-12-17",28.709999,28.92,28.530001,28.83,43182700,28.285469
"2020-12-18",28.889999,29.1,28.57,28.67,82817200,28.12849
"2020-12-21",29.1,29.99,28.73,29.74,93397400,29.17828
"2020-12-22",29.780001,29.780001,29.17,29.209999,39054300,28.658291
"2020-12-23",29.389999,30.35,29.33,30.049999,52537200,29.482424
"2020-12-24",30.27,30.27,29.74,29.959999,22632300,29.394123
"2020-12-28",30.23,30.549999,29.99,30.129999,32861200,29.560913
"2020-12-29",30.17,30.25,29.93,30.01,33291900,29.443182
"2020-12-30",30,30.219999,29.940001,29.98,26370100,29.413746
"2020-12-31",30.01,30.389999,29.9,30.309999,28716000,29.737513
"2021-01-04",30.459999,30.57,29.75,30.030001,51483900,29.462803
"2021-01-05",30.17,30.540001,29.91,30.26,48507000,29.688459
"2021-01-06",31.9,32.619999,31.360001,32.150002,107002800,31.542761
"2021-01-07",33.310001,33.619999,32.84,32.860001,74358500,32.239353
"2021-01-08",32.919998,33,32.110001,32.529999,44641400,31.915585
"2021-01-11",32.09,33.130001,31.9,33.07,51868200,32.445381
"2021-01-12",33.419998,33.970001,33.200001,33.66,68166200,33.024242
"2021-01-13",33.43,33.68,33.09,33.459999,43172800,32.828018
"2021-01-14",33.48,34.369999,33.419998,33.990002,48483500,33.348007
"2021-01-15",33.290001,33.630001,32.700001,33.009998,57684300,32.386513
"2021-01-19",32.5,33.599998,32.200001,32.77,78130200,32.151051
"2021-01-20",32.759998,32.790001,32.16,32.34,53920000,31.729176
"2021-01-21",32.34,32.48,31.73,31.77,49626600,31.169939
"2021-01-22",31.360001,31.75,31.25,31.549999,45314500,30.954094
"2021-01-25",31.27,31.299999,30.57,31.16,48078400,30.571461
"2021-01-26",31.4,31.43,30.91,30.940001,36373000,30.355616
"2021-01-27",30.309999,30.43,29.67,29.83,63809200,29.266582
"2021-01-28",30.42,30.75,29.92,30.32,51223300,29.747326
"2021-01-29",30.4,30.5,29.59,29.65,64019100,29.089979
"2021-02-01",29.870001,30.040001,29.57,29.959999,40985300,29.394123
"2021-02-02",30.58,31.200001,30.540001,31.030001,53527000,30.443916
"2021-02-03",30.91,31.73,30.879999,31.58,49404900,30.983526
"2021-02-04",31.799999,32.529999,31.780001,32.5,51751900,31.886148
"2021-02-05",32.889999,32.91,32.32,32.369999,42008800,31.758606
"2021-02-08",32.43,33.279999,32.400002,33.09,46014100,32.465012
"2021-02-09",32.970001,33.02,32.59,32.950001,35868600,32.327652
"2021-02-10",33.119999,33.419998,32.860001,32.98,45031900,32.357082
"2021-02-11",32.970001,33.310001,32.549999,32.880001,29479900,32.258972
"2021-02-12",33,33.450001,32.91,33.369999,37468300,32.739719
"2021-02-16",33.98,34.560001,33.700001,34.27,52802600,33.622719
"2021-02-17",34.040001,34.560001,33.790001,34.41,45455300,33.760078
"2021-02-18",34.060001,34.650002,34.02,34.189999,37541700,33.544231
"2021-02-19",34.200001,34.73,34.18,34.540001,54514100,33.887619
"2021-02-22",34.450001,35.25,34.41,35.150002,56783400,34.486099
"2021-02-23",35.419998,35.889999,35.139999,35.52,67440700,34.849106
"2021-02-24",35.740002,36.52,35.599998,36.380001,58139500,35.692871
"2021-02-25",36.959999,37.029999,35.759998,35.93,74762000,35.251369
"2021-02-26",35.73,36.029999,34.68,34.709999,70933300,34.054409
"2021-03-01",35.52,36.049999,35.240002,35.790001,45901700,35.11401
"2021-03-02",35.650002,35.939999,35.5,35.529999,41167400,34.858921
"2021-03-03",35.970001,36.970001,35.84,36.419998,66047000,35.732109
"2021-03-04",36.139999,36.869999,35.919998,36.5,96512800,35.988468
"2021-03-05",37.029999,37.599998,36.169998,36.93,74292300,36.412441
"2021-03-08",37.380001,37.73,36.82,37.130001,65335500,36.609638
"2021-03-09",36.549999,37.16,35.810001,36.32,63946000,35.810993
"2021-03-10",36.540001,37.529999,36.369999,37.369999,53365600,36.846272
"2021-03-11",37.27,37.790001,36.849998,37.240002,45834000,36.718102
"2021-03-12",37.919998,38.18,37.580002,37.939999,46069600,37.408287
"2021-03-15",38.029999,38.07,37.220001,37.75,50131600,37.220951
"2021-03-16",37.419998,37.720001,36.970001,37.639999,50300400,37.112488
"2021-03-17",38,38.360001,37.330002,37.950001,63796000,37.418148
"2021-03-18",38.509998,39.970001,38.419998,38.939999,95439700,38.394272
"2021-03-19",38.290001,38.919998,37.529999,38.529999,106252700,37.990017
"2021-03-22",38.080002,38.380001,37.400002,37.66,54701300,37.132214
"2021-03-23",37.360001,37.82,36.779999,36.900002,49838000,36.382862
"2021-03-24",37.209999,37.790001,36.889999,36.900002,43896800,36.382862
"2021-03-25",36.869999,37.75,36.630001,37.66,47517900,37.132214
"2021-03-26",38.349998,38.759998,38.080002,38.68,66846000,38.137917
"2021-03-29",38.049999,38.630001,37.860001,38.310001,45680000,37.773102
"2021-03-30",38.630001,39.459999,38.630001,38.990002,56705900,38.443569
"2021-03-31",38.619999,38.990002,38.459999,38.689999,49270000,38.147778
"2021-04-01",38.830002,39.52,38.720001,39.490002,65587000,38.936562
"2021-04-05",40,40.279999,39.599998,39.799999,50328500,39.242218
"2021-04-06",39.529999,40.150002,39.459999,39.689999,42590100,39.133759
"2021-04-07",39.77,40.150002,39.59,40.049999,43136400,39.488716
"2021-04-08",39.799999,39.849998,39.220001,39.700001,45285900,39.143623
"2021-04-09",39.91,40.18,39.509998,39.990002,45872900,39.429554
"2021-04-12",39.990002,40.380001,39.849998,40.060001,45544600,39.498577
"2021-04-13",39.810001,39.82,39.200001,39.32,46770400,38.768948
"2021-04-14",38.98,40.330002,38.919998,39.880001,52023800,39.321102
"2021-04-15",39.73,39.84,38.049999,38.740002,118128900,38.197075
"2021-04-16",39.310001,39.419998,38.91,39.150002,60633400,38.60133
"2021-04-19",39.389999,39.43,39.029999,39.169998,42321100,38.621048
"2021-04-20",39,39,37.889999,38.080002,50834100,37.546329
"2021-04-21",37.75,38.779999,37.41,38.720001,37851800,38.177357
"2021-04-22",38.75,38.77,38.169998,38.360001,48093400,37.822399
"2021-04-23",38.32,39.34,38.220001,39.18,48674100,38.630913
"2021-04-26",39.349998,39.849998,39.279999,39.41,34699800,38.857689
"2021-04-27",39.669998,39.919998,39.509998,39.880001,34304800,39.321102
"2021-04-28",39.93,40.220001,39.880001,40.029999,34084400,39.468994
"2021-04-29",40.549999,41.130001,40.459999,41.110001,44008700,40.533863
"2021-04-30",40.84,40.900002,40.470001,40.529999,39203400,39.961987
"2021-05-03",40.869999,41.049999,40.419998,40.560001,41940500,39.99157
"2021-05-04",40.240002,41.080002,39.779999,41,53880000,40.425404
"2021-05-05",41.200001,41.560001,40.759998,41.389999,37471100,40.809933
"2021-05-06",41.48,42.060001,41.240002,42.009998,39044400,41.421249
"2021-05-07",41.130001,42.25,41.110001,42.18,39249200,41.588863
"2021-05-10",42.5,42.939999,42.029999,42.049999,41271500,41.460686
"2021-05-11",41.549999,42.34,41.34,41.57,42964700,40.987411
"2021-05-12",42.380001,42.560001,41.040001,41.18,47533000,40.602882
"2021-05-13",40.860001,42.09,40.779999,41.84,42026100,41.253632
"2021-05-14",42.060001,42.48,41.919998,42.360001,30932600,41.766342
"2021-05-17",42.240002,42.849998,42.16,42.740002,32656400,42.141018
"2021-05-18",42.700001,42.950001,42.139999,42.16,37880300,41.569145
"2021-05-19",41.650002,42,41.310001,41.970001,42672800,41.381809
"2021-05-20",41.900002,42.130001,41.459999,41.869999,36871100,41.283211
"2021-05-21",42.02,42.599998,41.889999,42.400002,40243800,41.805782
"2021-05-24",42.580002,42.779999,42.25,42.630001,31390800,42.032558
"2021-05-25",42.689999,43.259998,41.93,42.009998,52657700,41.421249
"2021-05-26",42.02,42.25,41.66,42.040001,41332800,41.450829
"2021-05-27",42.48,42.849998,42.119999,42.549999,52981100,41.953678
"2021-05-28",42.66,42.709999,42.049999,42.389999,38509700,41.795921
"2021-06-01",42.950001,43.279999,42.77,42.919998,42890700,42.318493
"2021-06-02",43.099998,43.169998,42.599998,42.939999,34180500,42.338215
"2021-06-03",42.77,43.490002,42.68,43.25,46981200,42.82338
"2021-06-04",43.240002,43.389999,42.830002,43.27,37192600,42.843185
"2021-06-07",43.27,43.389999,43.060001,43.119999,28401900,42.69466
"2021-06-08",42.860001,43.240002,42.43,42.880001,41871400,42.457027
"2021-06-09",42.470001,42.73,42.110001,42.32,42366300,41.902554
"2021-06-10",42.759998,42.959999,41.619999,41.689999,40123600,41.278767
"2021-06-11",41.810001,41.889999,41.509998,41.860001,31203600,41.44709
"2021-06-14",41.849998,41.91,41.060001,41.360001,36050700,40.952023
"2021-06-15",41.279999,41.560001,40.900002,41.389999,39247900,40.981724
"2021-06-16",41.279999,41.990002,40.669998,41.619999,63859100,41.209457
"2021-06-17",42.02,42.099998,39.720001,39.799999,80728200,39.40741
"2021-06-18",39.009998,39.299999,38.490002,38.779999,102774200,38.397472
"2021-06-21",39.119999,39.779999,39.029999,39.75,48119400,39.357906
"2021-06-22",39.880001,40.259998,39.279999,39.970001,44113200,39.575737
"2021-06-23",40.16,40.419998,40.07,40.200001,32039900,39.803467
"2021-06-24",40.439999,41.009998,40.18,40.830002,37161800,40.427254
"2021-06-25",41.27,41.830002,40.84,41.619999,53178800,41.209457
"2021-06-28",41.459999,41.580002,41.099998,41.560001,34416500,41.150051
"2021-06-29",41.630001,41.950001,40.75,40.889999,38519600,40.486656
"2021-06-30",40.759998,41.360001,40.720001,41.23,29159800,40.823303
"2021-07-01",41.560001,41.700001,41.209999,41.540001,28045100,41.130249
"2021-07-02",41.369999,41.470001,41.099998,41.150002,28980800,40.744095
"2021-07-06",40.810001,40.880001,39.869999,40.07,47578700,39.674747
"2021-07-07",39.57,40,39.360001,39.75,43499900,39.357906
"2021-07-08",38.619999,39.240002,38.48,38.779999,52793100,38.397472
"2021-07-09",39.650002,40.240002,39.400002,40.040001,43887200,39.645046
"2021-07-12",39.790001,40.810001,39.639999,40.630001,42624500,40.229225
"2021-07-13",40.48,40.48,39.580002,39.860001,54338100,39.46682
"2021-07-14",39.110001,39.549999,37.790001,38.860001,105651700,38.476681
"2021-07-15",38.389999,39.330002,38.32,38.830002,54697300,38.44698
"2021-07-16",39.220001,39.290001,37.59,37.919998,60469700,37.545956
"2021-07-19",36.75,37.25,36.509998,36.93,83251500,36.56572
"2021-07-20",36.860001,38.119999,36.610001,37.689999,59462900,37.318226
"2021-07-21",38.049999,38.77,37.98,38.459999,49907400,38.080627
"2021-07-22",38.360001,38.400002,37.68,37.959999,52715600,37.58556
"2021-07-23",38.200001,38.27,37.560001,37.700001,48659400,37.328125
"2021-07-26",37.66,38.240002,37.66,38.130001,32258000,37.753883
"2021-07-27",37.720001,38.240002,37.459999,37.98,39121400,37.605362
"2021-07-28",38.189999,38.5,37.75,38.130001,43331100,37.753883
"2021-07-29",38.549999,38.98,38.369999,38.68,43039100,38.298458
"2021-07-30",38.509998,38.830002,38.049999,38.360001,46186000,37.981613
"2021-08-02",38.400002,38.950001,37.91,37.959999,49894000,37.58556
"2021-08-03",38.060001,38.630001,37.549999,38.549999,39680600,38.169743
"2021-08-04",38.029999,38.77,37.860001,38.27,42289800,37.892502
"2021-08-05",38.57,39.060001,38.549999,39.02,34754500,38.635105
"2021-08-06",39.470001,40.41,39.470001,40.150002,58000800,39.753963
"2021-08-09",40.049999,40.959999,39.799999,40.669998,56340100,40.268829
"2021-08-10",40.709999,41.619999,40.580002,41.43,44987300,41.021332
"2021-08-11",41.599998,42.189999,41.48,41.950001,58458200,41.536201
"2021-08-12",42.23,42.290001,41.77,42.150002,37400100,41.73423
"2021-08-13",42.09,42.23,41.43,41.630001,41327800,41.21936
"2021-08-16",41.16,41.299999,40.610001,41.290001,38599100,40.882713
"2021-08-17",41.049999,41.57,40.619999,41.09,43526900,40.684685
"2021-08-18",40.77,41.529999,40.66,40.790001,50342500,40.387646
"2021-08-19",40.119999,40.669998,40.009998,40.189999,51883900,39.79356
"2021-08-20",40.09,40.470001,39.91,40.369999,40406200,39.971786
"2021-08-23",40.630001,41.099998,40.599998,40.91,35364500,40.506462
"2021-08-24",41.099998,41.68,41.040001,41.48,35579300,41.070839
"2021-08-25",41.66,42.450001,41.540001,42.150002,51219900,41.73423
"2021-08-26",42.5,42.84,42.02,42.040001,41184500,41.625317
"2021-08-27",42.119999,42.650002,41.939999,42.490002,46455500,42.070877
"2021-08-30",42.630001,42.630001,41.630001,41.66,44855600,41.249062
"2021-08-31",41.669998,42.07,41.360001,41.75,54654600,41.338173
"2021-09-01",41.75,41.779999,41.029999,41.189999,52361900,40.783699
"2021-09-02",41.110001,41.490002,40.639999,41.02,44538900,40.823509
"2021-09-03",41.02,41.189999,40.68,41.049999,41812400,40.853363
"2021-09-07",41.25,41.849998,41.18,41.32,43748600,41.12207
"2021-09-08",41.080002,41.490002,40.68,40.779999,36064400,40.584656
"2021-09-09",40.66,41.349998,40.560001,40.93,36266400,40.73394
"2021-09-10",41.220001,41.349998,40.240002,40.27,40501500,40.077103
"2021-09-13",40.599998,40.959999,40.349998,40.939999,42036300,40.743893
"2021-09-14",41.130001,41.310001,39.66,39.84,53820400,39.649162
"2021-09-15",39.73,40.34,39.669998,40.139999,52358200,39.947723
"2021-09-16",40.48,40.810001,40.200001,40.450001,42922000,40.256241
"2021-09-17",40.34,40.669998,40.080002,40.5,92746000,40.306
"2021-09-20",39.380001,39.459999,38.360001,39.110001,67566200,38.922657
"2021-09-21",39.27,39.599998,38.939999,39.130001,38271100,38.942562
"2021-09-22",39.75,40.52,39.75,40.139999,46261400,39.947723
"2021-09-23",40.759998,41.880001,40.650002,41.689999,49779800,41.490299
"2021-09-24",41.720001,42.34,41.650002,42.139999,39042300,41.938145
"2021-09-27",42.68,43.43,42.639999,43.259998,49755400,43.052776
"2021-09-28",43.43,44.040001,43.060001,43.16,60781200,42.953259
"2021-09-29",43.18,43.32,42.740002,43.07,44260200,42.863689
"2021-09-30",43.349998,43.349998,42.23,42.450001,47386400,42.246658
"2021-10-01",42.48,43.43,42.389999,43.080002,40987100,42.873642
"2021-10-04",43.110001,44.07,43.07,43.34,48273400,43.132397
"2021-10-05",43.77,44.75,43.669998,44.220001,54070700,44.008183
"2021-10-06",43.849998,44.290001,43.549999,44.240002,47031700,44.028088
"2021-10-07",44.790001,44.869999,44.029999,44.119999,46258800,43.908657
"2021-10-08",44.07,44.810001,43.919998,44.34,39378800,44.127605
"2021-10-11",44.599998,44.810001,43.75,43.779999,36283500,43.570286
"2021-10-12",43.669998,44,43.27,43.540001,36898300,43.33144
"2021-10-13",43.549999,43.639999,42.330002,43.139999,43908000,42.933353
"2021-10-14",44.369999,45.099998,43.48,45.07,82201000,44.854107
"2021-10-15",45.77,46.669998,45.360001,46.369999,64248200,46.147881
"2021-10-18",46.290001,46.889999,46.029999,46.279999,49542500,46.058311
"2021-10-19",46.5,46.630001,46.200001,46.48,32515500,46.257355
"2021-10-20",46.490002,47.240002,46.049999,47.09,40411000,46.864433
"2021-10-21",47.099998,47.48,46.610001,46.830002,36848600,46.605679
"2021-10-22",46.990002,47.619999,46.990002,47.57,36225600,47.342133
"2021-10-25",47.799999,47.98,47.200001,47.509998,31679500,47.282421
"2021-10-26",47.66,48.43,47.439999,47.959999,35674800,47.730263
"2021-10-27",47.48,48.169998,47.029999,47.040001,45790800,46.814674
"2021-10-28",47.59,48,47.299999,47.779999,37209600,47.551128
"2021-10-29",47.75,48.130001,47.52,47.779999,31754700,47.551128
"2021-11-01",48.099998,48.169998,47.279999,47.849998,36937200,47.620792
"2021-11-02",47.57,48.419998,47.349998,47.880001,36283400,47.65065
"2021-11-03",47.799999,48.689999,47.610001,48.369999,42553000,48.138302
"2021-11-04",48.150002,48.150002,46.880001,47.330002,47646300,47.103287
"2021-11-05",47.599998,47.82,46.82,46.970001,38264600,46.74501
"2021-11-08",47.349998,47.799999,47.25,47.34,33815500,47.113235
"2021-11-09",46.650002,47.360001,46.41,46.880001,36900300,46.655441
"2021-11-10",46.75,47.52,46.650002,47.23,39385600,47.003761
"2021-11-11",47.310001,47.889999,47.009998,47.490002,31194800,47.26252
"2021-11-12",47.509998,47.529999,46.759998,46.91,44252200,46.685295
"2021-11-15",47.259998,47.389999,46.900002,47.049999,35335500,46.824623
"2021-11-16",47.18,47.279999,46.689999,47.080002,35120800,46.854481
"2021-11-17",47.080002,47.200001,46.450001,46.509998,32963700,46.287209
"2021-11-18",46.709999,46.810001,46.209999,46.32,30639000,46.098122
"2021-11-19",45.700001,45.77,44.830002,45.400002,48429500,45.182529
"2021-11-22",46.720001,46.869999,45.91,46.279999,53697100,46.058311
"2021-11-23",46.869999,47.650002,46.669998,47.5,49362900,47.272469
"2021-11-24",47.419998,47.98,47.209999,47.630001,40060000,47.401848
"2021-11-26",45.52,46.040001,44.75,45.759998,55110100,45.540802
"2021-11-29",46.419998,46.700001,45.169998,45.59,50231100,45.371616
