"","GM.Open","GM.High","GM.Low","GM.Close","GM.Volume","GM.Adjusted"
"2016-11-30",34.700001,34.98,34.450001,34.529999,15681700,29.878952
"2016-12-01",34.810001,36.66,34.790001,36.43,37092300,31.523033
"2016-12-02",36.25,36.299999,35.299999,35.41,22753400,30.640421
"2016-12-05",35.349998,35.459999,34.91,34.939999,12440400,30.561699
"2016-12-06",35.09,35.16,34.91,35.07,11867800,30.675415
"2016-12-07",35.18,36.540001,35.09,36.299999,26622400,31.751286
"2016-12-08",36.189999,36.459999,36.040001,36.419998,14516000,31.856236
"2016-12-09",36.41,37.68,36.41,37.66,26434200,32.940849
"2016-12-12",37.509998,37.740002,37.009998,37.099998,15575200,32.451031
"2016-12-13",37.150002,37.439999,36.950001,37.360001,9228800,32.678455
"2016-12-14",36.299999,36.779999,35.93,35.950001,19799000,31.445139
"2016-12-15",35.869999,36.389999,35.779999,36.240002,18215600,31.698799
"2016-12-16",36.400002,36.41,36.099998,36.369999,23751600,31.812504
"2016-12-19",36.490002,36.73,36.150002,36.400002,10960800,31.838758
"2016-12-20",36.400002,36.73,36.23,36.610001,8795900,32.022434
"2016-12-21",36.5,36.689999,36.349998,36.419998,6669700,31.856236
"2016-12-22",36.290001,36.400002,35.630001,35.689999,9911700,31.217716
"2016-12-23",35.830002,35.869999,35.540001,35.689999,9351200,31.217716
"2016-12-27",35.799999,35.93,35.5,35.540001,6008700,31.086514
"2016-12-28",35.740002,35.799999,35.130001,35.150002,8451900,30.745386
"2016-12-29",35.25,35.48,35.119999,35.139999,4416700,30.736641
"2016-12-30",35.209999,35.310001,34.669998,34.84,7646100,30.47423
"2017-01-03",34.98,35.57,34.84,35.150002,10904900,30.745386
"2017-01-04",35.599998,37.240002,35.470001,37.09,23388500,32.442284
"2017-01-05",37.009998,37.049999,36.07,36.389999,15636700,31.83
"2017-01-06",36.41,36.549999,35.93,35.990002,13240100,31.480131
"2017-01-09",36.119999,36.529999,35.860001,36.009998,15204500,31.497618
"2017-01-10",36.189999,38.16,36.049999,37.349998,34804500,32.669704
"2017-01-11",37.540001,38.110001,37.220001,37.950001,19553900,33.194515
"2017-01-12",38,38.150002,37.060001,37.509998,16830200,32.809647
"2017-01-13",37.549999,37.77,37.150002,37.34,8748800,32.660957
"2017-01-17",37.34,37.689999,37.169998,37.310001,8225700,32.63472
"2017-01-18",37.450001,37.580002,37.119999,37.470001,11220100,32.774673
"2017-01-19",37.630001,37.84,37.16,37.299999,8262700,32.625973
"2017-01-20",37.419998,37.419998,36.759998,37.009998,14001500,32.372314
"2017-01-23",37.009998,37.130001,36.380001,36.650002,11624500,32.057423
"2017-01-24",36.700001,37.240002,36.68,37,11600300,32.363564
"2017-01-25",37.709999,38.380001,37.599998,38.279999,20745200,33.483166
"2017-01-26",38.099998,38.25,37.369999,37.52,10813400,32.818401
"2017-01-27",37.52,37.59,36.880001,37.009998,10228600,32.372314
"2017-01-30",36.84,36.900002,36.130001,36.330002,11787700,31.777521
"2017-01-31",36.25,36.650002,36.119999,36.610001,10679000,32.022434
"2017-02-01",36.68,37.110001,35.860001,36.139999,13744100,31.61133
"2017-02-02",36.080002,36.139999,35.470001,35.73,11893700,31.252699
"2017-02-03",35.919998,36.330002,35.68,36.330002,13962200,31.777521
"2017-02-06",36.41,36.830002,36.259998,36.830002,13941200,32.21487
"2017-02-07",35.75,35.959999,34.799999,35.099998,39477700,30.701651
"2017-02-08",35.200001,35.330002,34.720001,35.139999,16867300,30.736641
"2017-02-09",35.139999,35.400002,35.02,35.080002,14834000,30.684158
"2017-02-10",35.209999,35.32,35.080002,35.169998,10321800,30.76288
"2017-02-13",35.380001,35.540001,35.18,35.52,10141600,31.069017
"2017-02-14",36.720001,37.400002,36.669998,37.240002,31403300,32.573494
"2017-02-15",36.950001,37.110001,36.599998,37.080002,15674400,32.433544
"2017-02-16",37.110001,37.16,36.82,37.029999,9369400,32.389805
"2017-02-17",36.790001,37.900002,36.41,37.220001,15777400,32.555996
"2017-02-21",37.599998,38.099998,37.419998,37.810001,14549200,33.072067
"2017-02-22",37.889999,38.099998,37.799999,37.84,9102700,33.098309
"2017-02-23",37.939999,38.07,37.189999,37.25,13179200,32.582233
"2017-02-24",36.869999,37.189999,36.57,36.900002,13060100,32.2761
"2017-02-27",36.919998,37.360001,36.860001,37.27,10091800,32.599728
"2017-02-28",37.150002,37.220001,36.549999,36.84,10497800,32.223618
"2017-03-01",37.200001,37.75,37.18,37.43,10702600,32.739681
"2017-03-02",37.369999,38.099998,37.25,37.759998,14935100,33.028328
"2017-03-03",37.759998,38.369999,37.580002,38.23,19455500,33.439434
"2017-03-06",37.98,38.549999,37.200001,37.91,20199100,33.159538
"2017-03-07",37.759998,37.84,37.299999,37.52,17247500,32.818401
"2017-03-08",37.110001,37.689999,37.110001,37.27,11375600,32.93327
"2017-03-09",37.330002,37.349998,36.779999,36.830002,12703600,32.544476
"2017-03-10",37.099998,37.189999,36.77,36.830002,18653600,32.544476
"2017-03-13",37,37.130001,36.830002,36.869999,10120700,32.579819
"2017-03-14",36.75,36.970001,36.68,36.959999,5924300,32.659348
"2017-03-15",37.07,37.16,36.790001,37.09,28089800,32.774223
"2017-03-16",37.09,37.119999,36.77,37.080002,12599000,32.765396
"2017-03-17",37.130001,37.16,36.299999,36.330002,19603600,32.102654
"2017-03-20",36.360001,36.450001,35.599998,35.709999,38504800,31.554798
"2017-03-21",35.950001,35.98,34.470001,34.549999,30898000,30.529776
"2017-03-22",34.310001,34.610001,33.959999,34.389999,18940400,30.388391
"2017-03-23",34,34.459999,33.790001,34.259998,14536600,30.273516
"2017-03-24",34.400002,35.07,34.080002,34.560001,16257000,30.538612
"2017-03-27",34.279999,34.75,33.970001,34.709999,12941300,30.671154
"2017-03-28",34.66,36.25,34.66,35.560001,29829300,31.422255
"2017-03-29",35.619999,36.060001,35.52,35.540001,13884400,31.404581
"2017-03-30",35.5,35.790001,35.32,35.41,8760600,31.289705
"2017-03-31",35.349998,35.509998,35.27,35.360001,11772800,31.245531
"2017-04-03",35.360001,35.400002,33.799999,34.169998,31894300,30.193985
"2017-04-04",33.900002,34.43,33.900002,34.27,9500000,30.282358
"2017-04-05",34.619999,34.650002,33.990002,34,10664200,30.043772
"2017-04-06",34.02,34.470001,33.889999,34.16,12171900,30.185152
"2017-04-07",34.029999,34.200001,33.700001,33.709999,14549000,29.787516
"2017-04-10",33.84,34.119999,33.799999,33.970001,13814900,30.017262
"2017-04-11",34.09,34.09,33.59,33.919998,10424300,29.973082
"2017-04-12",34.029999,34.290001,33.720001,33.939999,14715000,29.990751
"2017-04-13",33.779999,33.91,33.369999,33.389999,9527100,29.504747
"2017-04-17",33.470001,33.98,33.369999,33.900002,10736500,29.955406
"2017-04-18",33.720001,33.830002,33.490002,33.689999,7020400,29.769844
"2017-04-19",33.889999,34.099998,33.709999,33.790001,12368700,29.858208
"2017-04-20",33.950001,34.52,33.900002,34.099998,11656200,30.132135
"2017-04-21",34.110001,34.16,33.610001,33.75,9713200,29.822863
"2017-04-24",34.060001,34.150002,33.630001,33.91,13984600,29.964247
"2017-04-25",34.099998,34.16,33.720001,33.990002,11538000,30.034939
"2017-04-26",34.009998,34.939999,33.950001,34.380001,14694300,30.379559
"2017-04-27",34.52,34.59,33.950001,34.540001,13869800,30.520941
"2017-04-28",35.07,35.290001,34.419998,34.639999,16650700,30.609304
"2017-05-01",34.630001,34.650002,34.130001,34.200001,12790500,30.220503
"2017-05-02",34.09,34.34,32.82,33.200001,24706100,29.336861
"2017-05-03",33.029999,33.66,33.009998,33.48,12611700,29.58428
"2017-05-04",33.650002,33.669998,32.970001,33.150002,12464400,29.292679
"2017-05-05",33.299999,33.77,33.200001,33.77,10145900,29.840534
"2017-05-08",33.849998,34.25,33.799999,33.970001,11736500,30.017262
"2017-05-09",33.900002,34.470001,33.900002,34.259998,8434500,30.273516
"2017-05-10",34.25,34.459999,34.080002,34.23,7665300,30.247009
"2017-05-11",34.07,34.23,33.900002,34.110001,9045400,30.140976
"2017-05-12",33.939999,34.150002,33.27,33.619999,12503600,29.707987
"2017-05-15",33.970001,34.150002,33.650002,33.82,13634400,29.884722
"2017-05-16",33.900002,33.990002,33.349998,33.419998,13551400,29.531263
"2017-05-17",33.419998,33.509998,32.09,32.419998,18631900,28.647617
"2017-05-18",32.23,32.669998,32.209999,32.470001,14031300,28.691805
"2017-05-19",32.549999,32.970001,32.509998,32.720001,14019200,28.912716
"2017-05-22",32.970001,33.25,32.740002,32.919998,18258800,29.089436
"2017-05-23",33.049999,33.400002,33.009998,33.220001,17574200,29.354536
"2017-05-24",33.200001,33.41,33,33.200001,10709100,29.336861
"2017-05-25",33.200001,33.470001,31.92,32.599998,32345900,28.806669
"2017-05-26",32.360001,33.07,32.240002,33.07,16813700,29.221987
"2017-05-30",33.09,33.740002,33.040001,33.529999,13923600,29.628462
"2017-05-31",33.709999,33.970001,33.48,33.93,16515800,29.981922
"2017-06-01",34.060001,34.869999,33.049999,34.43,22657800,30.423733
"2017-06-02",34.349998,34.529999,33.959999,34.450001,11654500,30.441416
"2017-06-05",34.470001,34.740002,34.259998,34.459999,11884900,30.450245
"2017-06-06",34.330002,34.48,34.099998,34.43,11523000,30.423733
"2017-06-07",34.189999,34.459999,34.09,34.34,13022900,30.682854
"2017-06-08",34.34,34.34,33.84,34.110001,10756800,30.477352
"2017-06-09",34.049999,34.439999,34.049999,34.34,14868200,30.682854
"2017-06-12",34.220001,34.82,34.220001,34.68,14344200,30.986645
"2017-06-13",34.68,34.700001,34.200001,34.509998,12112000,30.834749
"2017-06-14",34.540001,34.639999,34.150002,34.610001,10591300,30.924105
"2017-06-15",34.41,34.669998,34.380001,34.599998,10177000,30.915161
"2017-06-16",34.59,34.599998,33.919998,34.290001,16193200,30.63818
"2017-06-19",34.369999,34.57,34.279999,34.349998,11221300,30.691784
"2017-06-20",34.34,34.52,34.150002,34.400002,8296600,30.736469
"2017-06-21",34.48,34.5,33.950001,34.130001,9127700,30.495224
"2017-06-22",34.049999,34.34,33.860001,34.189999,8937500,30.548824
"2017-06-23",34.139999,34.27,33.959999,34.200001,10238800,30.557764
"2017-06-26",34.27,34.650002,34.18,34.52,11836600,30.843679
"2017-06-27",34.330002,34.5,34.02,34.209999,11679700,30.5667
"2017-06-28",34.57,34.75,34.459999,34.580002,11025300,30.897295
"2017-06-29",34.66,34.93,34.529999,34.860001,10209700,31.14747
"2017-06-30",34.970001,35.049999,34.77,34.93,7679700,31.210018
"2017-07-03",34.52,36,34.450001,35.57,10915700,31.78186
"2017-07-05",35.57,35.580002,34.880001,35.009998,10819300,31.281502
"2017-07-06",34.869999,35.16,34.73,34.869999,8567200,31.156406
"2017-07-07",35,35.049999,34.77,34.939999,8623500,31.218945
"2017-07-10",35,35.349998,34.869999,35.189999,10546400,31.442331
"2017-07-11",35.189999,35.459999,35.139999,35.400002,10124200,31.629963
"2017-07-12",35.5,35.900002,35.470001,35.5,7529400,31.719313
"2017-07-13",35.5,36.119999,35.450001,35.860001,13828400,32.04097
"2017-07-14",36.029999,36.439999,35.98,36.349998,10241300,32.478786
"2017-07-17",36.380001,36.540001,36.200001,36.380001,10631800,32.5056
"2017-07-18",36.310001,36.490002,36.220001,36.43,7769000,32.550274
"2017-07-19",36.380001,36.540001,36.299999,36.470001,7816800,32.58601
"2017-07-20",36.5,36.630001,36.290001,36.41,10159200,32.532398
"2017-07-21",36.049999,36.110001,35.709999,36.07,8831800,32.228615
"2017-07-24",35.990002,36.09,35.720001,35.82,11699800,32.005238
"2017-07-25",35.939999,36.169998,35.5,35.57,14540100,31.78186
"2017-07-26",35.549999,35.91,35.400002,35.619999,10814200,31.826532
"2017-07-27",35.52,35.990002,35.380001,35.939999,10006500,32.112453
"2017-07-28",35.82,35.869999,35.48,35.77,7531900,31.96056
"2017-07-31",35.82,36.299999,35.790001,35.98,13855500,32.148205
"2017-08-01",35.810001,35.98,34.59,34.759998,21582800,31.058126
"2017-08-02",34.639999,34.990002,34.619999,34.82,9325600,31.111734
"2017-08-03",34.919998,35.189999,34.75,34.77,10367600,31.067057
"2017-08-04",34.970001,35.450001,34.759998,35.27,9160800,31.513811
"2017-08-07",35.16,35.400002,35.119999,35.299999,8255000,31.540617
"2017-08-08",35.299999,35.830002,35.23,35.389999,9024200,31.621029
"2017-08-09",35.150002,35.439999,35.07,35.279999,8260500,31.522741
"2017-08-10",35.200001,35.299999,34.869999,34.880001,9628300,31.165342
"2017-08-11",34.970001,35.209999,34.860001,34.93,6821400,31.210018
"2017-08-14",35.16,35.560001,35.049999,35.470001,7366800,31.692514
"2017-08-15",35.560001,35.860001,35.419998,35.540001,6017100,31.755058
"2017-08-16",35.650002,35.77,35.52,35.75,6927300,31.942686
"2017-08-17",35.610001,35.66,34.970001,35,7274700,31.272562
"2017-08-18",34.900002,35.060001,34.610001,34.830002,7193500,31.120668
"2017-08-21",34.900002,35.060001,34.779999,34.91,6010400,31.192148
"2017-08-22",35,35.419998,34.970001,35.299999,7815100,31.540617
"2017-08-23",35.27,35.66,35.119999,35.490002,6430500,31.710384
"2017-08-24",35.639999,35.73,35.450001,35.52,4955500,31.737186
"2017-08-25",35.540001,35.880001,35.540001,35.599998,6685100,31.808664
"2017-08-28",35.68,35.779999,35.299999,35.509998,8008800,31.728249
"2017-08-29",35.349998,35.549999,35.209999,35.52,5520400,31.737186
"2017-08-30",35.540001,35.84,35.41,35.82,7263800,32.005238
"2017-08-31",35.900002,36.740002,35.900002,36.540001,13597800,32.648556
"2017-09-01",36.73,37.75,36.650002,37.360001,17975000,33.381233
"2017-09-05",37.290001,37.43,36.869999,37.23,12714800,33.265072
"2017-09-06",37.509998,37.740002,37.330002,37.669998,12359100,33.658215
"2017-09-07",37.400002,37.43,36.700001,36.91,14327500,33.315224
"2017-09-08",36.799999,37.040001,36.619999,37,8180900,33.396458
"2017-09-11",37.110001,37.48,37.040001,37.349998,13499800,33.712364
"2017-09-12",37.41,38,37.349998,37.889999,10805300,34.19978
"2017-09-13",37.880001,38.279999,37.82,38.209999,10644000,34.488613
"2017-09-14",38.189999,39.18,38.110001,38.790001,17528600,35.012127
"2017-09-15",38.740002,39.029999,38.639999,38.880001,25353900,35.093357
"2017-09-18",38.900002,38.98,38.549999,38.59,12361100,34.831596
"2017-09-19",38.540001,38.869999,38.540001,38.700001,11546000,34.930889
"2017-09-20",38.860001,39,38.689999,38.880001,17188300,35.093357
"2017-09-21",38.860001,39.240002,38.860001,39.099998,14046500,35.291927
"2017-09-22",39.299999,39.540001,39.18,39.419998,12670600,35.580765
"2017-09-25",40.189999,40.639999,40,40.299999,21544400,36.375057
"2017-09-26",40.330002,40.619999,40.18,40.259998,14256600,36.338955
"2017-09-27",40.310001,40.689999,40.16,40.580002,9750700,36.627792
"2017-09-28",40.48,40.580002,40.369999,40.580002,9646200,36.627792
"2017-09-29",40.560001,40.669998,40.27,40.380001,8919400,36.447269
"2017-10-02",41.009998,42.48,40.799999,42.150002,33817400,38.044884
"2017-10-03",43.119999,43.700001,43,43.450001,31058300,39.218277
"2017-10-04",43.349998,43.939999,43.200001,43.779999,13458700,39.516129
"2017-10-05",43.900002,44.080002,43.68,43.849998,16661400,39.579315
"2017-10-06",44.040001,45.169998,44,44.93,21024600,40.554131
"2017-10-09",45.029999,45.43,44.93,45.330002,10932400,40.915176
"2017-10-10",45.290001,45.400002,44.860001,45.209999,14029200,40.806862
"2017-10-11",45.299999,45.59,45.080002,45.470001,13353900,41.041538
"2017-10-12",44.970001,45.43,44.150002,44.889999,15665100,40.518024
"2017-10-13",45.279999,46.110001,45,45.880001,13932100,41.41161
"2017-10-16",45.77,45.860001,45.349998,45.759998,8861500,41.303288
"2017-10-17",45.799999,46.060001,44.959999,45.02,14700500,40.635361
"2017-10-18",45.279999,45.59,45.029999,45.119999,10883700,40.725624
"2017-10-19",44.75,45.400002,44.560001,45.349998,13051600,40.933228
"2017-10-20",45.5,45.73,45.139999,45.610001,12203200,41.167908
"2017-10-23",45.540001,45.810001,45.150002,45.150002,10780800,40.752712
"2017-10-24",45.91,46.759998,45.720001,46.48,27909100,41.953175
"2017-10-25",45.700001,45.970001,44.77,45.119999,18062600,40.725624
"2017-10-26",45.189999,45.639999,45.099998,45.25,9650200,40.84296
"2017-10-27",45.139999,45.169998,44.099998,44.639999,11875000,40.292381
"2017-10-30",43.040001,43.810001,42.259998,43.369999,23791100,39.146065
"2017-10-31",43.23,43.669998,42.959999,42.98,13239000,38.794048
"2017-11-01",42.720001,43.369999,41.900002,43.130001,14701300,38.929432
"2017-11-02",43.299999,43.299999,42.459999,42.599998,12006300,38.451054
"2017-11-03",42.599998,42.73,42.189999,42.34,9848700,38.216389
"2017-11-06",42.299999,42.360001,41.349998,42.139999,14173700,38.035854
"2017-11-07",42.150002,42.41,41.59,41.700001,8881300,37.638714
"2017-11-08",41.860001,42.119999,41.529999,42.110001,14221600,38.008781
"2017-11-09",42.040001,42.16,41.619999,42.110001,8897200,38.008781
"2017-11-10",42.139999,43,42.060001,42.66,14102100,38.505211
"2017-11-13",42.599998,43.630001,42.549999,43.57,11731100,39.326584
"2017-11-14",43.150002,43.450001,42.740002,43,9433400,38.812099
"2017-11-15",42.73,43.040001,42.099998,42.860001,13620000,38.685741
"2017-11-16",43.040001,43.630001,42.799999,43.599998,11247400,39.353668
"2017-11-17",43.529999,44.139999,43.490002,43.880001,10594200,39.606396
"2017-11-20",44.48,45.09,44.259998,44.880001,15132200,40.509003
"2017-11-21",45.07,45.18,44.66,44.970001,12011200,40.590237
"2017-11-22",44.889999,44.950001,44.209999,44.290001,9836900,39.976456
"2017-11-24",44.450001,44.540001,44.240002,44.459999,3805900,40.129906
"2017-11-27",44.470001,44.490002,43.880001,44.169998,8652600,39.868153
"2017-11-28",44.349998,45.080002,44.139999,44.919998,15933300,40.545105
"2017-11-29",45.099998,45.349998,43.790001,43.810001,19442900,39.543217
"2017-11-30",44,44.529999,42.700001,43.09,32515100,38.893337
"2017-12-01",43.189999,43.25,41.869999,42.790001,19324700,38.622551
"2017-12-04",43.200001,43.419998,42.919998,43.049999,14024600,38.857235
"2017-12-05",43.009998,43.060001,42.52,42.799999,11303900,38.63158
"2017-12-06",42.57,42.689999,42.139999,42.150002,12868500,38.044884
"2017-12-07",42.259998,42.389999,41.540001,42.02,16450000,38.272591
"2017-12-08",41.990002,42.299999,41.84,42.02,13658700,38.272591
"2017-12-11",41.880001,41.93,41.560001,41.669998,14112500,37.953808
"2017-12-12",41.650002,41.77,41.259998,41.529999,8853100,37.826283
"2017-12-13",41.540001,41.91,41.389999,41.400002,9969200,37.707882
"2017-12-14",41.380001,41.439999,40.700001,40.810001,9276400,37.170498
"2017-12-15",40.919998,41.330002,40.919998,40.950001,24491700,37.298008
"2017-12-18",41.27,42.32,41.25,42.150002,22135100,38.390995
"2017-12-19",42.709999,42.799999,42.439999,42.490002,13259200,38.700672
"2017-12-20",42.740002,42.779999,42.389999,42.52,8636700,38.727997
"2017-12-21",42.580002,42.75,42.130001,42.16,10144700,38.400105
"2017-12-22",42.299999,42.310001,41.810001,42.02,4907100,38.272591
"2017-12-26",41.860001,42.09,41.630001,41.799999,3368900,38.072205
"2017-12-27",41.759998,41.849998,41.299999,41.310001,4933600,37.625912
"2017-12-28",41.34,41.439999,41.200001,41.380001,5005300,37.689671
"2017-12-29",41.52,41.59,40.990002,40.990002,6581400,37.334454
"2018-01-02",41.240002,41.869999,41.150002,41.799999,6934600,38.072205
"2018-01-03",42.209999,42.950001,42.200001,42.82,14591600,39.001244
"2018-01-04",43.09,44.25,43.009998,44.139999,17298700,40.203526
"2018-01-05",44.5,44.639999,43.959999,44.009998,9643300,40.085117
"2018-01-08",44.040001,44.59,43.52,44.220001,13099600,40.27639
"2018-01-09",44.310001,44.59,43.740002,44.049999,7768100,40.121548
"2018-01-10",43.84,44.139999,42.610001,43,18281500,39.165192
"2018-01-11",43.279999,44.27,43.16,44.189999,11245800,40.249069
"2018-01-12",44.150002,44.700001,43.66,44.07,14914600,40.139763
"2018-01-16",45.099998,45.52,43.75,44.189999,20169300,40.249069
"2018-01-17",44.009998,44.27,43.400002,44.029999,15855700,40.103333
"2018-01-18",44.18,44.189999,43.639999,43.860001,11868100,39.94849
"2018-01-19",44.049999,44.09,43.040001,43.150002,14470800,39.301815
"2018-01-22",43.16,43.419998,42.82,43.290001,19562100,39.429333
"2018-01-23",43.34,43.439999,42.91,43.380001,14127600,39.511307
"2018-01-24",43.5,44.400002,43.450001,44.16,11321700,40.221745
"2018-01-25",44.459999,44.48,42.98,43.16,11386000,39.310921
"2018-01-26",43.32,43.57,42.990002,43.490002,9131200,39.611496
"2018-01-29",43.470001,43.779999,42.98,43.02,8177500,39.183411
"2018-01-30",42.830002,43.220001,42.52,42.700001,8459700,38.891945
"2018-01-31",42.779999,42.950001,42.139999,42.41,19781200,38.627808
"2018-02-01",42.119999,42.599998,41.950001,42.43,9629800,38.646023
"2018-02-02",42.220001,42.27,40.849998,41,13982100,37.343552
"2018-02-05",40.98,41.669998,39.509998,39.540001,19660600,36.013763
"2018-02-06",40.060001,42.23,40,41.860001,26988300,38.126862
"2018-02-07",41.799999,43.560001,41.650002,42.389999,19402900,38.609596
"2018-02-08",42.459999,42.709999,40.740002,40.75,18035400,37.115849
"2018-02-09",41.16,41.970001,40.23,41.459999,19598000,37.762531
"2018-02-12",41.950001,42.619999,41.610001,42,19392000,38.254375
"2018-02-13",41.700001,42.07,41.369999,41.400002,8937200,37.707882
"2018-02-14",41.029999,41.91,40.93,41.810001,10271600,38.081322
"2018-02-15",42.060001,42.209999,41.400002,41.849998,9715800,38.117744
"2018-02-16",41.849998,42.279999,41,41.09,14871800,37.425526
"2018-02-20",40.900002,41.330002,40.59,40.77,7814600,37.134068
"2018-02-21",40.75,41.299999,40.509998,40.560001,9098500,36.942799
"2018-02-22",40.66,41.200001,40.5,40.91,8805900,37.261581
"2018-02-23",41.049999,41.139999,40.580002,40.91,6424200,37.261581
"2018-02-26",41.080002,41.619999,40.75,41.540001,9397100,37.8354
"2018-02-27",41.490002,41.540001,40.119999,40.169998,12738800,36.58757
"2018-02-28",39.619999,40.150002,39.32,39.349998,23145200,35.840698
"2018-03-01",39.59,39.59,37.41,37.790001,26183100,34.41983
"2018-03-02",37.470001,37.610001,36.59,37.43,24060500,34.091934
"2018-03-05",37.330002,37.900002,37.110001,37.740002,12011100,34.37429
"2018-03-06",38.02,38.080002,37.540001,37.93,12168500,34.54734
"2018-03-07",37.389999,37.84,37.25,37.740002,15052000,34.37429
"2018-03-08",37.639999,37.93,37.220001,37.84,13096700,34.815926
"2018-03-09",37.849998,38.080002,37.66,37.84,12272200,34.815926
"2018-03-12",37.869999,37.990002,37.580002,37.830002,11347200,34.806732
"2018-03-13",37.970001,38.540001,37.869999,38.009998,12406400,34.972336
"2018-03-14",38.48,38.610001,37.650002,37.689999,13364000,34.677914
"2018-03-15",37.970001,37.990002,37.59,37.849998,8140100,34.825127
"2018-03-16",37.919998,38.150002,37.689999,37.939999,10305000,34.907932
"2018-03-19",37.93,37.98,36.540001,37.009998,12103100,34.052258
"2018-03-20",37.130001,37.259998,36.740002,36.889999,8494800,33.941841
"2018-03-21",37.16,38.02,37.099998,37.580002,11568400,34.576706
"2018-03-22",37.23,37.330002,36.27,36.349998,15155000,33.444996
"2018-03-23",36.419998,36.560001,35.130001,35.169998,13234000,32.359306
"2018-03-26",35.939999,36.049999,35.279999,35.990002,9320200,33.113777
"2018-03-27",36.02,36.029999,34.5,34.869999,17673300,32.083275
"2018-03-28",35.009998,35.790001,34.900002,35.470001,17905700,32.635338
"2018-03-29",35.830002,36.529999,35.689999,36.34,13049800,33.435806
"2018-04-02",36.099998,36.259998,35.23,35.759998,13909100,32.902157
"2018-04-03",36.799999,37.349998,36.389999,36.939999,15833300,33.98785
"2018-04-04",36.009998,38.130001,35.950001,38.029999,17014100,34.990738
"2018-04-05",38.25,38.48,37.889999,38,11885400,34.963142
"2018-04-06",37.959999,38.16,37.200001,37.68,14731500,34.668713
"2018-04-09",38.279999,38.5,37.810001,37.830002,13430900,34.806732
"2018-04-10",38.599998,39.349998,38.389999,39.07,15180100,35.947632
"2018-04-11",38.720001,39.290001,38.490002,39,8388900,35.883221
"2018-04-12",39.27,39.490002,38.77,38.830002,7896400,35.72681
"2018-04-13",39.119999,39.380001,38.57,38.73,6118600,35.6348
"2018-04-16",38.970001,39.419998,38.669998,39.169998,5064900,36.039631
"2018-04-17",39.639999,39.650002,39.080002,39.220001,5460700,36.08564
"2018-04-18",39.240002,39.669998,38.900002,38.93,6095400,35.818813
"2018-04-19",38.709999,38.91,37.419998,37.77,10230000,34.751522
"2018-04-20",37.75,38.009998,37.349998,37.610001,8698500,34.604305
"2018-04-23",37.490002,37.959999,37.43,37.689999,7308600,34.677914
"2018-04-24",37.93,38.169998,37.540001,37.93,9285800,34.898731
"2018-04-25",37.73,38.200001,37.5,38.110001,7982700,35.06435
"2018-04-26",37.59,38.279999,36.830002,38.25,16562400,35.193161
"2018-04-27",38.16,38.209999,37.490002,37.650002,8660400,34.641117
"2018-04-30",37.880001,38.07,36.740002,36.740002,11967300,33.803837
"2018-05-01",36.759998,36.959999,35.889999,36.419998,11381200,33.509403
"2018-05-02",36.48,36.700001,36.150002,36.200001,9440700,33.306999
"2018-05-03",35.990002,36.169998,35.279999,36.150002,15742600,33.260986
"2018-05-04",36.150002,36.779999,35.869999,36.709999,6639000,33.776237
"2018-05-07",36.630001,36.77,36.279999,36.34,9197400,33.435806
"2018-05-08",36.380001,36.610001,36.110001,36.330002,8364400,33.426601
"2018-05-09",36.389999,36.740002,35.970001,36.27,7609500,33.371399
"2018-05-10",36.459999,37.220001,36.450001,37.16,6814700,34.190266
"2018-05-11",37.110001,37.25,36.779999,36.889999,4856700,33.941841
"2018-05-14",37.060001,37.07,36.560001,36.630001,6393300,33.702625
"2018-05-15",36.400002,36.959999,36.400002,36.939999,6506900,33.98785
"2018-05-16",36.970001,38.040001,36.970001,38.029999,8193900,34.990738
"2018-05-17",37.970001,38.48,37.75,38.299999,9572700,35.239162
"2018-05-18",38.27,38.400002,37.720001,37.790001,5576300,34.769924
"2018-05-21",38.16,38.34,37.98,38.09,6227700,35.045952
"2018-05-22",38.580002,38.77,38.259998,38.279999,6990400,35.22076
"2018-05-23",38.18,38.189999,37.459999,37.849998,8794300,34.825127
"2018-05-24",38,38.59,37.900002,38.389999,8466100,35.321968
"2018-05-25",38.25,38.400002,38.110001,38.299999,5247300,35.239162
"2018-05-29",38.009998,38.049999,37.27,37.380001,12342600,34.392693
"2018-05-30",37.5,37.869999,37.48,37.830002,11821600,34.806732
"2018-05-31",41.650002,42.77,41.27,42.700001,59937500,39.287525
"2018-06-01",42.98,43.32,42.330002,43.200001,24461800,39.74757
"2018-06-04",43.240002,43.849998,43.16,43.779999,12939000,40.281216
"2018-06-05",43.610001,43.77,43.349998,43.41,12018500,39.940784
"2018-06-06",43.66,44,43.360001,43.93,18026100,40.419228
"2018-06-07",43.509998,44.369999,43.509998,44.009998,15330900,40.846165
"2018-06-08",43.98,44.330002,43.919998,44.25,8549300,41.068905
"2018-06-11",44.299999,44.889999,44.290001,44.849998,14061400,41.625774
"2018-06-12",44.860001,44.950001,44.16,44.18,9933200,41.003941
"2018-06-13",44.119999,44.459999,43.830002,44.450001,11233100,41.254528
"2018-06-14",44.389999,44.400002,43.419998,43.57,10109200,40.43779
"2018-06-15",43.279999,45,42.759998,43.91,23838500,40.753345
"2018-06-18",43.599998,44.139999,43.369999,43.950001,10806700,40.790474
"2018-06-19",43.07,43.189999,41.880001,42.259998,18272900,39.221966
"2018-06-20",42.57,42.830002,41.790001,41.950001,9536100,38.934258
"2018-06-21",41.139999,41.84,40.810001,41.119999,13913300,38.163921
"2018-06-22",41.41,41.75,40.939999,41.25,9336700,38.284576
"2018-06-25",41,41.200001,40.209999,40.610001,10614800,37.690578
"2018-06-26",40.549999,41.32,40.490002,41.009998,12818900,38.061825
"2018-06-27",41,41.32,40.349998,40.369999,9542900,37.467838
"2018-06-28",40.450001,40.669998,39.66,40.52,10173900,37.607056
"2018-06-29",40.669998,40.799999,39.369999,39.400002,14054900,36.56757
"2018-07-02",39.080002,39.560001,38.75,39.5,8608100,36.660378
"2018-07-03",39.709999,39.82,38.919998,38.970001,4975800,36.168484
"2018-07-05",39.610001,40,39.209999,39.470001,8351400,36.632538
"2018-07-06",39.380001,39.450001,38.700001,39.16,7897100,36.344822
"2018-07-09",39.380001,40,39.049999,39.75,8149000,36.89241
"2018-07-10",39.84,40.310001,39.599998,40.09,10140100,37.207966
"2018-07-11",39.5,39.689999,39.18,39.299999,8840000,36.474758
"2018-07-12",39.599998,39.639999,39.009998,39.27,8250300,36.446911
"2018-07-13",39.110001,39.41,38.93,39.360001,5144500,36.530445
"2018-07-16",39.310001,39.599998,39.169998,39.560001,7466400,36.716072
"2018-07-17",39.5,40.5,39.490002,40.029999,8806100,37.152283
"2018-07-18",40.060001,40.290001,39.560001,39.869999,9180900,37.003777
"2018-07-19",39.580002,39.810001,39.18,39.310001,6778700,36.484043
"2018-07-20",39.07,39.419998,38.860001,39.400002,10949600,36.56757
"2018-07-23",39.200001,39.380001,38.950001,39.27,7687700,36.446911
"2018-07-24",39.869999,39.98,39.259998,39.48,10760100,36.641819
"2018-07-25",37.450001,37.900002,36.259998,37.650002,42672300,34.943375
"2018-07-26",37.07,37.549999,36.599998,36.75,16719400,34.108074
"2018-07-27",36.830002,37.639999,36.77,37.529999,12629300,34.832005
"2018-07-30",37.66,38.099998,37.450001,37.669998,9460600,34.961937
"2018-07-31",37.790001,38.189999,37.700001,37.91,16479300,35.184685
"2018-08-01",37.889999,37.889999,36.880001,37.139999,11179700,34.470039
"2018-08-02",37,37.049999,36.349998,36.619999,13066100,33.987415
"2018-08-03",36.650002,37.77,36.650002,37.73,9374800,35.017624
"2018-08-06",37.57,37.689999,37.349998,37.599998,5266800,34.896969
"2018-08-07",37.700001,37.869999,37.5,37.580002,7652100,34.878407
"2018-08-08",37.610001,37.93,37.279999,37.66,6759900,34.952656
"2018-08-09",37.669998,38.32,37.32,37.509998,12413800,34.813435
"2018-08-10",37.32,37.360001,36.470001,36.59,9325800,33.959576
"2018-08-13",36.59,36.669998,35.869999,36.16,15573600,33.56049
"2018-08-14",36.25,36.540001,36.169998,36.200001,7326100,33.597614
"2018-08-15",35.82,35.950001,35.209999,35.939999,10720400,33.356308
"2018-08-16",36.18,36.68,36.07,36.290001,9413800,33.681149
"2018-08-17",36.080002,36.57,35.91,36.380001,7796700,33.764679
"2018-08-20",36.630001,36.950001,36.360001,36.77,7072800,34.126633
"2018-08-21",36.75,37.07,36.740002,36.91,10048500,34.256577
"2018-08-22",36.599998,36.720001,36.099998,36.130001,8871200,33.532646
"2018-08-23",35.950001,36.169998,35.630001,35.669998,8742400,33.105717
"2018-08-24",35.950001,36.099998,35.759998,35.950001,7278000,33.365589
"2018-08-27",36.290001,37.779999,36.23,37.689999,17968000,34.980495
"2018-08-28",37.849998,37.860001,36.919998,37.32,9638800,34.637096
"2018-08-29",37.389999,37.419998,36.880001,37.119999,7223400,34.451469
"2018-08-30",37,37.060001,36.189999,36.360001,9765400,33.746109
"2018-08-31",36.200001,36.299999,35.779999,36.049999,13713300,33.458393
"2018-09-04",36,36,35.32,35.599998,12821600,33.040752
"2018-09-05",35.599998,35.599998,35.049999,35.290001,12763700,32.753033
"2018-09-06",35,35.27,34.380001,34.380001,12913600,32.255783
"2018-09-07",34.349998,34.360001,33.610001,33.91,13209300,31.814821
"2018-09-10",33.919998,34.25,33.830002,33.869999,10682100,31.77729
"2018-09-11",33.919998,33.959999,33.439999,33.77,8521300,31.68347
"2018-09-12",33.700001,34.490002,33.700001,34.060001,9342300,31.955551
"2018-09-13",34.259998,34.48,33.900002,34.25,14848700,32.133804
"2018-09-14",34.470001,34.75,34.330002,34.630001,13652800,32.490334
"2018-09-17",34.5,35.220001,34.41,35.02,10905300,32.856239
"2018-09-18",35.169998,35.23,34.59,35.099998,8868100,32.931293
"2018-09-19",35.360001,35.939999,35.299999,35.73,10938200,33.522369
"2018-09-20",35.91,36.450001,35.740002,36.080002,11394200,33.850746
"2018-09-21",36.310001,36.490002,35.16,35.32,27172000,33.137703
"2018-09-24",35.040001,35.380001,34.450001,34.75,9971000,32.602921
"2018-09-25",34.48,34.68,33.5,33.549999,14805300,31.477062
"2018-09-26",33.490002,34,33.349998,33.73,18074500,31.645945
"2018-09-27",33.509998,33.75,33.279999,33.669998,11659300,31.589643
"2018-09-28",33.57,33.689999,33.290001,33.669998,8836700,31.589643
"2018-10-01",34.299999,34.540001,33.990002,34.200001,13737600,32.086899
"2018-10-02",33.950001,34.34,33.200001,33.299999,22731200,31.24251
"2018-10-03",35.02,35.049999,33.77,34,28301800,31.89926
"2018-10-04",34.110001,34.66,33.950001,34.25,18912600,32.133804
"2018-10-05",34.41,34.509998,33.970001,34.119999,10748600,32.011841
"2018-10-08",33.82,34.27,33.75,34.25,8405600,32.133804
"2018-10-09",34,34,32.59,32.650002,19919900,30.632671
"2018-10-10",32.599998,32.959999,32.119999,32.599998,17224300,30.58576
"2018-10-11",32.610001,33.5,32.189999,32.310001,18015300,30.313681
"2018-10-12",32.740002,32.740002,31.49,31.790001,14950700,29.825808
"2018-10-15",31.690001,32.450001,31.67,32.119999,13621000,30.135416
"2018-10-16",32.459999,32.540001,31.860001,32.34,11876700,30.341825
"2018-10-17",32.060001,32.290001,31.58,31.93,9099000,29.957157
"2018-10-18",31.709999,31.809999,30.969999,31.08,14349100,29.159678
"2018-10-19",30.719999,31.469999,30.57,31.200001,12754600,29.272263
"2018-10-22",31.450001,31.59,31.030001,31.34,11052900,29.403612
"2018-10-23",30.940001,32.400002,30.889999,32.119999,16580800,30.135416
"2018-10-24",31.790001,32.060001,30.559999,30.559999,18781400,28.671804
"2018-10-25",31.190001,32.200001,31.07,32,16763600,30.022831
"2018-10-26",31.68,32.880001,31.629999,32.650002,18038600,30.632671
"2018-10-29",34.110001,34.299999,32.73,33.130001,19548100,31.083017
"2018-10-30",33.18,33.919998,33.02,33.540001,16287500,31.467682
"2018-10-31",35.970001,37.049999,35.400002,36.59,37775200,34.329231
"2018-11-01",36.240002,36.689999,35.700001,36.470001,15233200,34.216648
"2018-11-02",36.799999,37.279999,35.560001,36.029999,13268200,33.803833
"2018-11-05",36,36.389999,35.849998,36.25,11477100,34.010239
"2018-11-06",36.18,36.560001,36.09,36.459999,11187700,34.207264
"2018-11-07",36.73,37,36.369999,36.880001,9457800,34.601315
"2018-11-08",36.41,36.889999,36.290001,36.57,10807900,34.310471
"2018-11-09",36.119999,36.439999,35.349998,35.700001,9037500,33.494225
"2018-11-12",35.639999,36.040001,35.450001,35.689999,10062100,33.484837
"2018-11-13",35.919998,36.650002,35.709999,35.93,8594000,33.710014
"2018-11-14",36.200001,36.32,34.98,35.23,10883400,33.053265
"2018-11-15",34.91,35.59,33.849998,35.549999,17675600,33.353489
"2018-11-16",35.32,35.790001,35.02,35.75,11681500,33.541134
"2018-11-19",35.75,35.970001,35.41,35.68,11595800,33.475464
"2018-11-20",35.099998,35.619999,34.849998,35.09,10332900,32.921913
"2018-11-21",35.299999,35.860001,34.970001,35.549999,6555600,33.353489
"2018-11-23",35.330002,36.110001,35.200001,35.93,4231400,33.710014
"2018-11-26",36.139999,38.75,36.049999,37.650002,30361800,35.323738
"2018-11-27",37.27,37.549999,36.209999,36.689999,25559100,34.423054
"2018-11-28",36.759998,37,35.939999,36.950001,12439900,34.666992
"2018-11-29",36.790001,36.959999,36.299999,36.759998,8251200,34.488728
"2018-11-30",36.740002,38,36.66,37.950001,18108900,35.605206
"2018-12-03",39,39.610001,38.369999,38.450001,17168900,36.074314
"2018-12-04",38.220001,38.299999,36.5,36.52,14234700,34.263557
"2018-12-06",35.740002,35.75,34.91,35.700001,14533700,33.846401
"2018-12-07",35.439999,35.93,34.549999,34.689999,9236700,32.88884
"2018-12-10",34.549999,34.779999,33.459999,34.419998,12320000,32.632858
"2018-12-11",35.549999,35.75,34.650002,34.689999,12531800,32.88884
"2018-12-12",35.23,36.040001,35.23,35.68,10324900,33.827442
"2018-12-13",35.959999,36.18,35.07,35.110001,9001000,33.287037
"2018-12-14",35,35.700001,34.849998,35.099998,8415300,33.277554
"2018-12-17",34.939999,35.619999,34.459999,34.66,10674200,32.860401
"2018-12-18",35.02,35.529999,34.689999,34.900002,8492400,33.087944
"2018-12-19",35.009998,36.200001,34.689999,34.93,11882000,33.116383
"2018-12-20",34.93,35.349998,33.84,34.27,14957400,32.49065
"2018-12-21",34.23,34.849998,32.959999,32.98,21381100,31.26763
"2018-12-24",32.650002,32.939999,32.25,32.369999,9110200,30.689297
"2018-12-26",32.580002,33.529999,31.459999,33.52,12490400,31.779596
"2018-12-27",33.07,34,32.389999,33.959999,13653000,32.196747
"2018-12-28",33.950001,34.73,33.68,33.919998,8678000,32.158825
"2018-12-31",34,34.220001,32.919998,33.450001,8455500,31.713223
"2019-01-02",32.849998,33.810001,32.41,33.639999,7662300,31.89336
"2019-01-03",33.34,33.68,32.200001,32.25,11618300,30.575533
"2019-01-04",32.799999,33.57,32.43,33.330002,10784000,31.599457
"2019-01-07",33.709999,34.970001,33.48,34.360001,10722300,32.575977
"2019-01-08",35,35.68,34.490002,34.810001,10532900,33.002613
"2019-01-09",34.959999,35.59,34.709999,35.18,9917600,33.353401
"2019-01-10",35,35.049999,34.169998,34.73,9143700,32.926765
"2019-01-11",36.599998,37.970001,36.25,37.18,32257100,35.249561
"2019-01-14",37.25,38,37.02,37.66,14361100,35.704636
"2019-01-15",37.84,37.84,36.799999,37.549999,11999100,35.600346
"2019-01-16",37.48,37.98,37.27,37.669998,17427400,35.714115
"2019-01-17",37.5,38.299999,37.400002,38.259998,13060500,36.273476
"2019-01-18",38.450001,38.77,37.84,38.610001,10494100,36.605309
"2019-01-22",38.279999,38.779999,37.889999,38.150002,12134400,36.169197
"2019-01-23",38.200001,38.360001,37.48,37.669998,7752800,35.714115
"2019-01-24",37.759998,38.290001,37.66,38.16,7809100,36.17868
"2019-01-25",38.650002,38.830002,38.360001,38.639999,8842600,36.633751
"2019-01-28",38.23,38.599998,38.060001,38.459999,11384400,36.4631
"2019-01-29",38.310001,38.540001,38.09,38.470001,5745200,36.47258
"2019-01-30",38.5,39.139999,38.119999,39.09,11033000,37.06039
"2019-01-31",38.810001,39.049999,38.490002,39.02,11219300,36.994022
"2019-02-01",38.91,39.150002,38.52,38.779999,8040300,36.766479
"2019-02-04",38.650002,38.939999,38.349998,38.93,9960000,36.908695
"2019-02-05",39.080002,39.360001,38.73,39.299999,12158000,37.259487
"2019-02-06",40.169998,40.740002,39.529999,39.91,16883000,37.837814
"2019-02-07",39.23,39.41,38.34,38.650002,15800700,36.643234
"2019-02-08",38.5,38.709999,38.009998,38.700001,8111500,36.690636
"2019-02-11",38.310001,38.689999,38.220001,38.630001,9364900,36.624275
"2019-02-12",38.799999,39.32,38.799999,39.029999,9725800,37.003506
"2019-02-13",39.279999,39.389999,38.82,39,6735900,36.97506
"2019-02-14",38.810001,39.09,38.709999,38.889999,7050500,36.87077
"2019-02-15",39.060001,39.189999,38.740002,39.09,8582300,37.06039
"2019-02-19",38.98,39.68,38.91,39.529999,9122200,37.477543
"2019-02-20",39.639999,40.099998,39.52,39.950001,9794800,37.875736
"2019-02-21",40,40.200001,39.540001,39.619999,7436000,37.56287
"2019-02-22",39.84,40.009998,39.439999,39.990002,6742300,37.913662
"2019-02-25",40.25,40.459999,40.09,40.139999,9252300,38.05587
"2019-02-26",39.91,40.360001,39.830002,40.110001,7611600,38.027428
"2019-02-27",40.09,40.16,39.779999,40,8671900,37.923145
"2019-02-28",39.82,39.91,39.200001,39.48,9053400,37.430141
"2019-03-01",39.849998,39.970001,39.049999,39.529999,7706200,37.477543
"2019-03-04",39.700001,41.5,39.029999,39.25,7524500,37.212086
"2019-03-05",39.279999,39.419998,39.02,39.279999,4866200,37.240524
"2019-03-06",39.240002,39.290001,38.490002,38.669998,9413300,36.662197
"2019-03-07",38.099998,38.34,37.639999,38.040001,8999800,36.422825
"2019-03-08",37.630001,38.040001,37.5,37.990002,6911000,36.37495
"2019-03-11",38.080002,38.790001,38,38.619999,12218800,36.978165
"2019-03-12",38.700001,39.029999,38.5,38.619999,6633600,36.978165
"2019-03-13",38.740002,39.029999,38.599998,38.799999,7334100,37.150513
"2019-03-14",38.759998,38.82,37.939999,38.029999,8692900,36.413246
"2019-03-15",38.040001,38.290001,37.880001,38.07,16854700,36.451546
"2019-03-18",38.18,38.240002,37.619999,37.98,7583800,36.365372
"2019-03-19",38.310001,38.75,38.040001,38.27,9003300,36.643044
"2019-03-20",37.740002,37.939999,36.779999,37,11680000,35.427036
"2019-03-21",37,37.380001,36.779999,37.349998,8168100,35.762157
"2019-03-22",37.09,37.299999,36.279999,36.439999,10049500,34.890842
"2019-03-25",36.48,37.029999,36.259998,36.75,6922200,35.187664
"2019-03-26",36.93,36.98,36.560001,36.869999,6867200,35.302563
"2019-03-27",36.919998,37.240002,36.470001,36.610001,7006500,35.053619
"2019-03-28",36.700001,37.23,36.66,37.060001,5591300,35.484486
"2019-03-29",37.310001,37.400002,36.919998,37.099998,9432600,35.522781
"2019-04-01",37.400002,37.82,37.330002,37.759998,7145600,36.154728
"2019-04-02",37.830002,38.009998,37.610001,37.810001,5667100,36.202599
"2019-04-03",38.25,38.639999,38.23,38.389999,8815300,36.757942
"2019-04-04",38.400002,38.939999,38.389999,38.790001,7116100,37.140938
"2019-04-05",38.849998,39.009998,38.580002,38.939999,4497800,37.284561
"2019-04-08",38.77,39.09,38.759998,39.060001,5992400,37.39946
"2019-04-09",38.849998,39.080002,38.700001,38.860001,6528900,37.207966
"2019-04-10",38.889999,39.419998,38.779999,39.25,5471100,37.581387
"2019-04-11",39.380001,39.59,39.130001,39.330002,4581500,37.657982
"2019-04-12",39.599998,40.049999,39.529999,39.709999,4949700,38.021828
"2019-04-15",39.900002,40.009998,39.349998,39.57,5179400,37.887775
"2019-04-16",39.560001,39.91,39.459999,39.66,5985300,37.973953
"2019-04-17",40.099998,40.259998,39.880001,39.990002,8643500,38.289925
"2019-04-18",40,40.450001,39.98,40.299999,10678000,38.586742
"2019-04-22",40,40.099998,39.490002,39.5,7203800,37.820755
"2019-04-23",39.400002,39.84,39.18,39.830002,9507500,38.13673
"2019-04-24",39.509998,39.889999,39.369999,39.720001,5564700,38.031403
"2019-04-25",39.52,39.720001,38.950001,39.110001,8154600,37.447334
"2019-04-26",40.049999,40.099998,39.439999,39.68,11830500,37.993103
"2019-04-29",39.75,40.279999,39.689999,40.009998,9601100,38.309074
"2019-04-30",38.919998,39.470001,38.560001,38.950001,16035500,37.294136
"2019-05-01",39,39.200001,38.66,38.75,8843300,37.102638
"2019-05-02",38.459999,38.84,38.200001,38.25,11291900,36.623894
"2019-05-03",38.540001,38.900002,38.169998,38.799999,7201000,37.150513
"2019-05-06",37.5,38.169998,37.25,38.09,7506200,36.470695
"2019-05-07",38.860001,38.889999,38.27,38.529999,11257000,36.891991
"2019-05-08",38.419998,38.779999,38.139999,38.209999,7082900,36.585594
"2019-05-09",37.59,37.669998,37.220001,37.580002,8898600,35.98238
"2019-05-10",37.5,37.98,37.040001,37.889999,6440600,36.279198
"2019-05-13",36.849998,37.119999,36.450001,36.560001,19454800,35.005745
"2019-05-14",36.810001,37.389999,36.68,37.040001,6534600,35.46534
"2019-05-15",36.630001,37.560001,36.48,37.369999,8190400,35.781307
"2019-05-16",37.299999,37.619999,37.130001,37.380001,5734600,35.790882
"2019-05-17",37.009998,37.360001,36.849998,37,7970000,35.427036
"2019-05-20",36.66,37,36.639999,36.970001,17521900,35.398315
"2019-05-21",37,37.240002,36.73,37.130001,8387600,35.55151
"2019-05-22",37,37.049999,35.41,35.549999,13264100,34.038677
"2019-05-23",35.150002,35.18,34.349998,35.130001,13746200,33.636536
"2019-05-24",35.400002,35.419998,34.869999,35.119999,5262500,33.626961
"2019-05-28",35.200001,35.34,34.709999,34.849998,7895400,33.368439
"2019-05-29",34.669998,34.849998,34.32,34.790001,12911200,33.310993
"2019-05-30",34.759998,35.09,34.48,34.82,8550000,33.33971
"2019-05-31",33.299999,33.700001,33.150002,33.34,15779900,31.922632
"2019-06-03",33.349998,33.830002,33.080002,33.700001,11019400,32.26733
"2019-06-04",34.380001,35.77,34.299999,35.73,12875700,34.211025
"2019-06-05",36.040001,36.139999,35.330002,35.84,9605600,34.316349
"2019-06-06",35.09,35.439999,34.459999,35.189999,9749200,34.055058
"2019-06-07",35.310001,35.549999,35.150002,35.490002,6561000,34.345383
"2019-06-10",36.130001,36.509998,35.889999,36.009998,8498000,34.84861
"2019-06-11",36.360001,36.580002,36.099998,36.200001,4652000,35.032486
"2019-06-12",36.259998,36.259998,35.560001,35.669998,5509500,34.519577
"2019-06-13",35.630001,36.049999,35.41,36.02,3917300,34.858288
"2019-06-14",35.880001,35.990002,35.540001,35.66,4953400,34.509899
"2019-06-17",35.560001,36.18,35.360001,36.139999,5454900,34.974415
"2019-06-18",36.380001,36.779999,36.139999,36.700001,8226900,35.516357
"2019-06-19",37,37.470001,36.75,36.779999,10884800,35.593781
"2019-06-20",37.150002,37.310001,36.490002,36.959999,8639700,35.767975
"2019-06-21",36.959999,37.099998,36.650002,36.919998,13004600,35.729259
"2019-06-24",36.830002,37.119999,36.580002,36.959999,7449000,35.767975
"2019-06-25",37.060001,37.880001,36.740002,37.68,12930500,36.464748
"2019-06-26",37.82,38.5,37.709999,38.130001,11911400,36.900238
"2019-06-27",38.599998,38.990002,38.16,38.32,8106600,37.08411
"2019-06-28",38.330002,38.919998,38.330002,38.529999,11480900,37.287334
"2019-07-01",38.93,38.990002,38.43,38.75,10218000,37.50024
"2019-07-02",38.73,38.75,38.150002,38.34,6679300,37.103466
"2019-07-03",38.5,38.689999,37.990002,38.16,4409400,36.929272
"2019-07-05",38,38.52,37.740002,38.5,4851900,37.258308
"2019-07-08",38.41,38.639999,38.119999,38.23,5787300,36.997013
"2019-07-09",37.970001,38.169998,37.580002,38.080002,6204700,36.851849
"2019-07-10",38.349998,38.470001,37.869999,38.099998,5153100,36.871208
"2019-07-11",38.279999,38.580002,38.099998,38.43,4598400,37.190559
"2019-07-12",38.599998,39.41,38.52,39.209999,7164700,37.945404
"2019-07-15",39.209999,39.360001,38.889999,39.360001,5448800,38.090569
"2019-07-16",38.990002,39.700001,38.650002,39.43,8584800,38.158314
"2019-07-17",39.41,39.459999,38.82,39.16,5727300,37.897018
"2019-07-18",38.970001,39.279999,38.869999,39.119999,5713800,37.858307
"2019-07-19",39.400002,39.82,39.240002,39.48,8194500,38.206699
"2019-07-22",39.959999,40.369999,39.77,39.860001,6812800,38.57444
"2019-07-23",40.349998,40.919998,40.150002,40.709999,12584300,39.397026
"2019-07-24",40.59,40.91,40.330002,40.880001,7318200,39.561546
"2019-07-25",40.34,40.82,40.119999,40.75,8304800,39.435738
"2019-07-26",40.720001,41,40.470001,40.77,5705900,39.455093
"2019-07-29",40.709999,40.880001,40.560001,40.68,5711200,39.367996
"2019-07-30",40.259998,40.560001,39.919998,40.43,5436900,39.126057
"2019-07-31",40.599998,40.720001,40.110001,40.34,10155700,39.03896
"2019-08-01",41.259998,41.900002,39.669998,40.150002,18102900,38.855087
"2019-08-02",39.91,40.23,39.59,39.779999,9144900,38.497021
"2019-08-05",39.200001,39.279999,38.68,39.009998,9478000,37.75185
"2019-08-06",39.16,39.310001,38.650002,39.080002,7104500,37.819603
"2019-08-07",38.689999,39.5,38.41,39.389999,7924700,38.119598
"2019-08-08",39.5,40.200001,39.369999,40.099998,6204200,38.806702
"2019-08-09",39.759998,39.860001,39.299999,39.610001,6125000,38.332504
"2019-08-12",39.23,39.310001,38.669998,38.860001,4130100,37.606697
"2019-08-13",38.830002,39.630001,38.48,39.009998,6318700,37.75185
"2019-08-14",38.25,38.279999,37.049999,37.189999,9878100,35.990555
"2019-08-15",37.169998,37.240002,36.150002,36.470001,7904300,35.293777
"2019-08-16",36.580002,37.099998,36.369999,37,7171900,35.806683
"2019-08-19",37.509998,37.599998,37.189999,37.360001,3899900,36.155075
"2019-08-20",37.200001,37.290001,36.919998,36.959999,4110400,35.767975
"2019-08-21",37.360001,37.360001,37.060001,37.119999,3791800,35.922806
"2019-08-22",37.25,37.509998,37.049999,37.259998,4044300,36.058296
"2019-08-23",36.610001,37.18,35.900002,36.060001,7834100,34.896999
"2019-08-26",36.490002,36.610001,36.009998,36.25,4838500,35.080872
"2019-08-27",36.470001,36.580002,35.849998,35.889999,6221600,34.732479
"2019-08-28",35.700001,36.57,35.580002,36.439999,7284600,35.264744
"2019-08-29",36.799999,37.02,36.73,36.91,5123700,35.719585
"2019-08-30",37.25,37.34,36.91,37.09,4599000,35.89378
"2019-09-03",36.889999,37.009998,36.540001,36.91,6093900,35.719585
"2019-09-04",37.310001,38.32,37.240002,38.240002,8105700,37.006691
"2019-09-05",38.619999,39.540001,38.619999,38.73,10747000,37.857082
"2019-09-06",38.919998,38.93,38.52,38.779999,5012700,37.905952
"2019-09-09",39.060001,39.779999,38.950001,39.580002,7543800,38.687923
"2019-09-10",39.200001,39.68,38.84,39.580002,7233600,38.687923
"2019-09-11",39.400002,39.540001,38.860001,39.459999,6991800,38.570625
"2019-09-12",39.41,39.490002,38.900002,39.07,6982100,38.189419
"2019-09-13",39.470001,39.580002,38.779999,38.860001,10133600,37.98415
"2019-09-16",37.970001,38.16,36.970001,37.209999,15650300,36.371338
"2019-09-17",37.200001,38.419998,36.849998,38.290001,11349200,37.426998
"2019-09-18",38.150002,38.349998,37.919998,38.18,5949800,37.319477
"2019-09-19",38.25,38.349998,37.740002,37.779999,4924600,36.92849
"2019-09-20",38.060001,38.07,37.290001,37.369999,18762200,36.527733
"2019-09-23",36.790001,37.43,36.57,37.240002,7044100,36.400665
"2019-09-24",37.34,37.490002,36.549999,36.77,6965500,35.941254
"2019-09-25",36.759998,37.25,36.439999,37.110001,8414900,36.273594
"2019-09-26",37.360001,37.889999,37.169998,37.610001,8301200,36.762325
"2019-09-27",37.84,37.970001,36.970001,37.419998,6879500,36.576607
"2019-09-30",37.529999,37.580002,37.009998,37.48,7477000,36.635254
"2019-10-01",37.470001,37.48,36.029999,36.110001,9991600,35.296131
"2019-10-02",35.77,35.77,34.41,34.68,12940100,33.898361
"2019-10-03",34.509998,34.990002,34.16,34.98,12044600,34.191601
"2019-10-04",35,35.189999,34.580002,34.91,7037700,34.123177
"2019-10-07",34.599998,35.110001,34.299999,34.75,6640500,33.966785
"2019-10-08",34.310001,34.470001,33.709999,33.880001,10686900,33.116394
"2019-10-09",33.98,34.34,33.790001,34.139999,6329300,33.370529
"2019-10-10",34.450001,35.299999,34.209999,34.66,10914900,33.878811
"2019-10-11",35.220001,36,35.209999,35.57,12177900,34.768299
"2019-10-14",35.389999,35.560001,35.27,35.5,5630700,34.699879
"2019-10-15",35.470001,36.560001,35.169998,36.259998,10249400,35.442749
"2019-10-16",36.490002,37.220001,36.450001,36.650002,13294400,35.823963
"2019-10-17",36.810001,36.82,35.869999,36.189999,8122200,35.374325
"2019-10-18",36.09,36.369999,36.009998,36.169998,6858800,35.354778
"2019-10-21",36.439999,36.720001,35.630001,35.93,7039300,35.12019
"2019-10-22",35.77,36.580002,35.560001,36.310001,6730400,35.491623
"2019-10-23",36.25,36.639999,35.830002,36.610001,6413900,35.784866
"2019-10-24",36.619999,36.77,35.740002,35.82,6718800,35.012669
"2019-10-25",35.779999,36.82,35.759998,36.740002,8735600,35.911934
"2019-10-28",37.209999,37.299999,36.490002,36.639999,10645500,35.814186
"2019-10-29",37.599998,38.700001,37.599998,38.209999,18562500,37.348797
"2019-10-30",38.259998,38.259998,37.419998,37.91,7393200,37.055561
"2019-10-31",37.619999,37.91,36.860001,37.16,7652700,36.322464
"2019-11-01",37.209999,38.07,37.209999,37.970001,7925300,37.114208
"2019-11-04",38.349998,38.490002,38.220001,38.389999,7782300,37.524746
"2019-11-05",38.610001,38.889999,38.209999,38.23,7317800,37.368351
"2019-11-06",38.369999,38.48,37.759998,38.419998,7280900,37.554066
"2019-11-07",38.599998,38.900002,38.459999,38.490002,8070100,37.62249
"2019-11-08",38.419998,38.669998,37.82,38.669998,5913000,37.798431
"2019-11-11",38.599998,38.799999,38.380001,38.720001,3907400,37.847305
"2019-11-12",38.740002,38.959999,38.360001,38.59,12687200,37.720234
"2019-11-13",38.400002,38.400002,37.09,37.189999,12447200,36.351791
"2019-11-14",37.099998,37.450001,36.689999,36.799999,13019300,35.970581
"2019-11-15",37,37.110001,36.73,36.889999,12358900,36.058548
"2019-11-18",36.68,36.830002,36.389999,36.619999,9766600,35.794636
"2019-11-19",36.669998,36.700001,36.009998,36.380001,10534600,35.560051
"2019-11-20",36.209999,36.259998,35.18,35.279999,14056200,34.484837
"2019-11-21",35.529999,35.580002,34.59,34.669998,14379800,33.888588
"2019-11-22",35.27,35.5,34.93,35.330002,13566900,34.533714
"2019-11-25",35.450001,35.889999,35.349998,35.810001,12208000,35.002895
"2019-11-26",35.700001,35.93,35.509998,35.91,8245900,35.100639
"2019-11-27",36.009998,36.27,35.849998,36.139999,5838700,35.325455
"2019-11-29",36.049999,36.130001,35.849998,36,3927000,35.18861
"2019-12-02",36.009998,36.360001,35.84,35.880001,6782000,35.071316
"2019-12-03",35.470001,35.619999,34.959999,35.529999,8211000,34.729202
"2019-12-04",35.740002,36.049999,35.68,35.799999,8962100,34.993114
"2019-12-05",35.599998,35.650002,35.220001,35.310001,6892800,34.884445
"2019-12-06",35.639999,35.759998,35.450001,35.540001,8404200,35.111671
"2019-12-09",35.450001,35.59,35.349998,35.380001,6922700,34.953602
"2019-12-10",35.349998,35.380001,34.959999,35.110001,7594600,34.686855
"2019-12-11",35.130001,35.41,35.099998,35.240002,7754200,34.815289
"2019-12-12",35.34,36.290001,35.240002,36.099998,11352800,35.664921
"2019-12-13",36.16,36.34,35.610001,35.650002,8276000,35.220348
"2019-12-16",35.82,36.240002,35.650002,36.110001,11233700,35.674805
"2019-12-17",36.200001,36.389999,36.110001,36.310001,8869800,35.872395
"2019-12-18",36.34,37.43,36.330002,37.310001,12651000,36.86034
"2019-12-19",37.310001,37.360001,36.84,37.259998,10774000,36.81094
"2019-12-20",37.540001,37.619999,37.189999,37.25,13976100,36.801064
"2019-12-23",37.389999,37.41,36.630001,36.77,8754500,36.326847
"2019-12-24",36.73,36.740002,36.5,36.580002,2924200,36.139141
"2019-12-26",36.59,36.599998,36.330002,36.48,5439700,36.040344
"2019-12-27",36.560001,36.709999,36.43,36.560001,5753500,36.119381
"2019-12-30",36.5,36.639999,36.200001,36.439999,5353900,36.000824
"2019-12-31",36.369999,36.740002,36.32,36.599998,5160200,36.158894
"2020-01-02",37,37.380001,36.549999,37.380001,7454400,36.929497
"2020-01-03",36.73,36.919998,36.110001,36.32,9173000,35.882271
"2020-01-06",35.950001,36.18,35.799999,35.84,8408200,35.408058
"2020-01-07",35.75,35.84,34.740002,35.150002,17556800,34.726376
"2020-01-08",35.040001,35.200001,34.41,34.650002,13229400,34.232399
"2020-01-09",34.990002,35.099998,34.529999,35.080002,9610400,34.657219
"2020-01-10",35.150002,36.450001,34.509998,34.650002,9644900,34.232399
"2020-01-13",34.689999,35,34.490002,34.98,7465700,34.558422
"2020-01-14",35,35.349998,34.959999,35.150002,6827100,34.726376
"2020-01-15",35,35.32,34.889999,35.150002,7173900,34.726376
"2020-01-16",35.209999,35.580002,35.150002,35.549999,7280800,35.121552
"2020-01-17",35.57,35.73,35.41,35.599998,9871700,35.170948
"2020-01-21",35.360001,35.549999,34.959999,34.990002,11550500,34.568302
"2020-01-22",35.130001,35.349998,34.860001,34.91,7358400,34.489265
"2020-01-23",34.77,34.990002,34.009998,34.880001,8595200,34.459629
"2020-01-24",34.900002,34.990002,34.009998,34.310001,9386600,33.896496
"2020-01-27",33.630001,33.759998,33.169998,33.41,10359100,33.007343
"2020-01-28",33.57,33.860001,33.34,33.639999,8871000,33.23457
"2020-01-29",33.799999,34.040001,33.59,33.599998,6977700,33.195053
"2020-01-30",33.400002,33.450001,32.970001,33.330002,11533000,32.92831
"2020-01-31",33.25,33.490002,33.139999,33.389999,18631400,32.987583
"2020-02-03",33.560001,34.34,33.52,33.720001,17934700,33.313606
"2020-02-04",34.349998,34.82,34.200001,34.369999,14346300,33.955772
"2020-02-05",34.900002,35.450001,34.189999,35.029999,19050400,34.607819
"2020-02-06",35.049999,35.099998,34.25,34.330002,11866300,33.916256
"2020-02-07",34.080002,34.16,33.419998,33.630001,14437100,33.224693
"2020-02-10",33.990002,34.299999,33.669998,34.25,12260600,33.837219
"2020-02-11",34.34,35.259998,34.07,35.009998,12718600,34.588058
"2020-02-12",35.330002,35.790001,35.130001,35.490002,12076300,35.062275
"2020-02-13",35.209999,35.529999,35.16,35.290001,7578400,34.864685
"2020-02-14",35.299999,35.389999,34.419998,34.759998,8946000,34.341072
"2020-02-18",34.25,34.740002,33.959999,34.41,10531000,33.995289
"2020-02-19",34.529999,35.099998,34.52,34.919998,9079500,34.499142
"2020-02-20",34.66,35.400002,34.59,35.290001,7817900,34.864685
"2020-02-21",34.990002,35.080002,34.41,34.650002,8431500,34.232399
"2020-02-24",33.639999,33.75,32.790001,33.09,14743100,32.6912
"2020-02-25",33.25,33.279999,31.4,31.75,14621900,31.36735
"2020-02-26",32.099998,32.610001,31.889999,32,14421900,31.614336
"2020-02-27",31.299999,31.92,30.549999,30.709999,14940400,30.339882
"2020-02-28",29.780001,30.5,29.33,30.5,20827000,30.132414
"2020-03-02",30.52,31.450001,29.74,31.42,14994600,31.041327
"2020-03-03",31.5,32.299999,30.26,30.52,15816200,30.152174
"2020-03-04",31,31.57,30.360001,31.530001,16227800,31.150002
"2020-03-05",30.540001,30.77,30.01,30.1,17921300,30.1
"2020-03-06",29.209999,29.540001,28.450001,28.690001,20009500,28.690001
"2020-03-09",26,26.120001,24.15,24.690001,28350600,24.690001
"2020-03-10",25.98,27.139999,24.59,27.120001,18287700,27.120001
"2020-03-11",26,26.620001,25.76,26,21309700,26
"2020-03-12",23.6,24.35,22.5,23.040001,20344500,23.040001
"2020-03-13",24.6,25.33,22.9,24.709999,17909800,24.709999
"2020-03-16",21.51,22.41,21,21,18056800,21
"2020-03-17",21.309999,21.58,19.5,20.32,23544400,20.32
"2020-03-18",18.83,19.049999,14.33,16.799999,39591100,16.799999
"2020-03-19",16.34,18.99,15,17.709999,34361800,17.709999
"2020-03-20",18.42,18.959999,17.68,18.139999,35702000,18.139999
"2020-03-23",18.01,18.559999,17.23,17.6,25419700,17.6
"2020-03-24",19.32,21.67,18.6,21.110001,24082900,21.110001
"2020-03-25",23,23.15,21,21.49,27617200,21.49
"2020-03-26",21.639999,22.969999,21.059999,22.559999,16959000,22.559999
"2020-03-27",21.370001,21.959999,20.74,21.379999,18349700,21.379999
"2020-03-30",22.309999,22.48,20.629999,21.32,18477800,21.32
"2020-03-31",20.969999,22.209999,20.549999,20.780001,20303000,20.780001
"2020-04-01",19.5,20.17,18.99,19.26,17467100,19.26
"2020-04-02",19.1,19.690001,17.790001,18.190001,17920600,18.190001
"2020-04-03",18.4,18.780001,17.85,18.040001,13835500,18.040001
"2020-04-06",19.1,19.76,18.549999,19.549999,22442100,19.549999
"2020-04-07",21.27,22.209999,20.709999,21.299999,30405600,21.299999
"2020-04-08",21.74,23.6,21.469999,23.129999,23774400,23.129999
"2020-04-09",24.16,24.99,23.58,24.059999,22490500,24.059999
"2020-04-13",24.040001,24.1,22.719999,23.01,14802600,23.01
"2020-04-14",23.6,23.77,22.67,22.98,12654700,22.98
"2020-04-15",21.92,22.27,21.469999,21.66,12760900,21.66
"2020-04-16",21.639999,21.65,20.559999,20.870001,11501700,20.870001
"2020-04-17",21.92,22.540001,21.83,22.48,17166300,22.48
"2020-04-20",21.719999,22.639999,21.440001,22.379999,15912400,22.379999
"2020-04-21",21.27,21.889999,20.98,21.24,13507300,21.24
"2020-04-22",21.65,21.780001,21.07,21.299999,9547300,21.299999
"2020-04-23",21.549999,22.059999,21.450001,21.52,10673000,21.52
"2020-04-24",21.709999,22.24,21.540001,21.950001,11990500,21.950001
"2020-04-27",21.52,22.57,21.139999,22.450001,20240600,22.450001
"2020-04-28",23.18,23.4,22.1,22.18,22085500,22.18
"2020-04-29",22.75,24.57,22.68,23.780001,23541000,23.780001
"2020-04-30",23.440001,23.440001,22.25,22.290001,15272400,22.290001
"2020-05-01",21.65,21.76,20.799999,20.9,17874500,20.9
"2020-05-04",20.450001,20.879999,20.120001,20.75,16188800,20.75
"2020-05-05",21.25,21.969999,21.120001,21.26,17802300,21.26
"2020-05-06",23.049999,23.65,21.83,21.889999,34430500,21.889999
"2020-05-07",22.18,22.98,22.030001,22.440001,16977100,22.440001
"2020-05-08",23.07,24,23.049999,23.93,16554500,23.93
"2020-05-11",23.25,23.389999,22.59,22.799999,16754000,22.799999
"2020-05-12",22.99,23.27,22.549999,22.559999,12182900,22.559999
"2020-05-13",22.440001,22.450001,21.129999,21.459999,16832600,21.459999
"2020-05-14",20.66,22.34,20.49,22.309999,15629100,22.309999
"2020-05-15",21.969999,22.68,21.83,22.629999,14221300,22.629999
"2020-05-18",24,25.209999,24,24.809999,23277000,24.809999
"2020-05-19",24.75,25.700001,24.290001,24.690001,18484600,24.690001
"2020-05-20",25.309999,25.889999,25.219999,25.48,14056800,25.48
"2020-05-21",25.290001,26.02,25.209999,25.799999,14320700,25.799999
"2020-05-22",25.99,26.23,25.219999,25.98,14317400,25.98
"2020-05-26",27.82,27.889999,27.25,27.4,18870500,27.4
"2020-05-27",28.530001,28.83,26.91,27.790001,15030700,27.790001
"2020-05-28",27.860001,27.940001,26.6,26.68,11641000,26.68
"2020-05-29",26.35,26.57,25.690001,25.879999,22203900,25.879999
"2020-06-01",25.99,27.219999,25.91,26.940001,10452800,26.940001
"2020-06-02",27.32,27.620001,26.950001,27.41,10953800,27.41
"2020-06-03",28.42,29.129999,28.25,29.07,16860900,29.07
"2020-06-04",28.860001,29.440001,28.52,29.16,16328800,29.16
"2020-06-05",31,31.15,29.809999,30.610001,29418600,30.610001
"2020-06-08",31.219999,31.66,30.6,30.68,15234200,30.68
"2020-06-09",29.4,30.219999,28.709999,29.860001,16945500,29.860001
"2020-06-10",29.799999,29.84,28.42,28.75,15648000,28.75
"2020-06-11",26.620001,27.799999,26.290001,26.5,19121900,26.5
"2020-06-12",28.719999,28.959999,27.07,27.959999,21587200,27.959999
"2020-06-15",26.610001,28.1,26.57,27.77,15321200,27.77
"2020-06-16",29.110001,29.18,27.48,27.780001,17466100,27.780001
"2020-06-17",27.780001,28.049999,27.129999,27.16,11123800,27.16
"2020-06-18",26.9,27.549999,26.709999,27.09,11086400,27.09
"2020-06-19",27.74,27.83,26.33,26.59,27880400,26.59
"2020-06-22",26.6,26.639999,25.85,26.370001,13079500,26.370001
"2020-06-23",26.75,26.85,26.23,26.25,12455400,26.25
"2020-06-24",25.85,25.98,25.01,25.280001,14887800,25.280001
"2020-06-25",25,25.290001,24.540001,25.23,14328300,25.23
"2020-06-26",25,25.110001,24.25,24.459999,16476800,24.459999
"2020-06-29",24.709999,25.35,24.48,25.299999,10011700,25.299999
"2020-06-30",25.09,25.6,24.74,25.299999,14322000,25.299999
"2020-07-01",25.299999,25.940001,24.93,24.959999,11963000,24.959999
"2020-07-02",25.620001,25.85,25.08,25.24,22202300,25.24
"2020-07-06",25.959999,26.040001,25.43,25.73,9172100,25.73
"2020-07-07",25.59,25.629999,25.059999,25.129999,11950500,25.129999
"2020-07-08",25.190001,25.26,24.67,24.940001,11111600,24.940001
"2020-07-09",24.76,24.83,23.33,23.42,17778200,23.42
"2020-07-10",23.549999,24.4,23.33,24.389999,15660000,24.389999
"2020-07-13",24.65,25.190001,24.370001,24.860001,14766800,24.860001
"2020-07-14",24.799999,25.85,24.67,25.639999,16477100,25.639999
"2020-07-15",26.32,27.030001,26.129999,26.879999,14893700,26.879999
"2020-07-16",26.35,27.190001,26.26,26.85,9736400,26.85
"2020-07-17",26.99,27,26.25,26.450001,8116100,26.450001
"2020-07-20",26.209999,26.540001,25.77,26.01,8663500,26.01
"2020-07-21",26.17,26.48,25.969999,26.15,9738200,26.15
"2020-07-22",25.870001,26.5,25.799999,26.299999,10702600,26.299999
"2020-07-23",26.440001,27.33,26.33,26.76,13653500,26.76
"2020-07-24",26.6,26.879999,26.110001,26.25,8584800,26.25
"2020-07-27",25.879999,25.92,25.309999,25.700001,16598100,25.700001
"2020-07-28",25.780001,26.75,25.690001,26.33,12854300,26.33
"2020-07-29",27.040001,27.049999,24.93,25.889999,28792100,25.889999
"2020-07-30",25.129999,25.459999,25.02,25.200001,16012000,25.200001
"2020-07-31",25.120001,25.15,24.440001,24.889999,17789000,24.889999
"2020-08-03",25.059999,25.77,24.82,25.639999,10441200,25.639999
"2020-08-04",25.870001,26.030001,25.51,25.799999,15728800,25.799999
"2020-08-05",26.200001,26.35,25.879999,26.33,9075100,26.33
"2020-08-06",26.17,27.190001,26.15,26.620001,14171800,26.620001
"2020-08-07",26.48,26.809999,26.17,26.719999,8038600,26.719999
"2020-08-10",26.91,28.059999,26.860001,27.98,10853600,27.98
"2020-08-11",28.469999,29.35,28.440001,28.52,17260200,28.52
"2020-08-12",28.99,29.75,27.780001,28.030001,10060800,28.030001
"2020-08-13",27.73,28.219999,27.5,27.549999,7586100,27.549999
"2020-08-14",27.290001,28.129999,27.15,27.860001,8587700,27.860001
"2020-08-17",28.6,30.780001,28.43,30.01,33827800,30.01
"2020-08-18",30.549999,31.120001,29.790001,29.84,23102800,29.84
"2020-08-19",29.65,30.030001,29.08,29.219999,14504200,29.219999
"2020-08-20",28.700001,29.17,28.639999,28.83,9680200,28.83
"2020-08-21",28.74,28.950001,28.43,28.559999,9841200,28.559999
"2020-08-24",29.280001,30.76,28.99,30.309999,20137900,30.309999
"2020-08-25",30.4,30.73,29.48,29.690001,13006700,29.690001
"2020-08-26",29.780001,29.83,29.120001,29.48,9740000,29.48
"2020-08-27",29.6,30.24,29.52,29.690001,8745400,29.690001
"2020-08-28",29.860001,30.23,29.639999,30.02,9180200,30.02
"2020-08-31",30.02,30.190001,29.610001,29.629999,9585200,29.629999
"2020-09-01",29.530001,29.85,29.34,29.790001,9007100,29.790001
"2020-09-02",29.85,31.09,29.799999,30.959999,16246200,30.959999
"2020-09-03",30.93,31.52,29.129999,29.48,22358100,29.48
"2020-09-04",29.93,30.370001,29.360001,30,13822000,30
"2020-09-08",31.719999,33.330002,31.049999,32.380001,5.2e+07,32.380001
"2020-09-09",32.110001,32.75,31.73,31.950001,22375200,31.950001
"2020-09-10",31.82,31.879999,30.139999,30.17,24845100,30.17
"2020-09-11",30.299999,30.57,29.870001,30.459999,13638700,30.459999
"2020-09-14",30.719999,31.559999,30.540001,31.18,11972100,31.18
"2020-09-15",31.360001,33.139999,30.83,31.58,21096300,31.58
"2020-09-16",32.68,32.790001,31.74,31.790001,16397800,31.790001
"2020-09-17",31.309999,31.950001,30.950001,31.92,11459900,31.92
"2020-09-18",31.85,32.049999,31.360001,31.5,15039900,31.5
"2020-09-21",30.299999,30.42,29.16,30,20577900,30
"2020-09-22",29.85,30.360001,29.33,29.440001,11106800,29.440001
"2020-09-23",29.49,29.99,29.200001,29.34,10899600,29.34
"2020-09-24",29.049999,29.59,28.24,29.110001,12393700,29.110001
"2020-09-25",28.860001,29.219999,28.559999,29,9350400,29
"2020-09-28",29.82,30.040001,29.379999,29.440001,8395700,29.440001
"2020-09-29",29.27,29.4,28.5,28.74,7419900,28.74
"2020-09-30",28.889999,29.82,28.889999,29.59,11522000,29.59
"2020-10-01",29.52,30.51,29.15,30.379999,15052900,30.379999
"2020-10-02",29.65,30.9,29.59,30.459999,9474000,30.459999
"2020-10-05",30.85,31.290001,30.799999,30.959999,8314100,30.959999
"2020-10-06",31.27,31.450001,30.299999,30.4,10293700,30.4
"2020-10-07",30.85,31.76,30.809999,31.620001,11794500,31.620001
"2020-10-08",31.9,32.639999,31.799999,32.209999,17323300,32.209999
"2020-10-09",32.299999,32.68,32.02,32.16,9411700,32.16
"2020-10-12",32.360001,32.669998,32.119999,32.209999,6932600,32.209999
"2020-10-13",32.130001,32.279999,31.469999,31.870001,7842100,31.870001
"2020-10-14",32.080002,32.240002,31.530001,31.67,8006200,31.67
"2020-10-15",30.99,32.689999,30.950001,32.59,11829800,32.59
"2020-10-16",32.880001,33.470001,32.68,33.450001,11947300,33.450001
"2020-10-19",33.5,33.869999,33.049999,33.349998,10527300,33.349998
"2020-10-20",33.959999,36.369999,33.77,35.599998,38660900,35.599998
"2020-10-21",36.099998,36.279999,35.130001,35.77,23277900,35.77
"2020-10-22",35.900002,37.43,35.880001,37.41,23288900,37.41
"2020-10-23",37.490002,38.029999,36.779999,36.830002,16296300,36.830002
"2020-10-26",36.27,36.43,35.200001,35.82,15448100,35.82
"2020-10-27",35.549999,35.849998,34.75,34.889999,11168600,34.889999
"2020-10-28",33.73,34.630001,33.549999,34.09,15010800,34.09
"2020-10-29",34.509998,35.66,34.360001,34.889999,14230400,34.889999
"2020-10-30",34.459999,35.029999,33.959999,34.529999,13074000,34.529999
"2020-11-02",35.119999,35.380001,34.380001,34.549999,14648400,34.549999
"2020-11-03",35.099998,35.990002,34.889999,35.349998,11439100,35.349998
"2020-11-04",35.310001,35.77,34.23,35.240002,14740600,35.240002
"2020-11-05",36.900002,37.25,35.34,37.139999,35075000,37.139999
"2020-11-06",37.5,38.139999,37.009998,37.470001,18089200,37.470001
"2020-11-09",38.720001,39.720001,38.630001,38.959999,22100800,38.959999
"2020-11-10",39.75,41.59,39.560001,41.080002,26746900,41.080002
"2020-11-11",41.290001,41.77,40.110001,40.560001,19841100,40.560001
"2020-11-12",40.110001,40.240002,38.810001,39.32,20239900,39.32
"2020-11-13",39.689999,41.32,39.599998,41.189999,15004300,41.189999
"2020-11-16",41.77,42.150002,40.919998,42.130001,16692100,42.130001
"2020-11-17",41.849998,42.540001,41.139999,41.98,16088200,41.98
"2020-11-18",42.189999,44.130001,42.060001,42.720001,27632500,42.720001
"2020-11-19",42.610001,43.189999,42.18,42.82,17214500,42.82
"2020-11-20",42.810001,43.32,42.369999,43.040001,16881200,43.040001
"2020-11-23",43.959999,45.16,43.560001,44.77,22569600,44.77
"2020-11-24",45.91,46.709999,45.07,46.459999,20048700,46.459999
"2020-11-25",45.610001,46.060001,44.639999,45.459999,16122300,45.459999
"2020-11-27",45.349998,45.59,44.75,45.060001,7528800,45.060001
"2020-11-30",44.959999,45.32,43.619999,43.84,21600500,43.84
"2020-12-01",44.779999,45.450001,44,44.68,12984400,44.68
"2020-12-02",44,44.599998,43.669998,44.580002,11280700,44.580002
"2020-12-03",44.790001,44.869999,43.959999,44.09,13437800,44.09
"2020-12-04",44.400002,44.740002,44.130001,44.400002,11895200,44.400002
"2020-12-07",44.400002,44.400002,43.580002,44.310001,9207500,44.310001
"2020-12-08",43.720001,44.18,43.419998,43.799999,10160400,43.799999
"2020-12-09",44.130001,44.549999,43.91,44.43,12470500,44.43
"2020-12-10",43.830002,43.880001,42.459999,42.869999,18235600,42.869999
"2020-12-11",42.48,42.68,41.619999,41.919998,15555600,41.919998
"2020-12-14",42.490002,42.540001,41.419998,41.619999,9995700,41.619999
"2020-12-15",41.990002,42.16,41.310001,41.66,12510300,41.66
"2020-12-16",41.790001,41.869999,40.810001,41.419998,15134100,41.419998
"2020-12-17",41.709999,42.029999,41.43,42.029999,12081600,42.029999
"2020-12-18",42.02,42.049999,40.59,41.009998,21808300,41.009998
"2020-12-21",40.259998,41.5,40.060001,41.209999,15533900,41.209999
"2020-12-22",41.349998,41.400002,40.549999,40.900002,10559000,40.900002
"2020-12-23",41.18,42.889999,41.099998,42.450001,17573100,42.450001
"2020-12-24",42.060001,42.200001,41.209999,41.580002,7825400,41.580002
"2020-12-28",42,42.189999,41.630001,41.66,10471400,41.66
"2020-12-29",41.889999,42.130001,41.369999,41.57,7987700,41.57
"2020-12-30",41.650002,42.200001,41.57,41.84,6491900,41.84
"2020-12-31",41.759998,41.799999,41.200001,41.639999,11101300,41.639999
"2021-01-04",41.950001,42.119999,40.139999,40.509998,15768100,40.509998
"2021-01-05",40.060001,41.84,40.040001,41.66,18045800,41.66
"2021-01-06",41.919998,43.849998,41.860001,42.98,22694900,42.98
"2021-01-07",43.98,43.98,42.959999,43.32,13625700,43.32
"2021-01-08",43.310001,43.490002,42.32,43.060001,18426200,43.060001
"2021-01-11",43.02,45.279999,42.630001,45.009998,25864100,45.009998
"2021-01-12",46.299999,48.950001,45.650002,47.82,63889300,47.82
"2021-01-13",50.779999,50.970001,48.060001,48.73,49229700,48.73
"2021-01-14",49.5,51.869999,49.330002,51.529999,36839800,51.529999
"2021-01-15",51.299999,51.400002,49.259998,49.970001,25293700,49.970001
"2021-01-19",53.689999,55.139999,52.259998,54.84,64144000,54.84
"2021-01-20",56.23,56.599998,54.849998,55.860001,47428500,55.860001
"2021-01-21",56.330002,56.970001,54.759998,55.080002,39843100,55.080002
"2021-01-22",54.5,55.77,54.27,55.400002,23895600,55.400002
"2021-01-25",54.950001,55.16,51.02,53.389999,39844200,53.389999
"2021-01-26",53.389999,53.59,51.810001,52.040001,21648200,52.040001
"2021-01-27",50.799999,50.860001,48.709999,49.34,38315200,49.34
"2021-01-28",49.880001,53,49.560001,51.040001,37573400,51.040001
"2021-01-29",50.700001,51.779999,49.959999,50.68,26466800,50.68
"2021-02-01",51.459999,51.950001,50.439999,51.509998,21451300,51.509998
"2021-02-02",52.299999,52.98,51.959999,52.720001,20457400,52.720001
"2021-02-03",53.299999,55.049999,53.189999,54.25,30706500,54.25
"2021-02-04",53.34,54.560001,52.970001,54.130001,19243300,54.130001
"2021-02-05",54.82,55.049999,54.150002,54.41,17250200,54.41
"2021-02-08",56,57.049999,55.669998,56.880001,26990000,56.880001
"2021-02-09",56.540001,56.939999,55.740002,56.060001,25168800,56.060001
"2021-02-10",55.610001,55.689999,52.509998,54.880001,55329800,54.880001
"2021-02-11",53.610001,53.799999,52.349998,53.5,29871400,53.5
"2021-02-12",53,54.189999,52.959999,53.599998,15317400,53.599998
"2021-02-16",53.709999,53.990002,53.220001,53.459999,18541600,53.459999
"2021-02-17",52.84,53.330002,52.080002,52.889999,13989700,52.889999
"2021-02-18",52.560001,52.619999,51.599998,52.16,17615900,52.16
"2021-02-19",52.5,53.290001,52.220001,52.57,15354400,52.57
"2021-02-22",52,52.93,51.880001,51.98,14501300,51.98
"2021-02-23",51,51.380001,49.349998,51.110001,21202700,51.110001
"2021-02-24",51.950001,53.209999,51.290001,52.900002,18375000,52.900002
"2021-02-25",52.700001,52.93,50.549999,50.599998,20628900,50.599998
"2021-02-26",50.869999,51.73,49.919998,51.330002,17125100,51.330002
"2021-03-01",52.41,52.82,51.82,52.540001,15385300,52.540001
"2021-03-02",52.599998,55.290001,52.189999,54.110001,36267200,54.110001
"2021-03-03",54.5,54.880001,52.66,52.669998,19667200,52.669998
"2021-03-04",52.990002,54.18,50.25,51.830002,26231900,51.830002
"2021-03-05",52.59,53.990002,50.48,53.75,25190000,53.75
"2021-03-08",54.290001,56.200001,53.740002,54.98,24450500,54.98
"2021-03-09",55.360001,55.43,54.029999,54.650002,17902200,54.650002
"2021-03-10",55,56.950001,54.880001,56.830002,22760600,56.830002
"2021-03-11",56.869999,57.169998,55.939999,56.330002,20244700,56.330002
"2021-03-12",56,59.619999,55.700001,59.259998,29829600,59.259998
"2021-03-15",59.310001,59.310001,57.209999,57.939999,19660100,57.939999
"2021-03-16",58.360001,58.57,56.799999,57.119999,16177000,57.119999
"2021-03-17",57.240002,60.119999,57.150002,60.049999,23746200,60.049999
"2021-03-18",60.060001,62.240002,58.880001,59.27,34798000,59.27
"2021-03-19",59.34,60.32,58.18,59.82,23346200,59.82
"2021-03-22",58.75,58.93,56.509998,58.099998,30094900,58.099998
"2021-03-23",56.990002,57.759998,55.709999,56.16,21280800,56.16
"2021-03-24",56.68,57.48,55.709999,55.810001,20567200,55.810001
"2021-03-25",54.599998,56.82,54.25,56.599998,16178500,56.599998
"2021-03-26",57.009998,57.34,55.349998,56.52,16358900,56.52
"2021-03-29",56.080002,57.200001,55.740002,55.939999,16058400,55.939999
"2021-03-30",56.599998,58.630001,56.400002,58.509998,19606800,58.509998
"2021-03-31",58.279999,58.580002,57.27,57.459999,20761300,57.459999
"2021-04-01",57.919998,58.220001,57.040001,57.799999,17783600,57.799999
"2021-04-05",59,61.189999,58.75,61.040001,24633000,61.040001
"2021-04-06",60.5,63.439999,60.439999,61.939999,39518700,61.939999
"2021-04-07",61.860001,61.869999,60.689999,60.830002,17167900,60.830002
"2021-04-08",60.360001,60.75,58.810001,60.09,19016300,60.09
"2021-04-09",59.560001,60.380001,59.419998,60.16,12182300,60.16
"2021-04-12",60.200001,60.290001,59.290001,59.66,10231000,59.66
"2021-04-13",59.23,59.540001,57.889999,58.490002,17416600,58.490002
"2021-04-14",58.59,59.650002,58.25,58.48,14618100,58.48
"2021-04-15",59.450001,59.529999,58.369999,58.610001,14395700,58.610001
"2021-04-16",59.009998,59.310001,58.279999,58.709999,11087300,58.709999
"2021-04-19",58.57,58.740002,57.23,57.880001,12262500,57.880001
"2021-04-20",57.119999,57.279999,54.919998,55.77,23736100,55.77
"2021-04-21",55.279999,57.5,54.709999,57.490002,14648700,57.490002
"2021-04-22",57.540001,57.799999,56.130001,56.66,15822200,56.66
"2021-04-23",56.77,57.740002,56.43,57.529999,10803300,57.529999
"2021-04-26",57.860001,58.580002,57.66,58.209999,11553900,58.209999
"2021-04-27",58.27,59.099998,58.02,58.970001,9293500,58.970001
"2021-04-28",59,59,58.27,58.549999,10485200,58.549999
"2021-04-29",57.740002,57.75,55.689999,56.57,21315600,56.57
"2021-04-30",56.18,57.34,56.09,57.220001,15348300,57.220001
"2021-05-03",57.599998,58.34,56.709999,57.150002,11585100,57.150002
"2021-05-04",56.549999,56.59,54.82,55.34,22262300,55.34
"2021-05-05",57.09,57.889999,56.330002,57.580002,26805500,57.580002
"2021-05-06",57.43,58.77,57.43,58.720001,20108100,58.720001
"2021-05-07",58,59.049999,57.27,58.990002,15480500,58.990002
"2021-05-10",59,59.580002,57.360001,57.41,14591600,57.41
"2021-05-11",56.150002,56.75,54.869999,55.73,22773200,55.73
"2021-05-12",55.540001,55.709999,53.52,53.759998,19348700,53.759998
"2021-05-13",54.43,55.509998,54.130001,54.599998,13308600,54.599998
"2021-05-14",55.119999,56.040001,55.009998,56,11313000,56
"2021-05-17",55.84,56.119999,55.189999,56.040001,11041000,56.040001
"2021-05-18",56.23,56.810001,55.849998,55.889999,11464400,55.889999
"2021-05-19",55,55.619999,54.119999,55.529999,11693700,55.529999
"2021-05-20",55.919998,56.040001,55.189999,55.509998,11504000,55.509998
"2021-05-21",56.009998,58.779999,55.77,56.720001,15150900,56.720001
"2021-05-24",57.049999,57.200001,56.32,56.599998,8943000,56.599998
"2021-05-25",56.869999,58.169998,56.709999,56.759998,16362200,56.759998
"2021-05-26",56.970001,58.169998,56.77,58.080002,14242700,58.080002
"2021-05-27",60,60.720001,59.209999,59.77,33843800,59.77
"2021-05-28",59.880001,59.990002,58.59,59.310001,12668100,59.310001
"2021-06-01",59.990002,60.25,59.25,59.650002,10429000,59.650002
"2021-06-02",60.259998,60.259998,59.130001,59.650002,11975400,59.650002
"2021-06-03",61.57,63.68,60.709999,63.459999,38547800,63.459999
"2021-06-04",63.57,63.880001,62.389999,63.369999,21072300,63.369999
"2021-06-07",63.98,64.300003,62.630001,63.23,15549700,63.23
"2021-06-08",63.02,63.970001,62.43,63.919998,13027200,63.919998
"2021-06-09",63.950001,64.160004,62.689999,62.77,14371300,62.77
"2021-06-10",62.830002,63.049999,61.169998,61.34,16141900,61.34
"2021-06-11",61.360001,62.009998,61.16,61.490002,10205000,61.490002
"2021-06-14",61.470001,61.639999,60.310001,60.790001,15443300,60.790001
"2021-06-15",60.68,61.110001,59.98,60.810001,10737000,60.810001
"2021-06-16",62.459999,63.09,61.200001,61.759998,31080000,61.759998
"2021-06-17",61.82,62.400002,59.360001,60.080002,19712100,60.080002
"2021-06-18",59.279999,59.59,58.41,58.759998,25602800,58.759998
"2021-06-21",59.75,59.75,58.82,59.299999,12276900,59.299999
"2021-06-22",59.540001,59.599998,59.02,59.240002,8928500,59.240002
"2021-06-23",59.849998,60.43,59.459999,60.119999,11527900,60.119999
"2021-06-24",60.389999,60.5,59.759998,60.040001,14445300,60.040001
"2021-06-25",60.290001,60.580002,60.02,60.299999,14255100,60.299999
"2021-06-28",60.310001,60.380001,58.43,58.639999,17152700,58.639999
"2021-06-29",59.200001,59.549999,58.700001,58.830002,12171800,58.830002
"2021-06-30",58.740002,59.470001,58.610001,59.169998,12330500,59.169998
"2021-07-01",59.439999,59.73,58.779999,59.110001,11752100,59.110001
"2021-07-02",59.110001,59.32,58.52,58.959999,9689700,58.959999
"2021-07-06",58.919998,58.93,57.009998,57.459999,16155600,57.459999
"2021-07-07",57.34,57.400002,56.130001,56.59,13077600,56.59
"2021-07-08",55.299999,56.59,54.860001,56.060001,14087400,56.060001
"2021-07-09",58.799999,58.919998,57.889999,58.759998,24361300,58.759998
"2021-07-12",58.560001,59.169998,57.82,58.970001,14513200,58.970001
"2021-07-13",59.040001,59.259998,58.259998,58.73,14604200,58.73
"2021-07-14",58.889999,59.360001,57.709999,58,12520500,58
"2021-07-15",57.119999,57.689999,56.59,56.950001,12103400,56.950001
"2021-07-16",57.48,57.48,55.369999,55.459999,13611400,55.459999
"2021-07-19",53.900002,54.43,52.630001,54.18,20942100,54.18
"2021-07-20",54.259998,56.380001,54.119999,56.150002,13292000,56.150002
"2021-07-21",56.799999,57.470001,56.560001,57.049999,11035200,57.049999
"2021-07-22",56.75,56.759998,55.490002,55.639999,12019900,55.639999
"2021-07-23",55.310001,55.790001,54.810001,54.939999,14536000,54.939999
"2021-07-26",55.240002,55.91,55.099998,55.77,9589000,55.77
"2021-07-27",55.209999,55.360001,54.220001,55,13374900,55
"2021-07-28",55.419998,55.860001,54.689999,55.490002,10549200,55.490002
"2021-07-29",57,57.740002,56.82,57.279999,15439000,57.279999
"2021-07-30",56.720001,57.810001,56.619999,56.84,13176500,56.84
"2021-08-02",57.369999,58.599998,56.880001,57.029999,12397500,57.029999
"2021-08-03",57.470001,57.959999,56.610001,57.880001,12273500,57.880001
"2021-08-04",55.23,55.450001,52.209999,52.720001,67667200,52.720001
"2021-08-05",53.860001,54.880001,53.549999,54.439999,28571400,54.439999
"2021-08-06",54.810001,55.349998,54.259998,55.049999,14961200,55.049999
"2021-08-09",54.27,54.369999,53.400002,53.950001,16080000,53.950001
"2021-08-10",54,54.380001,53.66,54.259998,14479100,54.259998
"2021-08-11",54.419998,54.5,53.450001,54.27,15814600,54.27
"2021-08-12",54.439999,55.040001,54.189999,54.619999,10760900,54.619999
"2021-08-13",54.560001,54.709999,53.59,53.650002,11834800,53.650002
"2021-08-16",53.009998,53.259998,52.490002,52.950001,17019000,52.950001
"2021-08-17",51.98,52.080002,50.200001,50.470001,28477800,50.470001
"2021-08-18",50.529999,51.490002,50.400002,50.84,15271400,50.84
"2021-08-19",50,50.220001,48.669998,49.080002,23387300,49.080002
"2021-08-20",48.959999,49.139999,48.349998,48.799999,16812400,48.799999
"2021-08-23",48.16,48.349998,47.07,48.18,30149200,48.18
"2021-08-24",48.5,49.869999,48.23,49.57,21394700,49.57
"2021-08-25",49.490002,49.93,49.16,49.700001,14406600,49.700001
"2021-08-26",49.470001,49.470001,48.52,48.619999,16599200,48.619999
"2021-08-27",48.75,50.07,48.66,49.799999,14866900,49.799999
"2021-08-30",49.950001,49.950001,48.950001,49.169998,13709000,49.169998
"2021-08-31",49.169998,49.43,48.669998,49.009998,14293100,49.009998
"2021-09-01",49.099998,49.639999,48.68,49.110001,10982100,49.110001
"2021-09-02",49.150002,49.5,48.810001,48.950001,13349300,48.950001
"2021-09-03",48.799999,49,48.419998,48.82,9932500,48.82
"2021-09-07",48.490002,49.23,48.419998,48.720001,12309900,48.720001
"2021-09-08",48.639999,49.52,48.419998,48.970001,11136300,48.970001
"2021-09-09",48.950001,48.950001,47.799999,48.419998,13739500,48.419998
"2021-09-10",48.689999,50.419998,48.689999,49.490002,22771000,49.490002
"2021-09-13",50.110001,50.950001,49.599998,50.82,18506500,50.82
"2021-09-14",51.220001,51.419998,50.5,50.740002,12587300,50.740002
"2021-09-15",50.790001,51.93,50.540001,51.82,13658500,51.82
"2021-09-16",51.59,51.900002,50.91,51.52,12617300,51.52
"2021-09-17",51.330002,51.93,50.990002,51.330002,45115700,51.330002
"2021-09-20",49.450001,49.540001,48.369999,49.369999,24540600,49.369999
"2021-09-21",49.57,49.779999,48.790001,49.369999,14172700,49.369999
"2021-09-22",50.029999,51.220001,50.029999,50.779999,14038300,50.779999
"2021-09-23",51.099998,52.080002,51.040001,51.919998,14043200,51.919998
"2021-09-24",51.880001,52.630001,51.720001,52.23,11643500,52.23
"2021-09-27",52.41,53.57,52.380001,53.240002,13861400,53.240002
"2021-09-28",53.77,54.209999,52.700001,52.849998,16422900,52.849998
"2021-09-29",53.299999,53.360001,52.529999,52.93,10881100,52.93
"2021-09-30",52.93,53.200001,52.18,52.709999,16324300,52.709999
"2021-10-01",53.029999,53.380001,52.25,53.130001,16660400,53.130001
"2021-10-04",54.900002,55.639999,53.68,53.98,29206700,53.98
"2021-10-05",54.189999,54.740002,53.650002,54.34,18201500,54.34
"2021-10-06",54.490002,55.5,53.150002,53.93,29520800,53.93
"2021-10-07",54.849998,56.740002,54.439999,56.439999,31006000,56.439999
"2021-10-08",56.540001,59.209999,56.380001,58.57,33705400,58.57
"2021-10-11",58.790001,59.349998,57.77,58.09,17665700,58.09
"2021-10-12",58.52,59.330002,57.860001,58.959999,17095000,58.959999
"2021-10-13",58.939999,58.939999,57.080002,57.77,18813800,57.77
"2021-10-14",58.099998,58.290001,57.450001,57.689999,11450100,57.689999
"2021-10-15",58.34,58.709999,57.849998,58,12906200,58
"2021-10-18",57.41,57.580002,56.849998,56.889999,12667900,56.889999
"2021-10-19",57,57.060001,56.529999,56.849998,10589000,56.849998
"2021-10-20",56.360001,58.240002,56.220001,57.669998,13399900,57.669998
"2021-10-21",58,58.669998,57.73,58.41,11585400,58.41
"2021-10-22",58.369999,58.700001,57.639999,57.77,11077600,57.77
"2021-10-25",58.049999,58.310001,56.84,57.759998,14151000,57.759998
"2021-10-26",58.02,58.299999,56.959999,57.369999,16335800,57.369999
"2021-10-27",55.599998,55.759998,54.16,54.259998,36397600,54.259998
"2021-10-28",54.599998,55.580002,54.060001,54.240002,23020300,54.240002
"2021-10-29",53.900002,55.040001,53.610001,54.43,16680700,54.43
"2021-11-01",54.849998,55.740002,54.419998,55.490002,15677600,55.490002
"2021-11-02",55.029999,55.98,54.68,55.59,16377500,55.59
"2021-11-03",55.259998,56.169998,55.09,56,14419400,56
"2021-11-04",56.470001,58.77,56.27,58.639999,24026100,58.639999
"2021-11-05",59.150002,59.349998,58.049999,58.52,16295800,58.52
"2021-11-08",58.759998,60.330002,58.48,59.599998,14385500,59.599998
"2021-11-09",59.810001,59.93,57.810001,58.619999,13822900,58.619999
"2021-11-10",57.849998,60.560001,57.73,59.27,22778600,59.27
"2021-11-11",59.82,62.150002,59.310001,61.82,29033900,61.82
"2021-11-12",61.59,64.029999,61.279999,63.400002,31142800,63.400002
"2021-11-15",63.66,63.73,62.630001,62.970001,14372100,62.970001
"2021-11-16",63.240002,63.279999,61.93,62.610001,16115000,62.610001
"2021-11-17",63.330002,65.07,62.380001,64.610001,29983400,64.610001
"2021-11-18",64.330002,65.18,62.09,62.330002,23308100,62.330002
"2021-11-19",62.48,62.970001,61.560001,61.799999,19508500,61.799999
"2021-11-22",61.950001,64.959999,61.759998,64.059998,19836200,64.059998
"2021-11-23",63.73,64.040001,62.259998,63.049999,16225100,63.049999
"2021-11-24",62.299999,62.599998,61.630001,62.189999,12685000,62.189999
"2021-11-26",59.799999,60.57,59.459999,60.169998,13272600,60.169998
