"","MSFT.Open","MSFT.High","MSFT.Low","MSFT.Close","MSFT.Volume","MSFT.Adjusted"
"2016-11-30",60.860001,61.18,60.220001,60.259998,34655400,56.028427
"2016-12-01",60.110001,60.150002,58.939999,59.200001,34542100,55.04287
"2016-12-02",59.080002,59.470001,58.799999,59.25,25515700,55.089363
"2016-12-05",59.700001,60.59,59.560001,60.220001,23552700,55.991245
"2016-12-06",60.43,60.459999,59.799999,59.950001,19907000,55.740208
"2016-12-07",60.009998,61.380001,59.799999,61.369999,30809000,57.060478
"2016-12-08",61.299999,61.580002,60.84,61.009998,21220800,56.725765
"2016-12-09",61.18,61.990002,61.130001,61.970001,27349400,57.618347
"2016-12-12",61.82,62.299999,61.720001,62.169998,20198100,57.80431
"2016-12-13",62.5,63.419998,62.240002,62.98,35718900,58.557426
"2016-12-14",63,63.450001,62.529999,62.68,30352700,58.2785
"2016-12-15",62.700001,63.150002,62.299999,62.580002,27669900,58.18552
"2016-12-16",62.950001,62.950001,62.119999,62.299999,42453100,57.925179
"2016-12-19",62.560001,63.77,62.419998,63.619999,34338200,59.152493
"2016-12-20",63.689999,63.799999,63.029999,63.540001,26028400,59.07811
"2016-12-21",63.43,63.700001,63.119999,63.540001,17096300,59.07811
"2016-12-22",63.84,64.099998,63.41,63.549999,22176600,59.087395
"2016-12-23",63.450001,63.540001,62.799999,63.240002,12403800,58.799179
"2016-12-27",63.209999,64.07,63.209999,63.279999,11763200,58.836369
"2016-12-28",63.400002,63.400002,62.830002,62.990002,14653300,58.566727
"2016-12-29",62.860001,63.200001,62.73,62.900002,10250600,58.483055
"2016-12-30",62.959999,62.990002,62.029999,62.139999,25579900,57.776413
"2017-01-03",62.790001,62.84,62.130001,62.580002,20694100,58.18552
"2017-01-04",62.48,62.75,62.119999,62.299999,21340000,57.925179
"2017-01-05",62.189999,62.66,62.029999,62.299999,24876000,57.925179
"2017-01-06",62.299999,63.150002,62.040001,62.84,19922900,58.427265
"2017-01-09",62.759998,63.080002,62.540001,62.639999,20382700,58.241302
"2017-01-10",62.73,63.07,62.279999,62.619999,18593000,58.222713
"2017-01-11",62.610001,63.23,62.43,63.189999,21517300,58.752682
"2017-01-12",63.060001,63.400002,61.950001,62.610001,20968200,58.213409
"2017-01-13",62.619999,62.869999,62.349998,62.700001,19422300,58.297089
"2017-01-17",62.68,62.700001,62.029999,62.529999,20664000,58.139027
"2017-01-18",62.669998,62.700001,62.119999,62.5,19670100,58.11113
"2017-01-19",62.240002,62.98,62.200001,62.299999,18451700,57.925179
"2017-01-20",62.669998,62.82,62.369999,62.740002,30213500,58.334278
"2017-01-23",62.700001,63.119999,62.57,62.959999,23097600,58.538834
"2017-01-24",63.200001,63.740002,62.939999,63.52,24672900,59.059513
"2017-01-25",63.950001,64.099998,63.450001,63.68,23672700,59.208271
"2017-01-26",64.120003,64.540001,63.549999,64.269997,43554600,59.756832
"2017-01-27",65.389999,65.910004,64.889999,65.779999,44818000,61.160805
"2017-01-30",65.690002,65.790001,64.800003,65.129997,31651400,60.556442
"2017-01-31",64.860001,65.150002,64.260002,64.650002,25270500,60.110168
"2017-02-01",64.360001,64.620003,63.470001,63.580002,39671500,59.115303
"2017-02-02",63.25,63.41,62.75,63.169998,45827000,58.734085
"2017-02-03",63.5,63.700001,63.07,63.68,30301800,59.208271
"2017-02-06",63.5,63.650002,63.139999,63.639999,19796400,59.171085
"2017-02-07",63.740002,63.779999,63.23,63.43,20277200,58.975834
"2017-02-08",63.57,63.810001,63.220001,63.34,18096400,58.892139
"2017-02-09",63.52,64.440002,63.32,64.059998,22644400,59.561581
"2017-02-10",64.25,64.300003,63.98,64,18170700,59.505798
"2017-02-13",64.239998,64.860001,64.129997,64.720001,22920100,60.175243
"2017-02-14",64.410004,64.720001,64.019997,64.57,23108400,60.399746
"2017-02-15",64.5,64.57,64.160004,64.529999,17005200,60.36232
"2017-02-16",64.739998,65.239998,64.440002,64.519997,20546300,60.352962
"2017-02-17",64.470001,64.690002,64.300003,64.620003,21248800,60.446518
"2017-02-21",64.610001,64.949997,64.449997,64.489998,20655900,60.324905
"2017-02-22",64.330002,64.389999,64.050003,64.360001,19292700,60.2033
"2017-02-23",64.419998,64.730003,64.190002,64.620003,20273100,60.446518
"2017-02-24",64.529999,64.800003,64.139999,64.620003,21796800,60.446518
"2017-02-27",64.540001,64.540001,64.050003,64.230003,15871500,60.081707
"2017-02-28",64.080002,64.199997,63.759998,63.98,23239800,59.847839
"2017-03-01",64.129997,64.989998,64.019997,64.940002,26937500,60.745853
"2017-03-02",64.690002,64.75,63.880001,64.010002,24539600,59.875912
"2017-03-03",63.990002,64.279999,63.619999,64.25,18135900,60.100407
"2017-03-06",63.970001,64.559998,63.810001,64.269997,18750300,60.11911
"2017-03-07",64.190002,64.779999,64.190002,64.400002,18521000,60.240726
"2017-03-08",64.260002,65.080002,64.25,64.989998,21510900,60.792614
"2017-03-09",65.190002,65.199997,64.480003,64.730003,19846800,60.549416
"2017-03-10",65.110001,65.260002,64.75,64.93,19538200,60.7365
"2017-03-13",65.010002,65.190002,64.57,64.709999,20100000,60.530701
"2017-03-14",64.529999,64.550003,64.150002,64.410004,14280200,60.250076
"2017-03-15",64.550003,64.919998,64.25,64.75,24833800,60.568127
"2017-03-16",64.75,64.760002,64.300003,64.639999,20674300,60.465225
"2017-03-17",64.910004,65.239998,64.68,64.870003,49219700,60.68037
"2017-03-20",64.910004,65.18,64.720001,64.93,14598100,60.7365
"2017-03-21",65.190002,65.5,64.129997,64.209999,26640500,60.062992
"2017-03-22",64.120003,65.139999,64.120003,65.029999,20680000,60.830032
"2017-03-23",64.940002,65.239998,64.769997,64.870003,19269200,60.68037
"2017-03-24",65.360001,65.449997,64.760002,64.980003,22617100,60.783264
"2017-03-27",64.629997,65.220001,64.349998,65.099998,18614700,60.895515
"2017-03-28",64.959999,65.470001,64.650002,65.290001,20080400,61.073242
"2017-03-29",65.120003,65.5,64.949997,65.470001,13618400,61.241619
"2017-03-30",65.419998,65.980003,65.360001,65.709999,15122800,61.466122
"2017-03-31",65.650002,66.190002,65.449997,65.860001,21040300,61.606434
"2017-04-03",65.809998,65.940002,65.190002,65.550003,20400900,61.316444
"2017-04-04",65.389999,65.809998,65.279999,65.730003,12997400,61.484833
"2017-04-05",66.300003,66.349998,65.440002,65.559998,21448600,61.325794
"2017-04-06",65.599998,66.059998,65.480003,65.730003,18103500,61.484833
"2017-04-07",65.849998,65.959999,65.440002,65.68,14108500,61.438049
"2017-04-10",65.610001,65.82,65.360001,65.529999,17952700,61.297733
"2017-04-11",65.599998,65.610001,64.849998,65.480003,18791500,61.250973
"2017-04-12",65.419998,65.510002,65.110001,65.230003,17108500,61.017113
"2017-04-13",65.290001,65.860001,64.949997,64.949997,17896500,60.755207
"2017-04-17",65.040001,65.489998,65.010002,65.480003,16689300,61.250973
"2017-04-18",65.330002,65.709999,65.160004,65.389999,15155600,61.166779
"2017-04-19",65.650002,65.75,64.889999,65.040001,26992800,60.83939
"2017-04-20",65.459999,65.75,65.139999,65.5,22299500,61.26968
"2017-04-21",65.669998,66.699997,65.449997,66.400002,32522600,62.111549
"2017-04-24",67.480003,67.660004,67.099998,67.529999,29770000,63.168564
"2017-04-25",67.900002,68.040001,67.599998,67.919998,30242700,63.533382
"2017-04-26",68.080002,68.309998,67.620003,67.830002,26190800,63.449192
"2017-04-27",68.150002,68.379997,67.580002,68.269997,34971000,63.860771
"2017-04-28",68.910004,69.139999,67.690002,68.459999,39548800,64.038513
"2017-05-01",68.68,69.550003,68.5,69.410004,31954400,64.92717
"2017-05-02",69.709999,69.709999,69.129997,69.300003,23906100,64.824272
"2017-05-03",69.379997,69.379997,68.709999,69.080002,28928000,64.618469
"2017-05-04",69.029999,69.080002,68.639999,68.809998,21749400,64.365913
"2017-05-05",68.900002,69.029999,68.489998,69,19128800,64.543633
"2017-05-08",68.970001,69.050003,68.419998,68.940002,18566100,64.487511
"2017-05-09",68.860001,69.279999,68.68,69.040001,22858400,64.581062
"2017-05-10",68.989998,69.559998,68.919998,69.309998,17977800,64.833611
"2017-05-11",68.360001,68.730003,68.120003,68.459999,28789400,64.038513
"2017-05-12",68.610001,68.610001,68.040001,68.379997,18714100,63.963669
"2017-05-15",68.139999,68.480003,67.57,68.43,31530300,64.010445
"2017-05-16",68.230003,69.440002,68.160004,69.410004,34956000,65.299309
"2017-05-17",68.889999,69.099998,67.43,67.480003,30548800,63.483616
"2017-05-18",67.400002,68.129997,67.139999,67.709999,25201300,63.699993
"2017-05-19",67.5,68.099998,67.43,67.690002,26961100,63.681187
"2017-05-22",67.889999,68.5,67.5,68.449997,16237600,64.396156
"2017-05-23",68.720001,68.75,68.379997,68.68,15425800,64.612541
"2017-05-24",68.870003,68.879997,68.449997,68.769997,14593900,64.697212
"2017-05-25",68.970001,69.879997,68.910004,69.620003,21854100,65.49688
"2017-05-26",69.800003,70.220001,69.519997,69.959999,19827900,65.816742
"2017-05-30",69.790001,70.410004,69.769997,70.410004,17072800,66.240112
"2017-05-31",70.529999,70.739998,69.809998,69.839996,30436400,65.703842
"2017-06-01",70.239998,70.610001,69.449997,70.099998,21603600,65.948441
"2017-06-02",70.440002,71.860001,70.239998,71.760002,34770300,67.510124
"2017-06-05",71.970001,72.889999,71.809998,72.279999,33316800,67.999336
"2017-06-06",72.300003,72.620003,72.269997,72.519997,31511100,68.225128
"2017-06-07",72.639999,72.769997,71.949997,72.389999,22301800,68.102821
"2017-06-08",72.510002,72.519997,71.5,71.949997,24588300,67.688881
"2017-06-09",72.040001,72.080002,68.589996,70.32,49187400,66.155418
"2017-06-12",69.25,69.940002,68.129997,69.779999,47761700,65.647392
"2017-06-13",70.019997,70.82,69.959999,70.650002,25258600,66.465881
"2017-06-14",70.910004,71.099998,69.43,70.269997,25510700,66.10836
"2017-06-15",69.269997,70.209999,68.800003,69.900002,26068700,65.760307
"2017-06-16",69.730003,70.029999,69.220001,70,48345100,65.854385
"2017-06-19",70.5,70.940002,70.349998,70.870003,23798300,66.672844
"2017-06-20",70.82,70.870003,69.870003,69.910004,21512200,65.769699
"2017-06-21",70.209999,70.620003,69.940002,70.269997,19891100,66.10836
"2017-06-22",70.540001,70.589996,69.709999,70.260002,22965700,66.098969
"2017-06-23",70.089996,71.25,69.919998,71.209999,27617300,66.992706
"2017-06-26",71.400002,71.709999,70.440002,70.529999,19607000,66.352989
"2017-06-27",70.110001,70.18,69.18,69.209999,25215100,65.111153
"2017-06-28",69.209999,69.839996,68.790001,69.800003,25806200,65.666214
"2017-06-29",69.379997,69.489998,68.089996,68.489998,28918700,64.433777
"2017-06-30",68.779999,69.379997,68.739998,68.93,24161100,64.84774
"2017-07-03",69.330002,69.599998,68.019997,68.169998,16165500,64.132751
"2017-07-05",68.260002,69.440002,68.220001,69.080002,21176300,64.988869
"2017-07-06",68.269997,68.779999,68.120003,68.57,21117600,64.509056
"2017-07-07",68.699997,69.839996,68.699997,69.459999,16878300,65.346352
"2017-07-10",69.459999,70.25,69.199997,69.980003,15014500,65.835571
"2017-07-11",70,70.68,69.75,69.989998,17460000,65.844955
"2017-07-12",70.690002,71.279999,70.550003,71.150002,17750900,66.936272
"2017-07-13",71.5,72.040001,71.309998,71.769997,20269800,67.519547
"2017-07-14",72.239998,73.269997,71.959999,72.779999,25868100,68.469727
"2017-07-17",72.800003,73.449997,72.720001,73.349998,21803900,69.005974
"2017-07-18",73.089996,73.389999,72.660004,73.300003,26435300,68.958931
"2017-07-19",73.5,74.040001,73.449997,73.860001,22416200,69.485779
"2017-07-20",74.18,74.300003,73.279999,74.220001,42361000,69.824448
"2017-07-21",73.449997,74.290001,73.169998,73.790001,46717100,69.419914
"2017-07-24",73.529999,73.75,73.129997,73.599998,21394800,69.24115
"2017-07-25",73.800003,74.309998,73.5,74.190002,22018700,69.796242
"2017-07-26",74.339996,74.379997,73.809998,74.050003,16252200,69.664528
"2017-07-27",73.760002,74.419998,72.32,73.160004,36844200,68.827209
"2017-07-28",72.669998,73.309998,72.540001,73.040001,18306700,68.714317
"2017-07-31",73.300003,73.440002,72.410004,72.699997,23600100,68.394478
"2017-08-01",73.099998,73.419998,72.489998,72.580002,22132300,68.281563
"2017-08-02",72.550003,72.559998,71.440002,72.260002,26499200,67.980507
"2017-08-03",72.190002,72.440002,71.849998,72.150002,18214400,67.877022
"2017-08-04",72.400002,73.040001,72.239998,72.68,22579000,68.375641
"2017-08-07",72.800003,72.900002,72.260002,72.400002,18705700,68.112228
"2017-08-08",72.089996,73.129997,71.75,72.790001,22044600,68.479134
"2017-08-09",72.25,72.510002,72.050003,72.470001,22213400,68.178085
"2017-08-10",71.900002,72.190002,71.349998,71.410004,24734500,67.18087
"2017-08-11",71.610001,72.699997,71.279999,72.5,21443700,68.206322
"2017-08-14",73.059998,73.720001,72.949997,73.589996,20096600,69.231758
"2017-08-15",73.589996,73.589996,73.040001,73.220001,19181400,69.250679
"2017-08-16",73.339996,74.099998,73.169998,73.650002,18150400,69.657379
"2017-08-17",73.580002,73.870003,72.400002,72.400002,22977500,68.475121
"2017-08-18",72.269997,72.839996,71.93,72.489998,18761500,68.560242
"2017-08-21",72.470001,72.480003,71.699997,72.150002,17734800,68.23867
"2017-08-22",72.349998,73.239998,72.349998,73.160004,14343700,69.193924
"2017-08-23",72.959999,73.150002,72.529999,72.720001,13766500,68.777779
"2017-08-24",72.739998,72.860001,72.07,72.690002,17098300,68.74939
"2017-08-25",72.860001,73.349998,72.480003,72.82,12794300,68.872353
"2017-08-28",73.059998,73.089996,72.550003,72.830002,14569700,68.881821
"2017-08-29",72.25,73.160004,72.050003,73.050003,11478400,69.089897
"2017-08-30",73.010002,74.209999,72.830002,74.010002,16897800,69.997841
"2017-08-31",74.029999,74.959999,73.800003,74.769997,27652800,70.716629
"2017-09-01",74.709999,74.739998,73.639999,73.940002,21736200,69.931625
"2017-09-05",73.339996,73.889999,72.980003,73.610001,21556000,69.619545
"2017-09-06",73.739998,74.040001,73.349998,73.400002,16535800,69.420898
"2017-09-07",73.68,74.599998,73.599998,74.339996,17471200,70.309952
"2017-09-08",74.330002,74.440002,73.839996,73.980003,14703800,69.96946
"2017-09-11",74.309998,74.940002,74.309998,74.760002,17910400,70.707199
"2017-09-12",74.760002,75.239998,74.370003,74.68,14394900,70.631516
"2017-09-13",74.93,75.230003,74.550003,75.209999,13380800,71.132797
"2017-09-14",75,75.489998,74.519997,74.769997,15733900,70.716629
"2017-09-15",74.830002,75.389999,74.07,75.309998,38578400,71.227379
"2017-09-18",75.230003,75.970001,75.040001,75.160004,23307000,71.08551
"2017-09-19",75.209999,75.709999,75.010002,75.440002,16093300,71.350327
"2017-09-20",75.349998,75.550003,74.309998,74.940002,21587900,70.877434
"2017-09-21",75.110001,75.239998,74.110001,74.209999,19186100,70.187012
"2017-09-22",73.989998,74.510002,73.849998,74.410004,14111400,70.376175
"2017-09-25",74.089996,74.25,72.919998,73.260002,24149200,69.288506
"2017-09-26",73.669998,73.809998,72.989998,73.260002,18019600,69.288506
"2017-09-27",73.550003,74.169998,73.169998,73.849998,19565100,69.846519
"2017-09-28",73.540001,73.970001,73.309998,73.870003,10883800,69.86544
"2017-09-29",73.940002,74.540001,73.879997,74.489998,17079100,70.451813
"2017-10-02",74.709999,75.010002,74.300003,74.610001,15304800,70.565323
"2017-10-03",74.669998,74.879997,74.190002,74.260002,12190400,70.234291
"2017-10-04",74.089996,74.720001,73.709999,74.690002,13317700,70.640999
"2017-10-05",75.220001,76.120003,74.959999,75.970001,21195300,71.851593
"2017-10-06",75.669998,76.029999,75.540001,76,13959800,71.879967
"2017-10-09",75.970001,76.550003,75.860001,76.290001,11386500,72.154243
"2017-10-10",76.330002,76.629997,76.139999,76.290001,13944500,72.154243
"2017-10-11",76.360001,76.459999,75.949997,76.419998,15388900,72.277206
"2017-10-12",76.489998,77.290001,76.370003,77.120003,16876500,72.939247
"2017-10-13",77.589996,77.870003,77.290001,77.489998,15335700,73.289192
"2017-10-16",77.419998,77.809998,77.349998,77.650002,12380100,73.440521
"2017-10-17",77.470001,77.620003,77.25,77.589996,16824000,73.383759
"2017-10-18",77.669998,77.849998,77.370003,77.610001,13300700,73.402687
"2017-10-19",77.57,77.93,77.349998,77.910004,15092800,73.686409
"2017-10-20",78.32,78.970001,78.220001,78.809998,22866400,74.537643
"2017-10-23",78.989998,79.339996,78.760002,78.830002,20627200,74.556572
"2017-10-24",78.900002,79.199997,78.459999,78.860001,17517200,74.58493
"2017-10-25",78.580002,79.099998,78.010002,78.629997,20410800,74.367386
"2017-10-26",79.199997,79.419998,78.75,78.760002,32120700,74.490341
"2017-10-27",84.370003,86.199997,83.610001,83.809998,71066700,79.266579
"2017-10-30",83.699997,84.330002,83.110001,83.889999,31756700,79.342247
"2017-10-31",84.360001,84.360001,83.110001,83.18,27086600,78.670723
"2017-11-01",83.68,83.760002,82.879997,83.18,22307400,78.670723
"2017-11-02",83.349998,84.459999,83.120003,84.050003,23992900,79.493568
"2017-11-03",84.080002,84.540001,83.400002,84.139999,17633500,79.578697
"2017-11-06",84.199997,84.699997,84.080002,84.470001,19860900,79.8908
"2017-11-07",84.769997,84.900002,83.93,84.269997,17939700,79.70163
"2017-11-08",84.139999,84.610001,83.830002,84.559998,18034200,79.975914
"2017-11-09",84.110001,84.269997,82.900002,84.089996,21178400,79.531395
"2017-11-10",83.790001,84.099998,83.230003,83.870003,19397800,79.323334
"2017-11-13",83.660004,83.940002,83.459999,83.93,14196900,79.380074
"2017-11-14",83.5,84.099998,82.980003,84.050003,18801300,79.493568
"2017-11-15",83.470001,83.690002,82.690002,82.980003,19383100,78.875732
"2017-11-16",83.099998,83.419998,82.940002,83.199997,20962800,79.084831
"2017-11-17",83.120003,83.120003,82.239998,82.400002,22079000,78.324417
"2017-11-20",82.400002,82.589996,82.25,82.529999,16315000,78.447983
"2017-11-21",82.739998,83.839996,82.739998,83.720001,21237500,79.579124
"2017-11-22",83.830002,83.900002,83.040001,83.110001,20553100,78.999283
"2017-11-24",83.010002,83.43,82.779999,83.260002,7425600,79.141869
"2017-11-27",83.309998,83.980003,83.300003,83.870003,18265200,79.72171
"2017-11-28",84.07,85.059998,84.019997,84.879997,21926000,80.68174
"2017-11-29",84.709999,84.919998,83.18,83.339996,27381100,79.217903
"2017-11-30",83.510002,84.519997,83.339996,84.169998,33054600,80.006859
"2017-12-01",83.599998,84.809998,83.220001,84.260002,29532100,80.092415
"2017-12-04",84.419998,84.43,80.699997,81.080002,39094900,77.069687
"2017-12-05",81.339996,82.68,80.980003,81.589996,26152300,77.554451
"2017-12-06",81.550003,83.139999,81.43,82.779999,26162100,78.685608
"2017-12-07",82.540001,82.800003,82,82.489998,23184500,78.409935
"2017-12-08",83.629997,84.580002,83.330002,84.160004,24489100,79.997368
"2017-12-11",84.290001,85.370003,84.120003,85.230003,22857900,81.014435
"2017-12-12",85.309998,86.050003,85.080002,85.580002,23924100,81.347107
"2017-12-13",85.739998,86,85.169998,85.349998,22062700,81.128494
"2017-12-14",85.43,85.870003,84.529999,84.690002,19306000,80.501137
"2017-12-15",85.260002,87.089996,84.879997,86.849998,53936700,82.554314
"2017-12-18",87.120003,87.5,86.230003,86.379997,22283800,82.107559
"2017-12-19",86.349998,86.349998,85.269997,85.830002,23524800,81.58474
"2017-12-20",86.199997,86.300003,84.709999,85.519997,23674900,81.29007
"2017-12-21",86.050003,86.099998,85.400002,85.5,17990700,81.271072
"2017-12-22",85.400002,85.629997,84.919998,85.510002,14145800,81.280571
"2017-12-26",85.309998,85.529999,85.029999,85.400002,9891200,81.17601
"2017-12-27",85.650002,85.980003,85.220001,85.709999,14678000,81.470673
"2017-12-28",85.900002,85.93,85.550003,85.720001,10594300,81.480186
"2017-12-29",85.629997,86.050003,85.5,85.540001,18717400,81.309097
"2018-01-02",86.129997,86.309998,85.5,85.949997,22483800,81.698807
"2018-01-03",86.059998,86.510002,85.970001,86.349998,26061400,82.079033
"2018-01-04",86.589996,87.660004,86.57,87.110001,21912000,82.801437
"2018-01-05",87.660004,88.410004,87.43,88.190002,23407100,83.828026
"2018-01-08",88.199997,88.580002,87.599998,88.279999,22113000,83.913574
"2018-01-09",88.650002,88.730003,87.860001,88.220001,19484300,83.856529
"2018-01-10",87.860001,88.190002,87.410004,87.82,18652200,83.476334
"2018-01-11",88.129997,88.129997,87.239998,88.080002,17808900,83.723457
"2018-01-12",88.669998,89.779999,88.449997,89.599998,24271500,85.168282
"2018-01-16",90.099998,90.790001,88.010002,88.349998,36599700,83.98011
"2018-01-17",89.080002,90.279999,88.75,90.139999,25621200,85.68158
"2018-01-18",89.800003,90.669998,89.660004,90.099998,24159700,85.643547
"2018-01-19",90.139999,90.610001,89.660004,90,36875000,85.548492
"2018-01-22",90,91.620003,89.739998,91.610001,23601600,87.078873
"2018-01-23",91.900002,92.300003,91.540001,91.900002,23412800,87.354515
"2018-01-24",92.550003,93.43,91.580002,91.82,33277500,87.278488
"2018-01-25",92.470001,93.239998,91.93,92.330002,26383200,87.76326
"2018-01-26",93.120003,94.059998,92.580002,94.059998,29172200,89.407677
"2018-01-29",95.139999,95.449997,93.720001,93.919998,31569900,89.27462
"2018-01-30",93.300003,93.660004,92.099998,92.739998,38635100,88.152985
"2018-01-31",93.75,95.400002,93.510002,95.010002,48756300,90.310699
"2018-02-01",94.790001,96.07,93.580002,94.260002,47227900,89.597809
"2018-02-02",93.639999,93.970001,91.5,91.779999,47867800,87.240463
"2018-02-05",90.559998,93.239998,88,88,51031500,83.647423
"2018-02-06",86.889999,91.480003,85.25,91.330002,67998600,86.812714
"2018-02-07",90.489998,91.769997,89.199997,89.610001,41107600,85.177765
"2018-02-08",89.709999,89.879997,84.760002,85.010002,55628700,80.805313
"2018-02-09",86.300003,88.93,83.830002,88.18,63499100,83.818512
"2018-02-12",88.739998,89.779999,87.93,89.129997,35720300,84.721519
"2018-02-13",88.93,90,87.800003,89.830002,26407700,85.386887
"2018-02-14",88.510002,90.989998,88.410004,90.809998,34960900,86.7239
"2018-02-15",91.209999,92.720001,90.620003,92.660004,27823900,88.490677
"2018-02-16",92.449997,93.5,91.800003,92,30596900,87.860367
"2018-02-20",91.480003,93.059998,91.010002,92.720001,30911700,88.547966
"2018-02-21",92.980003,93.360001,91.489998,91.489998,26922500,87.373314
"2018-02-22",92.050003,92.730003,91.360001,91.730003,24392800,87.602524
"2018-02-23",93.599998,94.07,92.360001,94.059998,26329200,89.827667
"2018-02-26",94.400002,95.449997,94.25,95.419998,30199800,91.12648
"2018-02-27",95.739998,95.839996,94.199997,94.199997,25869100,89.961372
"2018-02-28",94.839996,95.709999,93.629997,93.769997,31167300,89.550728
"2018-03-01",93.989998,94.57,91.839996,92.849998,37135600,88.672134
"2018-03-02",91.580002,93.150002,90.860001,93.050003,32830400,88.863129
"2018-03-05",92.339996,94.269997,92.260002,93.639999,23901600,89.426575
"2018-03-06",94.339996,94.489998,92.940002,93.32,22175800,89.120972
"2018-03-07",93.160004,93.940002,92.43,93.860001,26716100,89.636673
"2018-03-08",94.269997,95.099998,93.769997,94.43,25887800,90.181023
"2018-03-09",95.290001,96.540001,95,96.540001,36937300,92.196098
"2018-03-12",96.5,97.209999,96.040001,96.769997,26073700,92.415749
"2018-03-13",97,97.239998,93.970001,94.410004,35387800,90.161934
"2018-03-14",95.120003,95.410004,93.5,93.849998,32132000,89.627136
"2018-03-15",93.529999,94.580002,92.830002,94.18,27611000,89.942291
"2018-03-16",94.68,95.379997,93.919998,94.599998,49081300,90.343361
"2018-03-19",93.739998,93.900002,92.110001,92.889999,33344100,88.71032
"2018-03-20",93.050003,93.769997,93,93.129997,23075200,88.939514
"2018-03-21",92.93,94.050003,92.209999,92.480003,24457100,88.318779
"2018-03-22",91.269997,91.75,89.660004,89.790001,38604700,85.749817
"2018-03-23",89.5,90.459999,87.080002,87.18,44068900,83.25724
"2018-03-26",90.610001,94,90.400002,93.779999,56396800,89.560272
"2018-03-27",94.940002,95.139999,88.510002,89.470001,56569000,85.444199
"2018-03-28",89.82,91.230003,88.870003,89.389999,52501100,85.36779
"2018-03-29",90.18,92.290001,88.400002,91.269997,45867500,87.163231
"2018-04-02",90.470001,90.879997,87.510002,88.519997,48515400,84.536949
"2018-04-03",89.580002,90.050003,87.889999,89.709999,37213800,85.673393
"2018-04-04",87.849998,92.760002,87.730003,92.330002,35560000,88.175514
"2018-04-05",92.440002,93.07,91.400002,92.379997,29771900,88.223274
"2018-04-06",91.489998,92.459999,89.480003,90.230003,38026000,86.170021
"2018-04-09",91.040001,93.169998,90.620003,90.769997,31533900,86.685715
"2018-04-10",92.389999,93.279999,91.639999,92.879997,26812000,88.700768
"2018-04-11",92.010002,93.290001,91.480003,91.860001,24872100,87.726669
"2018-04-12",92.43,94.160004,92.43,93.580002,26758900,89.369263
"2018-04-13",94.050003,94.18,92.440002,93.080002,23346100,88.891769
"2018-04-16",94.07,94.660004,93.419998,94.169998,20288100,89.932701
"2018-04-17",95,96.540001,94.879997,96.07,26771000,91.747231
"2018-04-18",96.220001,96.720001,95.519997,96.440002,21043300,92.100586
"2018-04-19",96.440002,97.07,95.339996,96.110001,23552500,91.785439
"2018-04-20",95.910004,96.110001,94.050003,95,31154400,90.72538
"2018-04-23",95.739998,96.290001,94.629997,95.349998,22331800,91.059639
"2018-04-24",96.239998,96.470001,92.410004,93.120003,34524800,88.92997
"2018-04-25",93.300003,93.300003,90.279999,92.309998,33729300,88.156418
"2018-04-26",93.550003,95.150002,93.099998,94.260002,42529000,90.018692
"2018-04-27",97.599998,97.900002,93.910004,95.82,48272800,91.508476
"2018-04-30",96.330002,96.400002,93.150002,93.519997,41523600,89.311966
"2018-05-01",93.209999,95.290001,92.790001,95,31408900,90.72538
"2018-05-02",94.989998,95.169998,93.190002,93.510002,27471000,89.302429
"2018-05-03",92.959999,94.93,92.449997,94.07,31142500,89.837227
"2018-05-04",93.32,95.370003,92.919998,95.160004,22531300,90.878174
"2018-05-07",95.169998,96.709999,95.099998,96.220001,24242000,91.890503
"2018-05-08",95.849998,96.160004,95.059998,95.809998,23484600,91.498932
"2018-05-09",96.010002,96.970001,95.050003,96.940002,27327400,92.578094
"2018-05-10",97.459999,97.949997,97.050003,97.910004,22388100,93.504456
"2018-05-11",97.800003,97.870003,97.040001,97.699997,16778300,93.303886
"2018-05-14",97.919998,98.690002,97.309998,98.029999,19454100,93.619034
"2018-05-15",97.239998,97.849998,96.339996,97.32,24594000,92.940987
"2018-05-16",97.360001,97.400002,96.620003,97.150002,17384700,93.180779
"2018-05-17",96.760002,97.540001,95.830002,96.18,17246700,92.250412
"2018-05-18",96.010002,96.93,96.010002,96.360001,17865800,92.423042
"2018-05-21",97,98.010002,96.800003,97.599998,19422500,93.612396
"2018-05-22",97.68,98.169998,97.199997,97.5,15441200,93.516487
"2018-05-23",96.709999,98.730003,96.32,98.660004,21251200,94.629097
"2018-05-24",98.730003,98.940002,96.809998,98.309998,26649300,94.293396
"2018-05-25",98.300003,98.980003,97.860001,98.360001,18363900,94.341339
"2018-05-29",97.839996,98.879997,97.230003,98.010002,28671000,94.00563
"2018-05-30",98.309998,99.25,97.910004,98.949997,22158500,94.907234
"2018-05-31",99.290001,99.989998,98.610001,98.839996,34140900,94.80172
"2018-06-01",99.279999,100.860001,99.169998,100.790001,28655600,96.672058
"2018-06-04",101.260002,101.860001,100.849998,101.669998,27281600,97.516098
"2018-06-05",102,102.330002,101.529999,102.190002,23514400,98.014862
"2018-06-06",102.480003,102.599998,101.900002,102.489998,21122900,98.302605
"2018-06-07",102.650002,102.690002,100.379997,100.879997,28232200,96.758385
"2018-06-08",101.089996,101.949997,100.540001,101.629997,22165100,97.477745
"2018-06-11",101.010002,101.589996,100.669998,101.050003,23490900,96.921448
"2018-06-12",101.099998,101.449997,100.75,101.309998,18325200,97.170799
"2018-06-13",101.720001,102.010002,100.559998,100.849998,29492900,96.729614
"2018-06-14",101.650002,102.029999,101,101.419998,25691800,97.276321
"2018-06-15",101.510002,101.529999,100.07,100.129997,65738600,96.039009
"2018-06-18",100.010002,101.110001,99.419998,100.860001,23586000,96.739212
"2018-06-19",99.650002,101,99.5,100.860001,28653100,96.739212
"2018-06-20",101.370003,102.519997,101.120003,101.870003,26180800,97.707932
"2018-06-21",102.080002,102.459999,100.879997,101.139999,23198200,97.007759
"2018-06-22",100.410004,100.769997,99.629997,100.410004,38923100,96.307594
"2018-06-25",100,100.110001,97.300003,98.389999,35433300,94.37011
"2018-06-26",98.82,100.080002,98.75,99.080002,26897200,95.031921
"2018-06-27",99.580002,100.019997,97.400002,97.540001,31298400,93.554848
"2018-06-28",97.379997,99.110001,97.260002,98.629997,26650700,94.600304
"2018-06-29",98.93,99.910004,98.330002,98.610001,28053200,94.581123
"2018-07-02",98.099998,100.059998,98,100.010002,19564500,95.923927
"2018-07-03",100.480003,100.629997,98.940002,99.050003,14670300,95.003159
"2018-07-05",99.5,99.919998,99.029999,99.760002,18977400,95.684151
"2018-07-06",99.889999,101.43,99.669998,101.160004,19234600,97.026932
"2018-07-09",101.650002,102.25,101.25,101.849998,18212000,97.688744
"2018-07-10",102,102.510002,101.860001,102.120003,19293100,97.947731
"2018-07-11",101.150002,102.339996,101.099998,101.980003,19644600,97.813438
"2018-07-12",102.769997,104.410004,102.730003,104.190002,24335900,99.933136
"2018-07-13",104.370003,105.599998,104.089996,105.43,24635200,101.122475
"2018-07-16",105.400002,105.82,104.519997,104.910004,21786900,100.623726
"2018-07-17",104.610001,106.5,104.32,105.949997,25901700,101.621231
"2018-07-18",105.940002,106.050003,104.720001,105.120003,29493900,100.825165
"2018-07-19",104.93,105.309998,103.889999,104.400002,40171600,100.134552
"2018-07-20",108.080002,108.199997,106.080002,106.269997,56004000,101.928154
"2018-07-23",106.300003,108.139999,106.129997,107.970001,29707000,103.558716
"2018-07-24",108.57,108.82,107.260002,107.660004,26316600,103.261368
"2018-07-25",107.959999,111.150002,107.599998,110.830002,30702100,106.301842
"2018-07-26",110.739998,111,109.5,109.620003,31372100,105.141296
"2018-07-27",110.18,110.18,106.139999,107.68,37005300,103.280548
"2018-07-30",107.190002,107.529999,104.760002,105.370003,34668300,101.064949
"2018-07-31",106.489998,106.720001,105.379997,106.080002,27655200,101.745934
"2018-08-01",106.029999,106.449997,105.419998,106.279999,23628700,101.937759
"2018-08-02",105.400002,108.089996,104.839996,107.57,26104300,103.175049
"2018-08-03",107.800003,108.050003,106.82,108.040001,18659600,103.625862
"2018-08-06",108.120003,108.419998,107.559998,108.129997,20265900,103.712166
"2018-08-07",108.559998,109.099998,108.169998,108.879997,16080200,104.431526
"2018-08-08",109.330002,109.75,108.760002,109.489998,15487500,105.016609
"2018-08-09",109.709999,110.160004,109.599998,109.669998,13677200,105.189255
"2018-08-10",109.419998,109.690002,108.379997,109,18183700,104.546616
"2018-08-13",109.239998,109.580002,108.099998,108.209999,18472500,103.788895
"2018-08-14",108.559998,109.75,108.040001,109.559998,16788300,105.083733
"2018-08-15",108.489998,108.989998,106.82,107.660004,29982800,103.658745
"2018-08-16",108.300003,108.860001,107.300003,107.639999,21384300,103.639496
"2018-08-17",107.360001,107.900002,106.690002,107.580002,18061500,103.581726
"2018-08-20",107.510002,107.900002,106.480003,106.870003,17914200,102.898117
"2018-08-21",106.919998,107.349998,105.849998,105.980003,22881900,102.041206
"2018-08-22",105.849998,107.339996,105.779999,107.059998,18000600,103.081055
"2018-08-23",107.150002,108.18,106.870003,107.559998,18167700,103.562469
"2018-08-24",107.669998,108.559998,107.559998,108.400002,17234000,104.371246
"2018-08-27",109.269997,109.639999,108.510002,109.599998,19662300,105.526657
"2018-08-28",109.940002,110.5,109.790001,110.260002,19151500,106.162117
"2018-08-29",110.449997,112.029999,110.269997,112.019997,20818000,107.856697
"2018-08-30",111.669998,112.610001,111.440002,111.949997,22798700,107.789307
"2018-08-31",111.690002,112.779999,111.519997,112.330002,23222700,108.15519
"2018-09-04",110.849998,111.959999,110.220001,111.709999,22634600,107.558228
"2018-09-05",111.010002,111.419998,108.099998,108.489998,32872400,104.457893
"2018-09-06",108.25,108.989998,107.510002,108.739998,23477600,104.698601
"2018-09-07",108.230003,108.720001,107.230003,108.209999,22498600,104.188309
"2018-09-10",108.839996,109.639999,108.360001,109.379997,20727900,105.314835
"2018-09-11",108.900002,111.589996,108.889999,111.239998,24301800,107.105682
"2018-09-12",111.43,111.849998,110.510002,111.709999,18891100,107.558228
"2018-09-13",112.120003,113.730003,112.120003,112.910004,26055600,108.713638
"2018-09-14",113.360001,113.730003,112.440002,113.370003,19122300,109.156555
"2018-09-17",113.690002,113.699997,111.860001,112.139999,20736500,107.97226
"2018-09-18",112.190002,113.699997,111.720001,113.209999,22170900,109.00248
"2018-09-19",113.050003,113.32,111.040001,111.699997,21728400,107.548592
"2018-09-20",112.279999,113.800003,111.93,113.57,23714500,109.349091
"2018-09-21",114,115.290001,113.510002,114.260002,71229700,110.013458
"2018-09-24",113.029999,114.900002,112.220001,114.669998,27334500,110.408211
"2018-09-25",114.800003,115.099998,113.75,114.449997,22668000,110.196396
"2018-09-26",114.470001,115.059998,113.739998,113.980003,19352000,109.743866
"2018-09-27",114.779999,114.910004,114.199997,114.410004,19091300,110.15789
"2018-09-28",114.190002,114.57,113.68,114.370003,21647800,110.119362
"2018-10-01",114.75,115.68,114.730003,115.610001,18883100,111.313278
"2018-10-02",115.300003,115.839996,114.440002,115.150002,20787200,110.870392
"2018-10-03",115.419998,116.18,114.93,115.169998,16648000,110.889626
"2018-10-04",114.610001,114.760002,111.629997,112.790001,34821700,108.598099
"2018-10-05",112.629997,113.169998,110.639999,112.129997,29068900,107.962624
"2018-10-08",111.660004,112.029999,109.339996,110.849998,29640600,106.730186
"2018-10-09",111.139999,113.080002,110.800003,112.260002,26198600,108.087791
"2018-10-10",111.239998,111.5,105.790001,106.160004,61376300,102.214493
"2018-10-11",105.349998,108.93,104.199997,105.910004,63904300,101.973801
"2018-10-12",109.010002,111.239998,107.120003,109.57,47742100,105.497772
"2018-10-15",108.910004,109.480003,106.949997,107.599998,32068100,103.60099
"2018-10-16",109.540001,111.410004,108.949997,111,31610200,106.874626
"2018-10-17",111.68,111.809998,109.550003,110.709999,26548200,106.595398
"2018-10-18",110.099998,110.529999,107.830002,108.5,32506200,104.467529
"2018-10-19",108.93,110.860001,108.209999,108.660004,32785500,104.621582
"2018-10-22",109.32,110.540001,108.239998,109.629997,26545600,105.555534
"2018-10-23",107.769997,108.970001,105.110001,108.099998,43770400,104.082397
"2018-10-24",108.410004,108.489998,101.589996,102.32,63897800,98.517212
"2018-10-25",106.550003,109.269997,106.150002,108.300003,61646800,104.274971
"2018-10-26",105.690002,108.75,104.760002,106.959999,55523100,102.984764
"2018-10-29",108.110001,108.699997,101.629997,103.849998,55162000,99.990356
"2018-10-30",103.660004,104.379997,100.110001,103.730003,65350900,99.874817
"2018-10-31",105.440002,108.139999,105.389999,106.809998,51062400,102.840347
"2018-11-01",107.050003,107.32,105.529999,105.919998,33384200,101.983406
"2018-11-02",106.480003,107.32,104.980003,106.160004,37680200,102.214493
"2018-11-05",106.370003,107.739998,105.900002,107.510002,27922100,103.514328
"2018-11-06",107.379997,108.839996,106.279999,107.720001,24340200,103.71653
"2018-11-07",109.440002,112.239998,109.400002,111.959999,37901700,107.798935
"2018-11-08",111.800003,112.209999,110.910004,111.75,25644100,107.596741
"2018-11-09",110.849998,111.449997,108.760002,109.57,32039200,105.497772
"2018-11-12",109.419998,109.959999,106.099998,106.870003,33621800,102.898117
"2018-11-13",107.550003,108.739998,106.639999,106.940002,35374600,102.965515
"2018-11-14",108.099998,108.260002,104.470001,104.970001,39495100,101.505363
"2018-11-15",104.989998,107.800003,103.910004,107.279999,38505200,103.739105
"2018-11-16",107.080002,108.879997,106.800003,108.290001,33502100,104.715782
"2018-11-19",108.269997,108.559998,103.550003,104.620003,44773900,101.166908
"2018-11-20",101.800003,102.970001,99.349998,101.709999,64052500,98.352959
"2018-11-21",103.599998,104.43,102.239998,103.110001,28130600,99.706741
"2018-11-23",102.169998,103.809998,102,103.07,13823100,99.668053
"2018-11-26",104.790001,106.629997,104.580002,106.470001,32336200,102.955849
"2018-11-27",106.269997,107.330002,105.360001,107.139999,29124500,103.603737
"2018-11-28",107.889999,111.330002,107.860001,111.120003,46788500,107.45237
"2018-11-29",110.330002,111.120003,109.029999,110.190002,28123200,106.553062
"2018-11-30",110.699997,110.970001,109.360001,110.889999,33665600,107.229958
"2018-12-03",113,113.419998,110.730003,112.089996,34732800,108.39035
"2018-12-04",111.940002,112.639999,108.209999,108.519997,45197000,104.938179
"2018-12-06",105.82,109.239998,105,109.190002,49107400,105.586075
"2018-12-07",108.379997,109.449997,104.300003,104.82,45044900,101.360291
"2018-12-10",104.800003,107.980003,103.889999,107.589996,40801500,104.038864
"2018-12-11",109.800003,110.949997,107.440002,108.589996,42381900,105.005875
"2018-12-12",110.889999,111.269997,109.040001,109.080002,36183000,105.479683
"2018-12-13",109.580002,110.870003,108.629997,109.449997,31333400,105.837479
"2018-12-14",108.25,109.260002,105.5,106.029999,47043100,102.530357
"2018-12-17",105.410004,105.800003,101.709999,102.889999,56957300,99.494011
"2018-12-18",103.75,104.510002,102.519997,103.970001,49319200,100.538353
"2018-12-19",103.650002,106.879997,101.349998,103.690002,68198200,100.267593
"2018-12-20",103.050003,104.309998,98.779999,101.510002,70334200,98.159554
"2018-12-21",101.629997,103,97.459999,98.230003,111242100,94.987808
"2018-12-24",97.68,97.970001,93.980003,94.129997,43935200,91.023132
"2018-12-26",95.139999,100.690002,93.959999,100.559998,51634800,97.240921
"2018-12-27",99.300003,101.190002,96.400002,101.18,49498500,97.840446
"2018-12-28",102.089996,102.410004,99.519997,100.389999,38196300,97.076523
"2018-12-31",101.290001,102.400002,100.440002,101.57,33173800,98.217583
"2019-01-02",99.550003,101.75,98.940002,101.120003,35329300,97.782425
"2019-01-03",100.099998,100.190002,97.199997,97.400002,42579100,94.185196
"2019-01-04",99.720001,102.510002,98.93,101.93,44060600,98.565681
"2019-01-07",101.639999,103.269997,100.980003,102.059998,35656100,98.691406
"2019-01-08",103.040001,103.970001,101.709999,102.800003,31514400,99.406982
"2019-01-09",103.860001,104.879997,103.239998,104.269997,32280800,100.828453
"2019-01-10",103.220001,103.75,102.379997,103.599998,30067600,100.180557
"2019-01-11",103.190002,103.440002,101.639999,102.800003,28314200,99.406982
"2019-01-14",101.900002,102.870003,101.260002,102.050003,28437100,98.681747
"2019-01-15",102.510002,105.050003,101.879997,105.010002,31587600,101.544044
"2019-01-16",105.260002,106.260002,104.959999,105.379997,29853900,101.90181
"2019-01-17",105,106.629997,104.760002,106.120003,28393000,102.617386
"2019-01-18",107.459999,107.900002,105.910004,107.709999,37427600,104.154907
"2019-01-22",106.75,107.099998,104.860001,105.68,32371300,102.19191
"2019-01-23",106.120003,107.040001,105.339996,106.709999,25874300,103.187904
"2019-01-24",106.860001,107,105.339996,106.199997,23164800,102.694763
"2019-01-25",107.239998,107.879997,106.199997,107.169998,31225600,103.632729
"2019-01-28",106.260002,106.480003,104.660004,105.080002,29476700,101.611717
"2019-01-29",104.879997,104.970001,102.169998,102.940002,31490500,99.542358
"2019-01-30",104.620003,106.379997,104.330002,106.379997,49471900,102.868805
"2019-01-31",103.800003,105.220001,103.18,104.43,55636400,100.98317
"2019-02-01",103.779999,104.099998,102.349998,102.779999,35535700,99.387634
"2019-02-04",102.870003,105.800003,102.769997,105.739998,31315100,102.249931
"2019-02-05",106.059998,107.269997,105.959999,107.220001,27325400,103.681084
"2019-02-06",107,107,105.529999,106.029999,20609800,102.530357
"2019-02-07",105.190002,105.589996,104.290001,105.269997,29760700,101.795441
"2019-02-08",104.389999,105.779999,104.260002,105.669998,21461100,102.182243
"2019-02-11",106.199997,106.580002,104.970001,105.25,18914100,101.776115
"2019-02-12",106.139999,107.139999,105.480003,106.889999,25056600,103.361977
"2019-02-13",107.5,107.779999,106.709999,106.809998,18394900,103.284622
"2019-02-14",106.309998,107.290001,105.660004,106.900002,21784700,103.371658
"2019-02-15",107.910004,108.300003,107.360001,108.220001,26606900,104.648079
"2019-02-19",107.790001,108.660004,107.779999,108.169998,18038500,104.599724
"2019-02-20",107.860001,107.940002,106.290001,107.150002,21607700,104.055901
"2019-02-21",106.900002,109.480003,106.870003,109.410004,29063200,106.250648
"2019-02-22",110.050003,111.199997,109.82,110.970001,27763200,107.765602
"2019-02-25",111.760002,112.18,111.260002,111.589996,23750600,108.367683
"2019-02-26",111.260002,113.239998,111.169998,112.360001,21536700,109.115463
"2019-02-27",111.690002,112.360001,110.879997,112.169998,21487100,108.930946
"2019-02-28",112.040001,112.879997,111.730003,112.029999,29083900,108.794991
"2019-03-01",112.889999,113.019997,111.669998,112.529999,23501200,109.280548
"2019-03-04",113.019997,113.25,110.800003,112.260002,26608000,109.018341
"2019-03-05",112.25,112.389999,111.230003,111.699997,19538300,108.474518
"2019-03-06",111.870003,112.660004,111.43,111.75,17687000,108.523079
"2019-03-07",111.400002,111.550003,109.870003,110.389999,25339000,107.202347
"2019-03-08",109.160004,110.709999,108.800003,110.510002,22818400,107.318878
"2019-03-11",110.989998,112.949997,110.980003,112.830002,26491600,109.571884
"2019-03-12",112.82,113.989998,112.650002,113.620003,26132700,110.339081
"2019-03-13",114.129997,115,113.779999,114.5,35513800,111.193665
"2019-03-14",114.540001,115.199997,114.330002,114.589996,30763400,111.281067
"2019-03-15",115.339996,117.25,114.589996,115.910004,54681100,112.56295
"2019-03-18",116.169998,117.610001,116.050003,117.57,31207600,114.175011
"2019-03-19",118.089996,118.440002,116.989998,117.650002,37588700,114.252701
"2019-03-20",117.389999,118.75,116.709999,117.519997,28113300,114.126457
"2019-03-21",117.139999,120.82,117.089996,120.220001,29854400,116.748497
"2019-03-22",119.5,119.589996,117.040001,117.050003,33624500,113.670036
"2019-03-25",116.559998,118.010002,116.32,117.660004,27067100,114.262405
"2019-03-26",118.620003,118.709999,116.849998,117.910004,26097700,114.505203
"2019-03-27",117.879997,118.209999,115.519997,116.769997,22733400,113.398117
"2019-03-28",117.440002,117.580002,116.129997,116.93,18334800,113.553497
"2019-03-29",118.07,118.32,116.959999,117.940002,25399800,114.534317
"2019-04-01",118.949997,119.110001,118.099998,119.019997,22789100,115.58313
"2019-04-02",119.059998,119.480003,118.519997,119.190002,18142300,115.74823
"2019-04-03",119.860001,120.43,119.150002,119.970001,22860700,116.505722
"2019-04-04",120.099998,120.230003,118.379997,119.360001,20112800,115.913322
"2019-04-05",119.389999,120.230003,119.370003,119.889999,15826200,116.428009
"2019-04-08",119.809998,120.019997,118.639999,119.93,15116200,116.466866
"2019-04-09",118.629997,119.540001,118.580002,119.279999,17612000,115.83564
"2019-04-10",119.760002,120.349998,119.540001,120.190002,16477200,116.719353
"2019-04-11",120.540001,120.849998,119.919998,120.330002,14209100,116.855316
"2019-04-12",120.639999,120.980003,120.370003,120.949997,19745100,117.457405
"2019-04-15",120.940002,121.580002,120.57,121.050003,15792600,117.554527
"2019-04-16",121.639999,121.650002,120.099998,120.769997,14071800,117.282608
"2019-04-17",121.239998,121.849998,120.540001,121.769997,19300900,118.253731
"2019-04-18",122.190002,123.519997,121.300003,123.370003,27991000,119.807541
"2019-04-22",122.620003,124,122.57,123.760002,15648700,120.186279
"2019-04-23",124.099998,125.580002,123.830002,125.440002,24025500,121.817749
"2019-04-24",125.790001,125.849998,124.519997,125.010002,31257000,121.400162
"2019-04-25",130.059998,131.369995,128.830002,129.149994,38033900,125.420616
"2019-04-26",129.699997,130.520004,129.020004,129.889999,23654900,126.139259
"2019-04-29",129.899994,130.179993,129.350006,129.770004,16324200,126.022736
"2019-04-30",129.809998,130.699997,129.389999,130.600006,24166500,126.828766
"2019-05-01",130.529999,130.649994,127.699997,127.879997,26821700,124.187294
"2019-05-02",127.980003,128,125.519997,126.209999,27350200,122.565536
"2019-05-03",127.360001,129.429993,127.25,128.899994,24911100,125.177834
"2019-05-06",126.389999,128.559998,126.110001,128.149994,24239800,124.449493
"2019-05-07",126.459999,127.18,124.220001,125.519997,36017700,121.895439
"2019-05-08",125.440002,126.370003,124.75,125.510002,28419000,121.885719
"2019-05-09",124.290001,125.790001,123.57,125.5,27235800,121.876015
"2019-05-10",124.910004,127.93,123.82,127.129997,30915100,123.458939
"2019-05-13",124.110001,125.550003,123.040001,123.349998,33944900,119.788094
"2019-05-14",123.870003,125.879997,123.699997,124.730003,25266300,121.12825
"2019-05-15",124.260002,126.709999,123.699997,126.019997,24722700,122.834023
"2019-05-16",126.75,129.380005,126.459999,128.929993,30112200,125.670433
"2019-05-17",128.309998,130.460007,127.919998,128.070007,25770500,124.832184
"2019-05-20",126.519997,127.589996,125.760002,126.220001,23706900,123.028961
"2019-05-21",127.43,127.529999,126.580002,126.900002,15293300,123.691765
"2019-05-22",126.620003,128.240005,126.519997,127.669998,15396500,124.442299
"2019-05-23",126.199997,126.290001,124.739998,126.18,23603800,122.989983
"2019-05-24",126.910004,127.419998,125.970001,126.239998,14123400,123.048447
"2019-05-28",126.980003,128,126.050003,126.160004,23128400,122.97049
"2019-05-29",125.379997,125.389999,124.040001,124.940002,22763100,121.781319
"2019-05-30",125.260002,125.760002,124.779999,125.730003,16829600,122.551353
"2019-05-31",124.230003,124.620003,123.32,123.68,26646800,120.553185
"2019-06-03",123.849998,124.370003,119.010002,119.839996,37983600,116.810265
"2019-06-04",121.279999,123.279999,120.650002,123.160004,29382600,120.046326
"2019-06-05",124.949997,125.870003,124.209999,125.830002,24926100,122.648834
"2019-06-06",126.440002,127.970001,125.599998,127.82,21459000,124.588501
"2019-06-07",129.190002,132.25,128.259995,131.399994,33885600,128.077988
"2019-06-10",132.399994,134.080002,132,132.600006,26477100,129.247681
"2019-06-11",133.880005,134.240005,131.279999,132.100006,23913700,128.760315
"2019-06-12",131.399994,131.970001,130.710007,131.490005,17092500,128.16571
"2019-06-13",131.979996,133,131.559998,132.320007,17200800,128.974762
"2019-06-14",132.259995,133.789993,131.639999,132.449997,17821700,129.10144
"2019-06-17",132.630005,133.729996,132.529999,132.850006,14517800,129.491348
"2019-06-18",134.190002,135.240005,133.570007,135.160004,25934500,131.742935
"2019-06-19",135,135.929993,133.809998,135.690002,23744400,132.259537
"2019-06-20",137.449997,137.660004,135.720001,136.949997,33042600,133.487686
"2019-06-21",136.580002,137.729996,136.460007,136.970001,36727900,133.507187
"2019-06-24",137,138.399994,137,137.779999,20628800,134.296692
"2019-06-25",137.25,137.589996,132.729996,133.429993,33327400,130.056656
"2019-06-26",134.350006,135.740005,133.600006,133.929993,23657700,130.544006
"2019-06-27",134.139999,134.710007,133.509995,134.149994,16557500,130.758453
"2019-06-28",134.570007,134.600006,133.160004,133.960007,30043000,130.573288
"2019-07-01",136.630005,136.699997,134.970001,135.679993,22613500,132.249802
"2019-07-02",136.119995,136.589996,135.339996,136.580002,15237800,133.127029
"2019-07-03",136.800003,137.740005,136.289993,137.460007,13629300,133.984802
"2019-07-05",135.940002,137.330002,135.720001,137.059998,18141100,133.59491
"2019-07-08",136.399994,137.100006,135.369995,136.960007,16779700,133.497467
"2019-07-09",136,136.970001,135.800003,136.460007,19953100,133.010056
"2019-07-10",137.130005,138.580002,137.020004,137.850006,24204400,134.364929
"2019-07-11",138.199997,139.220001,137.869995,138.399994,22327900,134.901016
"2019-07-12",138.850006,139.130005,138.009995,138.899994,18936800,135.388367
"2019-07-15",139.440002,139.539993,138.460007,138.899994,16651500,135.388367
"2019-07-16",138.960007,139.050003,136.520004,137.080002,22726100,133.61441
"2019-07-17",137.699997,137.929993,136.220001,136.270004,20211000,132.82489
"2019-07-18",135.550003,136.619995,134.669998,136.419998,30381800,132.971069
"2019-07-19",140.220001,140.669998,136.449997,136.619995,48992400,133.166016
"2019-07-22",137.410004,139.190002,137.330002,138.429993,25074900,134.930267
"2019-07-23",139.759995,139.990005,138.029999,139.289993,18034600,135.768524
"2019-07-24",138.899994,140.740005,138.850006,140.720001,20738300,137.162384
"2019-07-25",140.429993,140.610001,139.320007,140.190002,18356900,136.645767
"2019-07-26",140.369995,141.679993,140.300003,141.339996,19037600,137.766708
"2019-07-29",141.5,141.509995,139.369995,141.029999,16605900,137.464554
"2019-07-30",140.139999,141.220001,139.800003,140.350006,16846500,136.801727
"2019-07-31",140.330002,140.490005,135.080002,136.270004,38598800,132.82489
"2019-08-01",137,140.940002,136.929993,138.059998,40557500,134.569626
"2019-08-02",138.089996,138.320007,135.259995,136.899994,30791600,133.438934
"2019-08-05",133.300003,133.929993,130.779999,132.210007,42749600,128.867538
"2019-08-06",133.800003,135.679993,133.210007,134.690002,32696700,131.284836
"2019-08-07",133.789993,135.649994,131.830002,135.279999,33414500,131.859909
"2019-08-08",136.600006,138.990005,135.929993,138.889999,27496500,135.378647
"2019-08-09",138.610001,139.380005,136.460007,137.710007,23466700,134.228485
"2019-08-12",137.070007,137.860001,135.240005,135.789993,20484300,132.356995
"2019-08-13",136.050003,138.800003,135,138.600006,25154600,135.095993
"2019-08-14",136.360001,136.919998,133.669998,133.979996,32527300,131.027649
"2019-08-15",134.389999,134.580002,132.25,133.679993,28074400,130.734238
"2019-08-16",134.880005,136.460007,134.720001,136.130005,24449100,133.13028
"2019-08-19",137.850006,138.550003,136.889999,138.410004,24355700,135.360016
"2019-08-20",138.210007,138.710007,137.240005,137.259995,21170800,134.235367
"2019-08-21",138.550003,139.490005,138,138.789993,14970300,135.731644
"2019-08-22",138.660004,139.199997,136.289993,137.779999,18697000,134.743896
"2019-08-23",137.190002,138.350006,132.800003,133.389999,38508600,130.450638
"2019-08-26",134.990005,135.559998,133.899994,135.449997,20312600,132.46524
"2019-08-27",136.389999,136.720001,134.660004,135.740005,23102100,132.748871
"2019-08-28",134.880005,135.759995,133.550003,135.559998,17393300,132.572815
"2019-08-29",137.25,138.440002,136.910004,138.119995,20168700,135.076416
"2019-08-30",139.149994,139.179993,136.270004,137.860001,23940100,134.822144
"2019-09-03",136.610001,137.199997,135.699997,136.039993,18869300,133.042252
"2019-09-04",137.300003,137.690002,136.479996,137.630005,17995900,134.597229
"2019-09-05",139.110001,140.380005,138.759995,140.050003,26101800,136.963898
"2019-09-06",140.029999,140.179993,138.199997,139.100006,20824500,136.034836
"2019-09-09",139.589996,139.75,136.460007,137.520004,25773900,134.48967
"2019-09-10",136.800003,136.889999,134.509995,136.080002,28903400,133.08136
"2019-09-11",135.910004,136.270004,135.089996,136.119995,24726100,133.120468
"2019-09-12",137.850006,138.419998,136.869995,137.520004,27010000,134.48967
"2019-09-13",137.779999,138.059998,136.570007,137.320007,23363100,134.294037
"2019-09-16",135.830002,136.699997,135.660004,136.330002,16731400,133.325882
"2019-09-17",136.960007,137.520004,136.429993,137.389999,17814200,134.362518
"2019-09-18",137.360001,138.669998,136.529999,138.520004,23982100,135.46759
"2019-09-19",140.300003,142.369995,140.070007,141.070007,35772100,137.961426
"2019-09-20",141.009995,141.649994,138.25,139.440002,39167300,136.36734
"2019-09-23",139.229996,139.630005,138.440002,139.139999,17139300,136.073944
"2019-09-24",140.360001,140.690002,136.880005,137.380005,29773200,134.352722
"2019-09-25",137.5,139.960007,136.029999,139.360001,21382000,136.289093
"2019-09-26",139.440002,140.179993,138.440002,139.539993,17456600,136.465134
"2019-09-27",140.149994,140.360001,136.649994,137.729996,22477700,134.694992
"2019-09-30",138.050003,139.220001,137.779999,139.029999,17280900,135.96637
"2019-10-01",139.660004,140.25,137,137.070007,21466600,134.049561
"2019-10-02",136.25,136.369995,133.580002,134.649994,30521700,131.682892
"2019-10-03",134.949997,136.75,133.220001,136.279999,24132900,133.276962
"2019-10-04",136.75,138.25,136.419998,138.119995,22897700,135.076416
"2019-10-07",137.139999,138.179993,137.020004,137.119995,15303700,134.09845
"2019-10-08",137.080002,137.759995,135.619995,135.669998,25550500,132.680405
"2019-10-09",137.460007,138.699997,136.970001,138.240005,19749900,135.193756
"2019-10-10",138.490005,139.669998,138.25,139.100006,17654600,136.034836
"2019-10-11",140.119995,141.029999,139.5,139.679993,25446000,136.602036
"2019-10-14",139.690002,140.289993,139.520004,139.550003,13304300,136.474899
"2019-10-15",140.059998,141.789993,139.809998,141.570007,19695700,138.450394
"2019-10-16",140.789993,140.990005,139.529999,140.410004,20751600,137.315964
"2019-10-17",140.949997,141.419998,139.020004,139.690002,21460600,136.611816
"2019-10-18",139.759995,140,136.559998,137.410004,32273500,134.382065
"2019-10-21",138.449997,138.5,137.009995,138.429993,20078200,135.379578
"2019-10-22",138.970001,140.009995,136.259995,136.369995,27431000,133.364975
"2019-10-23",136.880005,137.449997,135.610001,137.240005,29844600,134.215805
"2019-10-24",139.389999,140.419998,138.669998,139.940002,37029300,136.856323
"2019-10-25",139.339996,141.139999,139.199997,140.729996,25959700,137.628891
"2019-10-28",144.399994,145.669998,143.509995,144.190002,35280100,141.012665
"2019-10-29",144.080002,144.5,142.649994,142.830002,20589500,139.682632
"2019-10-30",143.520004,145,142.789993,144.610001,18496600,141.423386
"2019-10-31",144.899994,144.929993,142.990005,143.369995,24605100,140.210709
"2019-11-01",144.259995,144.419998,142.970001,143.720001,33128400,140.553009
"2019-11-04",144.830002,145,144.160004,144.550003,16912000,141.364731
"2019-11-05",144.970001,145.020004,143.910004,144.460007,18250200,141.276703
"2019-11-06",144.369995,144.520004,143.199997,144.059998,16575800,140.885513
"2019-11-07",143.839996,144.880005,143.770004,144.259995,17786700,141.081116
"2019-11-08",143.979996,145.990005,143.759995,145.960007,16732700,142.743652
"2019-11-11",145.339996,146.419998,144.729996,146.110001,14362600,142.890335
"2019-11-12",146.279999,147.570007,146.059998,147.070007,18641600,143.829193
"2019-11-13",146.740005,147.460007,146.279999,147.309998,16919200,144.063904
"2019-11-14",147.020004,148.410004,147,148.059998,19729800,144.797394
"2019-11-15",148.929993,149.990005,148.270004,149.970001,23485700,146.665283
"2019-11-18",150.070007,150.550003,148.979996,150.339996,21534000,147.027115
"2019-11-19",150.880005,151.330002,150.199997,150.389999,23935700,147.076035
"2019-11-20",150.309998,150.839996,148.460007,149.619995,25696800,146.820908
"2019-11-21",149.399994,149.800003,148.5,149.479996,18576100,146.683517
"2019-11-22",150.070007,150.300003,148.820007,149.589996,15901800,146.791458
"2019-11-25",150,151.350006,149.919998,151.229996,22420900,148.400787
"2019-11-26",151.360001,152.419998,151.320007,152.029999,24620100,149.185791
"2019-11-27",152.330002,152.5,151.520004,152.320007,15184400,149.470413
"2019-11-29",152.100006,152.300003,151.279999,151.380005,11977300,148.548004
"2019-12-02",151.809998,151.830002,148.320007,149.550003,27418400,146.752228
"2019-12-03",147.490005,149.429993,146.649994,149.309998,24066000,146.516708
"2019-12-04",150.139999,150.179993,149.199997,149.850006,17574700,147.046616
"2019-12-05",150.050003,150.320007,149.479996,149.929993,17869100,147.125092
"2019-12-06",150.990005,151.869995,150.270004,151.75,16403500,148.911041
"2019-12-09",151.070007,152.210007,150.910004,151.360001,16687400,148.528351
"2019-12-10",151.289993,151.889999,150.759995,151.130005,16476100,148.302643
"2019-12-11",151.539993,151.869995,150.330002,151.699997,18856600,148.861984
"2019-12-12",151.649994,153.440002,151.020004,153.240005,24612100,150.373199
"2019-12-13",153,154.889999,152.830002,154.529999,23845400,151.639038
"2019-12-16",155.110001,155.899994,154.820007,155.529999,24144200,152.620316
"2019-12-17",155.449997,155.710007,154.449997,154.690002,25425600,151.796066
"2019-12-18",154.300003,155.479996,154.179993,154.369995,24129200,151.482056
"2019-12-19",154,155.770004,153.75,155.710007,24958900,152.796982
"2019-12-20",157.350006,158.490005,156.289993,157.410004,53477500,154.465164
"2019-12-23",158.119995,158.119995,157.270004,157.410004,17718200,154.465164
"2019-12-24",157.479996,157.710007,157.119995,157.380005,8989200,154.435745
"2019-12-26",157.559998,158.729996,157.399994,158.669998,14520600,155.701599
"2019-12-27",159.449997,159.550003,158.220001,158.960007,18412800,155.986176
"2019-12-30",158.990005,159.020004,156.729996,157.589996,16348400,154.641769
"2019-12-31",156.770004,157.770004,156.449997,157.699997,18369400,154.749756
"2020-01-02",158.779999,160.729996,158.330002,160.619995,22622100,157.615112
"2020-01-03",158.320007,159.949997,158.059998,158.619995,21116200,155.652542
"2020-01-06",157.080002,159.100006,156.509995,159.029999,20813700,156.054855
"2020-01-07",159.320007,159.669998,157.320007,157.580002,21634100,154.632004
"2020-01-08",158.929993,160.800003,157.949997,160.089996,27746500,157.095047
"2020-01-09",161.839996,162.220001,161.029999,162.089996,21385000,159.057602
"2020-01-10",162.820007,163.220001,161.179993,161.339996,20725900,158.32164
"2020-01-13",161.759995,163.309998,161.259995,163.279999,21626500,160.225342
"2020-01-14",163.389999,163.600006,161.720001,162.130005,23477400,159.096863
"2020-01-15",162.619995,163.940002,162.570007,163.179993,21417900,160.127213
"2020-01-16",164.350006,166.240005,164.029999,166.169998,23865400,163.06131
"2020-01-17",167.419998,167.470001,165.429993,167.100006,34371700,163.973892
"2020-01-21",166.679993,168.190002,166.429993,166.5,29517200,163.385132
"2020-01-22",167.399994,167.490005,165.679993,165.699997,24138800,162.600082
"2020-01-23",166.190002,166.800003,165.270004,166.720001,19680800,163.600998
"2020-01-24",167.509995,167.529999,164.449997,165.039993,24918100,161.952423
"2020-01-27",161.149994,163.380005,160.199997,162.279999,32078100,159.244049
"2020-01-28",163.779999,165.759995,163.070007,165.460007,24899900,162.364578
"2020-01-29",167.839996,168.75,165.690002,168.039993,34754500,164.896286
"2020-01-30",174.050003,174.050003,170.789993,172.779999,51597500,169.547607
"2020-01-31",172.210007,172.399994,169.580002,170.229996,36142700,167.045334
"2020-02-03",170.429993,174.5,170.399994,174.380005,30107000,171.117691
"2020-02-04",177.139999,180.639999,176.309998,180.119995,36433300,176.750305
"2020-02-05",184.029999,184.199997,178.410004,179.899994,39186300,176.534409
"2020-02-06",180.970001,183.820007,180.059998,183.630005,27751400,180.194672
"2020-02-07",182.850006,185.630005,182.479996,183.889999,33529100,180.449768
"2020-02-10",183.580002,188.839996,183.25,188.699997,35844300,185.169785
"2020-02-11",190.649994,190.699997,183.5,184.440002,53159900,180.989487
"2020-02-12",185.580002,185.850006,181.850006,184.710007,47062900,181.254456
"2020-02-13",183.080002,186.229996,182.869995,183.710007,35295800,180.273163
"2020-02-14",183.25,185.410004,182.649994,185.350006,23149500,181.882477
"2020-02-18",185.610001,187.699997,185.5,187.229996,27792200,183.72731
"2020-02-19",188.059998,188.179993,186.470001,187.279999,29997500,184.27832
"2020-02-20",186.949997,187.25,181.100006,184.419998,36862400,181.464142
"2020-02-21",183.169998,183.5,177.25,178.589996,48572600,175.727615
"2020-02-24",167.770004,174.550003,163.229996,170.889999,68311100,168.151001
"2020-02-25",174.199997,174.839996,167.649994,168.070007,68073300,165.376205
"2020-02-26",169.710007,173.259995,168.210007,170.169998,56206100,167.442566
"2020-02-27",163.320007,167.029999,157.979996,158.179993,93174900,155.644714
"2020-02-28",152.410004,163.710007,152,162.009995,97012700,159.413315
"2020-03-02",165.309998,172.919998,162.309998,172.789993,71030800,170.020554
"2020-03-03",173.800003,175,162.259995,164.509995,71677000,161.87326
"2020-03-04",168.490005,170.699997,165.619995,170.550003,49814400,167.816483
"2020-03-05",166.050003,170.869995,165.690002,166.270004,47817300,163.605057
"2020-03-06",162.610001,163.110001,156,161.570007,72821100,158.980392
"2020-03-09",151,157.75,150,150.619995,70419300,148.205917
"2020-03-10",158.160004,161.029999,152.580002,160.919998,65354400,158.34082
"2020-03-11",157.130005,157.699997,151.149994,153.630005,56371600,151.167648
"2020-03-12",145.300003,153.470001,138.580002,139.059998,93226400,136.831177
"2020-03-13",147.5,161.910004,140.729996,158.830002,92727400,156.284317
"2020-03-16",140,149.350006,135,135.419998,87905900,133.249527
"2020-03-17",140,147.5,135,146.570007,81059800,144.22081
"2020-03-18",138,146,135.020004,140.399994,81593200,138.149704
"2020-03-19",142.770004,150.149994,139,142.710007,85922700,140.422668
"2020-03-20",146,147.100006,135.860001,137.350006,84866200,135.14859
"2020-03-23",137.009995,140.570007,132.520004,135.979996,78975200,133.800537
"2020-03-24",143.75,149.600006,141.270004,148.339996,82516700,145.962433
"2020-03-25",148.910004,154.330002,144.440002,146.919998,75638200,144.565216
"2020-03-26",148.399994,156.660004,148.369995,156.110001,64568100,153.607895
"2020-03-27",151.75,154.889999,149.199997,149.699997,57042300,147.300629
"2020-03-30",152.440002,160.600006,150.009995,160.229996,63420300,157.66185
"2020-03-31",159.399994,164.779999,156.559998,157.710007,77927200,155.182266
"2020-04-01",153,157.75,150.820007,152.110001,57969900,149.672028
"2020-04-02",151.860001,155.479996,150.360001,155.259995,49630700,152.77153
"2020-04-03",155.100006,157.380005,152.190002,153.830002,41243300,151.364471
"2020-04-06",160.320007,166.5,157.580002,165.270004,67111700,162.621109
"2020-04-07",169.589996,170,163.259995,163.490005,62769000,160.869629
"2020-04-08",165.669998,166.669998,163.5,165.130005,48318200,162.483322
"2020-04-09",166.360001,167.369995,163.330002,165.139999,51385100,162.493164
"2020-04-13",164.350006,165.570007,162.300003,165.509995,41905300,162.857224
"2020-04-14",169,173.75,168,173.699997,52874300,170.91597
"2020-04-15",171.199997,173.570007,169.240005,171.880005,40940800,169.125153
"2020-04-16",174.300003,177.279999,172.899994,177.039993,50479600,174.202423
"2020-04-17",179.5,180,175.869995,178.600006,52765600,175.737442
"2020-04-20",176.630005,178.75,174.990005,175.059998,36669600,172.254181
"2020-04-21",173.5,173.669998,166.110001,167.820007,56203700,165.130219
"2020-04-22",171.389999,174,170.820007,173.520004,34620200,170.738861
"2020-04-23",174.110001,175.059998,170.910004,171.419998,32790800,168.672516
"2020-04-24",172.059998,174.559998,170.710007,174.550003,34277600,171.75235
"2020-04-27",176.589996,176.899994,173.300003,174.050003,33194400,171.260376
"2020-04-28",175.589996,175.669998,169.389999,169.809998,34392700,167.088333
"2020-04-29",173.220001,177.679993,171.880005,177.429993,51286600,174.586197
"2020-04-30",180,180.399994,176.229996,179.210007,53875900,176.337677
"2020-05-01",175.800003,178.639999,174.009995,174.570007,39370500,171.772049
"2020-05-04",174.490005,179,173.800003,178.839996,30372900,175.973572
"2020-05-05",180.619995,183.649994,179.899994,180.759995,36839200,177.862823
"2020-05-06",182.080002,184.199997,181.630005,182.539993,32139300,179.614273
"2020-05-07",184.169998,184.550003,182.580002,183.600006,28316000,180.657303
"2020-05-08",184.979996,185,183.360001,184.679993,30877800,181.720001
"2020-05-11",183.149994,187.509995,182.850006,186.740005,30892700,183.746994
"2020-05-12",186.800003,187.039993,182.300003,182.509995,32038200,179.584778
"2020-05-13",182.550003,184.050003,176.539993,179.75,44711500,176.868988
"2020-05-14",177.539993,180.690002,175.679993,180.529999,41873900,177.63649
"2020-05-15",179.059998,187.059998,177,183.160004,46610400,180.22435
"2020-05-18",185.75,186.199997,183.960007,184.910004,35264500,181.94632
"2020-05-19",185.029999,186.600006,183.490005,183.630005,26799100,180.686844
"2020-05-20",184.809998,185.850006,183.940002,185.660004,31261300,183.193069
"2020-05-21",185.399994,186.669998,183.289993,183.429993,29119500,180.992691
"2020-05-22",183.190002,184.460007,182.539993,183.509995,20826900,181.071625
"2020-05-26",186.339996,186.5,181.100006,181.570007,36073600,179.157425
"2020-05-27",180.199997,181.990005,176.600006,181.809998,39517100,179.394226
"2020-05-28",180.740005,184.149994,180.380005,181.399994,33810200,178.989655
"2020-05-29",182.729996,184.270004,180.410004,183.25,42130400,180.815109
"2020-06-01",182.539993,183,181.460007,182.830002,22622400,180.400696
"2020-06-02",184.25,185,181.350006,184.910004,30794600,182.453049
"2020-06-03",184.820007,185.940002,183.580002,185.360001,27311000,182.897064
"2020-06-04",184.300003,185.839996,182.300003,182.919998,28761800,180.489487
"2020-06-05",182.619995,187.729996,182.009995,187.199997,39893600,184.712601
"2020-06-08",185.940002,188.550003,184.440002,188.360001,33211600,185.857193
"2020-06-09",188,190.699997,187.259995,189.800003,29783900,187.278061
"2020-06-10",191.130005,198.520004,191.009995,196.839996,43872300,194.224533
"2020-06-11",193.130005,195.759995,186.070007,186.270004,52854700,183.794983
"2020-06-12",190.539993,191.720001,185.179993,187.740005,43373600,185.245422
"2020-06-15",184.580002,190.820007,184.009995,188.940002,32770200,186.429504
"2020-06-16",192.889999,195.580002,191.460007,193.570007,42556700,190.997986
"2020-06-17",195.029999,196.320007,193.690002,194.240005,25687800,191.659073
"2020-06-18",194,196.490005,194,196.320007,23061600,193.711456
"2020-06-19",198.589996,199.289993,194.369995,195.149994,44441100,192.556976
"2020-06-22",195.789993,200.759995,195.229996,200.570007,32818900,197.904968
"2020-06-23",202.089996,203.949997,201.429993,201.910004,30917400,199.227142
"2020-06-24",201.600006,203.25,196.559998,197.839996,36740600,195.211212
"2020-06-25",197.800003,200.610001,195.470001,200.339996,27803900,197.678024
"2020-06-26",199.729996,199.889999,194.880005,196.330002,54675800,193.721283
"2020-06-29",195.779999,198.529999,193.550003,198.440002,26701600,195.803268
"2020-06-30",197.880005,204.399994,197.740005,203.509995,34310300,200.805908
"2020-07-01",203.139999,206.350006,201.770004,204.699997,32061200,201.980087
"2020-07-02",205.679993,208.020004,205,206.259995,29315800,203.519333
"2020-07-06",208.830002,211.130005,208.089996,210.699997,31897600,207.900345
"2020-07-07",210.449997,214.669998,207.990005,208.25,33600700,205.482895
"2020-07-08",210.070007,213.259995,208.690002,212.830002,33600000,210.00206
"2020-07-09",216.330002,216.380005,211.470001,214.320007,33121700,211.472275
"2020-07-10",213.619995,214.080002,211.080002,213.669998,26177600,210.830902
"2020-07-13",214.479996,215.800003,206.5,207.070007,38135600,204.318604
"2020-07-14",206.130005,208.850006,202.029999,208.350006,37591800,205.581589
"2020-07-15",209.559998,211.330002,205.029999,208.039993,32179400,205.275681
"2020-07-16",205.399994,205.699997,202.309998,203.919998,29940700,201.210449
"2020-07-17",204.470001,205.039993,201.389999,202.880005,31635300,200.184265
"2020-07-20",205,212.300003,203.009995,211.600006,36884800,208.788422
"2020-07-21",213.660004,213.940002,208.029999,208.75,37990400,205.976273
"2020-07-22",209.199997,212.300003,208.389999,211.75,49605700,208.936401
"2020-07-23",207.190002,210.919998,202.149994,202.539993,67457000,199.84877
"2020-07-24",200.419998,202.860001,197.509995,201.300003,39827000,198.62529
"2020-07-27",201.470001,203.970001,200.860001,203.850006,30160900,201.141388
"2020-07-28",203.610001,204.699997,201.740005,202.020004,23251400,199.335678
"2020-07-29",202.5,204.649994,202.009995,204.059998,19632600,201.348572
"2020-07-30",201,204.460007,199.570007,203.899994,25079600,201.190704
"2020-07-31",204.399994,205.100006,199.009995,205.009995,51044000,202.28595
"2020-08-03",211.520004,217.639999,210.440002,216.539993,78983000,213.662766
"2020-08-04",214.169998,214.770004,210.309998,213.289993,49280100,210.455933
"2020-08-05",214.899994,215,211.570007,212.940002,28806400,210.110596
"2020-08-06",212.339996,216.369995,211.550003,216.350006,32656800,213.475296
"2020-08-07",214.850006,215.699997,210.929993,212.479996,27820400,209.656693
"2020-08-10",211.669998,211.880005,206.350006,208.25,36716500,205.482895
"2020-08-11",207.160004,207.649994,203.139999,203.380005,36446500,200.677628
"2020-08-12",205.289993,210.279999,204.75,209.190002,28013100,206.410431
"2020-08-13",209.440002,211.350006,208.149994,208.699997,22588900,205.926926
"2020-08-14",208.759995,209.589996,207.509995,208.899994,17958900,206.124283
"2020-08-17",209.600006,211.190002,208.919998,210.279999,20184800,207.485931
"2020-08-18",210.529999,212.360001,209.210007,211.490005,21336200,208.679871
"2020-08-19",211.490005,212.100006,209.25,209.699997,27627600,207.413818
"2020-08-20",209.539993,215,208.910004,214.580002,26981500,212.240616
"2020-08-21",213.860001,216.25,212.850006,213.020004,36249300,210.697617
"2020-08-24",214.789993,215.520004,212.429993,213.690002,25460100,211.360321
"2020-08-25",213.100006,216.610001,213.100006,216.470001,23043700,214.110016
"2020-08-26",217.880005,222.089996,217.360001,221.149994,39600800,218.738968
"2020-08-27",222.889999,231.149994,219.399994,226.580002,57602200,224.109818
"2020-08-28",228.179993,230.639999,226.580002,228.910004,26292900,226.414413
"2020-08-31",227,228.699997,224.309998,225.529999,28774200,223.071228
"2020-09-01",225.509995,227.449997,224.429993,227.270004,25725500,224.792282
"2020-09-02",227.970001,232.860001,227.350006,231.649994,34080800,229.124512
"2020-09-03",229.270004,229.309998,214.960007,217.300003,58400300,214.930969
"2020-09-04",215.100006,218.360001,205.190002,214.25,59664100,211.91423
"2020-09-08",206.5,210.029999,202.199997,202.660004,52924300,200.450562
"2020-09-09",207.600006,214.839996,206.699997,211.289993,45679000,208.986481
"2020-09-10",213.399994,214.740005,204.110001,205.369995,35461500,203.131012
"2020-09-11",207.199997,208.630005,201.240005,204.029999,33620100,201.805634
"2020-09-14",204.240005,209.199997,204.029999,205.410004,30375800,203.170578
"2020-09-15",208.419998,209.779999,206.929993,208.779999,21823900,206.50386
"2020-09-16",210.619995,210.649994,204.639999,205.050003,26328100,202.814499
"2020-09-17",200.050003,204.330002,199.960007,202.910004,34011300,200.697861
"2020-09-18",202.800003,203.649994,196.25,200.389999,55225300,198.205307
"2020-09-21",197.190002,202.710007,196.380005,202.539993,39839700,200.331863
"2020-09-22",205.059998,208.100006,202.080002,207.419998,33517100,205.158661
"2020-09-23",207.899994,208.100006,200.029999,200.589996,30803800,198.403122
"2020-09-24",199.850006,205.570007,199.199997,203.190002,31202500,200.974792
"2020-09-25",203.550003,209.039993,202.539993,207.820007,29437300,205.554321
"2020-09-28",210.880005,212.570007,208.059998,209.440002,32004900,207.156677
"2020-09-29",209.350006,210.070007,206.809998,207.259995,24221900,205.000412
"2020-09-30",207.729996,211.979996,206.539993,210.330002,33829100,208.036942
"2020-10-01",213.490005,213.990005,211.320007,212.460007,27158400,210.143738
"2020-10-02",208,210.990005,205.539993,206.190002,33154800,203.942093
"2020-10-05",207.220001,210.410004,206.979996,210.380005,21331600,208.086411
"2020-10-06",208.820007,210.179993,204.820007,205.910004,28554300,203.665146
"2020-10-07",207.059998,210.110001,206.720001,209.830002,25681100,207.542389
"2020-10-08",210.509995,211.190002,208.320007,210.580002,19925800,208.284225
"2020-10-09",211.229996,215.860001,211.229996,215.809998,26458000,213.457214
"2020-10-12",218.789993,223.860001,216.809998,221.399994,40461400,218.986267
"2020-10-13",222.720001,225.210007,220.429993,222.860001,28950800,220.430328
"2020-10-14",223,224.220001,219.130005,220.860001,23421700,218.452148
"2020-10-15",217.100006,220.360001,216.009995,219.660004,22733100,217.265228
"2020-10-16",220.149994,222.289993,219.320007,219.660004,26057900,217.265228
"2020-10-19",220.419998,222.300003,213.720001,214.220001,27625800,211.884552
"2020-10-20",215.800003,217.369995,213.089996,214.649994,22753500,212.309845
"2020-10-21",213.119995,216.919998,213.119995,214.800003,22724900,212.458221
"2020-10-22",213.929993,216.059998,211.699997,214.889999,22351500,212.547226
"2020-10-23",215.029999,216.279999,213.160004,216.229996,18879600,213.872635
"2020-10-26",213.850006,216.339996,208.100006,210.080002,37111600,207.789688
"2020-10-27",211.589996,214.669998,210.330002,213.25,36700300,210.925125
"2020-10-28",207.669998,208.839996,202.100006,202.679993,51195600,200.470352
"2020-10-29",204.070007,207.360001,203.369995,204.720001,31432600,202.488098
"2020-10-30",203.5,204.289993,199.619995,202.470001,36953700,200.262665
"2020-11-02",204.289993,205.279999,200.119995,202.330002,30842200,200.124161
"2020-11-03",203.889999,208.119995,203.119995,206.429993,27512000,204.179459
"2020-11-04",214.020004,218.320007,212.419998,216.389999,42311800,214.030884
"2020-11-05",222.039993,224.119995,221.149994,223.289993,36080100,220.855667
"2020-11-06",222.259995,224.360001,218.029999,223.720001,25231900,221.280975
"2020-11-09",224.440002,228.119995,217.880005,218.389999,44395000,216.009079
"2020-11-10",214.5,216.5,209.720001,211.009995,44045100,208.709534
"2020-11-11",212.389999,218.039993,212.199997,216.550003,29440800,214.189133
"2020-11-12",217.210007,219.110001,214.460007,215.440002,21593900,213.091248
"2020-11-13",216.360001,217.419998,214.160004,216.509995,18621100,214.149567
"2020-11-16",214.869995,217.740005,214.520004,217.229996,24953300,214.861725
"2020-11-17",216.100006,217.679993,214.080002,214.460007,24154100,212.121933
"2020-11-18",213.649994,215.169998,210.929993,211.080002,28372800,209.325378
"2020-11-19",211.380005,213.029999,209.929993,212.419998,24792700,210.654221
"2020-11-20",212.199997,213.289993,210,210.389999,22843100,208.641098
"2020-11-23",210.949997,212.289993,208.160004,210.110001,25683500,208.363434
"2020-11-24",209.589996,214.25,208.860001,213.860001,33979700,212.082275
"2020-11-25",215.110001,215.289993,212.460007,213.869995,21012900,212.092178
"2020-11-27",214.850006,216.270004,214.039993,215.229996,14512200,213.440872
"2020-11-30",214.100006,214.759995,210.839996,214.070007,33064800,212.290527
"2020-12-01",214.509995,217.320007,213.350006,216.210007,30904500,214.412735
"2020-12-02",214.880005,215.470001,212.800003,215.369995,23724500,213.579712
"2020-12-03",214.610001,216.380005,213.649994,214.240005,25120900,212.459106
"2020-12-04",214.220001,215.380005,213.179993,214.360001,24666000,212.578094
"2020-12-07",214.369995,215.539993,212.990005,214.289993,24620000,212.508682
"2020-12-08",213.970001,216.949997,212.889999,216.009995,23284100,214.214386
"2020-12-09",215.160004,215.229996,211.210007,211.800003,32440600,210.039383
"2020-12-10",211.770004,213.080002,210.360001,210.520004,26733300,208.770035
"2020-12-11",210.050003,213.320007,209.110001,213.259995,30979400,211.487228
"2020-12-14",213.100006,216.210007,212.880005,214.199997,28798400,212.419418
"2020-12-15",215.169998,215.419998,212.240005,214.130005,27000600,212.350021
"2020-12-16",214.75,220.110001,214.720001,219.279999,35023300,217.457199
"2020-12-17",219.869995,220.889999,217.919998,219.419998,32515800,217.596054
"2020-12-18",218.589996,219.690002,216.020004,218.589996,63354900,216.772934
"2020-12-21",217.550003,224,217.279999,222.589996,37181900,220.73967
"2020-12-22",222.690002,225.630005,221.850006,223.940002,22612200,222.078476
"2020-12-23",223.110001,223.559998,220.800003,221.020004,18699600,219.182755
"2020-12-24",221.419998,223.610001,221.199997,222.75,10550600,220.898361
"2020-12-28",224.449997,226.029999,223.020004,224.960007,17933500,223.089996
"2020-12-29",226.309998,227.179993,223.580002,224.149994,17403200,222.286697
"2020-12-30",225.229996,225.630005,221.470001,221.679993,20272300,219.83725
"2020-12-31",221.699997,223,219.679993,222.419998,20942100,220.571106
"2021-01-04",222.529999,223,214.809998,217.690002,37130100,215.880432
"2021-01-05",217.259995,218.520004,215.699997,217.899994,23823000,216.088684
"2021-01-06",212.169998,216.490005,211.940002,212.25,35930700,210.485641
"2021-01-07",214.039993,219.339996,213.710007,218.289993,27694500,216.475418
"2021-01-08",218.679993,220.580002,217.029999,219.619995,22956200,217.794388
"2021-01-11",218.470001,218.910004,216.729996,217.490005,23031300,215.682098
"2021-01-12",216.5,217.100006,213.320007,214.929993,23249300,213.143356
"2021-01-13",214.020004,216.759995,213.929993,216.339996,20087100,214.541656
"2021-01-14",215.910004,217.460007,212.740005,213.020004,29480800,211.249252
"2021-01-15",213.520004,214.509995,212.029999,212.649994,31746500,210.882309
"2021-01-19",213.75,216.979996,212.630005,216.440002,30480900,214.640823
"2021-01-20",217.699997,225.789993,217.289993,224.339996,37777300,222.475143
"2021-01-21",224.699997,226.300003,222.419998,224.970001,30709400,223.099899
"2021-01-22",227.080002,230.070007,225.800003,225.949997,30172700,224.071747
"2021-01-25",229.119995,229.779999,224.220001,229.529999,33152100,227.621994
"2021-01-26",231.860001,234.179993,230.080002,232.330002,49169600,230.398743
"2021-01-27",238,240.440002,230.139999,232.899994,69870600,230.963989
"2021-01-28",235.610001,242.639999,235.089996,238.929993,49111200,236.943848
"2021-01-29",235.990005,238.020004,231.350006,231.960007,42503100,230.031815
"2021-02-01",235.059998,242.5,232.429993,239.649994,33314200,237.657883
"2021-02-02",241.300003,242.309998,238.690002,239.509995,25916300,237.519028
"2021-02-03",239.570007,245.089996,239.259995,243,27158100,240.980042
"2021-02-04",242.660004,243.240005,240.369995,242.009995,25296100,239.998245
"2021-02-05",242.229996,243.279999,240.419998,242.199997,18054800,240.186691
"2021-02-08",243.149994,243.679993,240.809998,242.470001,22211900,240.454453
"2021-02-09",241.869995,244.759995,241.380005,243.770004,23565000,241.743637
"2021-02-10",245,245.919998,240.889999,242.820007,22186700,240.801529
"2021-02-11",244.779999,245.149994,242.149994,244.490005,15751100,242.457657
"2021-02-12",243.929993,245.300003,242.729996,244.990005,16561100,242.953476
"2021-02-16",245.029999,246.130005,242.919998,243.699997,26728500,241.67421
"2021-02-17",241.320007,244.309998,240.940002,244.199997,21653500,242.727829
"2021-02-18",241.800003,243.929993,240.860001,243.789993,16925600,242.320282
"2021-02-19",243.75,243.860001,240.179993,240.970001,25262600,239.517288
"2021-02-22",237.419998,237.929993,232.399994,234.509995,36446900,233.096237
"2021-02-23",230.330002,234.830002,228.729996,233.270004,30228700,231.863724
"2021-02-24",230.009995,235.199997,229,234.550003,26339700,233.136002
"2021-02-25",232.080002,234.589996,227.880005,228.990005,39542200,227.609528
"2021-02-26",231.529999,235.369995,229.539993,232.380005,37819200,230.97908
"2021-03-01",235.899994,237.470001,233.149994,236.940002,25324000,235.511581
"2021-03-02",237.009995,237.300003,233.449997,233.869995,22812500,232.460083
"2021-03-03",232.160004,233.580002,227.259995,227.559998,34029500,226.188126
"2021-03-04",226.740005,232.490005,224.259995,226.729996,44727800,225.363129
"2021-03-05",229.520004,233.270004,226.460007,231.600006,41872800,230.203781
"2021-03-08",231.369995,233.369995,227.130005,227.389999,35267400,226.019165
"2021-03-09",232.880005,235.380005,231.669998,233.779999,33080500,232.370636
"2021-03-10",237,237,232.039993,232.419998,29746800,231.018829
"2021-03-11",234.960007,239.169998,234.309998,237.130005,29907600,235.700439
"2021-03-12",234.009995,235.820007,233.229996,235.75,22653700,234.328766
"2021-03-15",234.960007,235.190002,231.809998,234.809998,26034900,233.394424
"2021-03-16",236.279999,240.059998,235.940002,237.710007,28092200,236.276932
"2021-03-17",236.149994,238.550003,233.229996,237.039993,29562100,235.610977
"2021-03-18",232.559998,234.190002,230.330002,230.720001,34833000,229.329086
"2021-03-19",231.020004,232.470001,229.350006,230.350006,46430700,228.961319
"2021-03-22",230.270004,236.899994,230.139999,235.990005,30127000,234.567322
"2021-03-23",237.490005,241.050003,237.070007,237.580002,31638400,236.14772
"2021-03-24",237.850006,238,235.320007,235.460007,25620100,234.040512
"2021-03-25",235.300003,236.940002,231.570007,232.339996,34061900,230.939316
"2021-03-26",231.550003,236.710007,231.550003,236.479996,25479900,235.054352
"2021-03-29",236.589996,236.800003,231.880005,235.240005,25227500,233.821823
"2021-03-30",233.529999,233.850006,231.100006,231.850006,24792000,230.452271
"2021-03-31",232.910004,239.100006,232.389999,235.770004,43623500,234.348633
"2021-04-01",238.470001,242.839996,238.050003,242.350006,30338000,240.888962
"2021-04-05",242.759995,249.960007,242.699997,249.070007,36910600,247.568451
"2021-04-06",247.610001,249.399994,246.880005,247.860001,22931900,246.365753
"2021-04-07",247.809998,250.929993,247.190002,249.899994,22719800,248.393448
"2021-04-08",252.770004,254.139999,252,253.25,23625200,251.723251
"2021-04-09",252.869995,255.990005,252.440002,255.850006,24326800,254.307587
"2021-04-12",254.710007,257.670013,254.619995,255.910004,27148700,254.367218
"2021-04-13",257.26001,259.190002,256.829987,258.48999,23837500,256.931671
"2021-04-14",257.480011,258.829987,255.160004,255.589996,23070900,254.049149
"2021-04-15",257.929993,259.929993,257.730011,259.5,25627500,257.935547
"2021-04-16",259.470001,261,257.600006,260.73999,24878600,259.168091
"2021-04-19",260.190002,261.480011,257.820007,258.73999,23209300,257.180176
"2021-04-20",257.820007,260.200012,256.839996,258.26001,19722900,256.703064
"2021-04-21",258.940002,260.679993,257.25,260.579987,24030400,259.009064
"2021-04-22",260.209991,261.779999,255.639999,257.170013,25606200,255.619614
"2021-04-23",257.880005,261.51001,257.269989,261.149994,21462600,259.575653
"2021-04-26",261.660004,262.440002,260.170013,261.549988,19763300,259.973236
"2021-04-27",261.579987,263.190002,260.119995,261.970001,31014200,260.390686
"2021-04-28",256.079987,256.540009,252.949997,254.559998,46903100,253.02536
"2021-04-29",255.460007,256.100006,249,252.509995,40589000,250.987701
"2021-04-30",249.740005,253.080002,249.600006,252.179993,30945100,250.659714
"2021-05-03",253.399994,254.350006,251.119995,251.860001,19626600,250.341644
"2021-05-04",250.970001,251.210007,245.759995,247.789993,32756100,246.296173
"2021-05-05",249.059998,249.5,245.820007,246.470001,21901300,244.984146
"2021-05-06",246.449997,249.860001,244.690002,249.729996,26491100,248.224472
"2021-05-07",252.149994,254.300003,251.169998,252.460007,27032900,250.938019
"2021-05-10",250.869995,251.729996,247.119995,247.179993,29299900,245.68985
"2021-05-11",244.550003,246.600006,242.570007,246.229996,33641600,244.745575
"2021-05-12",242.169998,244.380005,238.070007,239,36684400,237.559158
"2021-05-13",241.800003,245.600006,241.419998,243.029999,29624300,241.564865
"2021-05-14",245.580002,249.179993,245.490005,248.149994,23901100,246.653992
"2021-05-17",246.550003,246.589996,243.520004,245.179993,24970200,243.70192
"2021-05-18",246.270004,246.410004,242.899994,243.080002,20168000,241.614563
"2021-05-19",239.309998,243.229996,238.600006,243.119995,25739800,242.212311
"2021-05-20",243.960007,247.949997,243.860001,246.479996,21800700,245.559769
"2021-05-21",247.570007,248.330002,244.740005,245.169998,21863100,244.254669
"2021-05-24",247.789993,251.160004,247.509995,250.779999,21411500,249.843735
"2021-05-25",251.770004,252.75,250.820007,251.720001,17704300,250.780228
"2021-05-26",251.429993,252.940002,250.75,251.490005,17771600,250.551086
"2021-05-27",251.169998,251.479996,249.25,249.309998,24426200,248.379227
"2021-05-28",251,252.080002,249.559998,249.679993,18270200,248.747833
"2021-06-01",251.229996,251.289993,246.960007,247.399994,23213300,246.476334
"2021-06-02",248.130005,249.270004,245.839996,247.300003,19406700,246.376724
"2021-06-03",245.220001,246.339996,243,245.710007,25307700,244.792679
"2021-06-04",247.759995,251.649994,247.509995,250.789993,25281100,249.853699
"2021-06-07",249.979996,254.089996,249.809998,253.809998,23079200,252.862411
"2021-06-08",255.160004,256.01001,252.509995,252.570007,22455000,251.62706
"2021-06-09",253.809998,255.529999,253.210007,253.589996,17937600,252.643234
"2021-06-10",254.289993,257.459991,253.669998,257.23999,24563600,256.279602
"2021-06-11",257.98999,258.48999,256.609985,257.890015,18999700,256.927216
"2021-06-14",257.899994,259.950012,256.799988,259.890015,19150500,258.919739
"2021-06-15",259.769989,259.98999,257.679993,258.359985,18038900,257.395416
"2021-06-16",259.399994,260.579987,254.419998,257.380005,27220000,256.419098
"2021-06-17",256.070007,261.75,256.01001,260.899994,27565500,259.925964
"2021-06-18",259.630005,262.299988,258.75,259.429993,37202200,258.461426
"2021-06-21",259.820007,263.519989,257.920013,262.630005,26696100,261.649475
"2021-06-22",262.720001,265.790009,262.399994,265.51001,24694100,264.518738
"2021-06-23",265.98999,266.829987,264.429993,265.269989,19518700,264.279602
"2021-06-24",266.160004,267.850006,265.470001,266.690002,21446900,265.694336
"2021-06-25",266.230011,267.25,264.76001,265.019989,25611100,264.030548
"2021-06-28",266.190002,268.899994,265.910004,268.720001,19590000,267.716766
"2021-06-29",268.869995,271.649994,267.980011,271.399994,19937800,270.386719
"2021-06-30",270.690002,271.359985,269.600006,270.899994,21656500,269.888611
"2021-07-01",269.609985,271.839996,269.600006,271.600006,16725300,270.585999
"2021-07-02",272.820007,278,272.5,277.649994,26458000,276.613403
"2021-07-06",278.029999,279.369995,274.299988,277.660004,31565600,276.623383
"2021-07-07",279.399994,280.690002,277.149994,279.929993,23260000,278.884888
"2021-07-08",276.899994,278.730011,274.869995,277.420013,24618600,276.384277
"2021-07-09",275.720001,278.049988,275.320007,277.940002,23916700,276.902344
"2021-07-12",279.160004,279.769989,276.579987,277.320007,18931700,276.284637
"2021-07-13",277.519989,282.850006,277.390015,280.980011,26120100,279.931
"2021-07-14",282.350006,283.660004,280.549988,282.51001,23113700,281.455292
"2021-07-15",282,282.51001,279.829987,281.029999,22604200,279.980774
"2021-07-16",282.070007,284.100006,279.459991,280.75,26186800,279.701843
"2021-07-19",278.929993,280.369995,274.450012,277.01001,32935600,275.97583
"2021-07-20",278.029999,280.970001,276.26001,279.320007,26259700,278.277191
"2021-07-21",278.899994,281.519989,277.290009,281.399994,24364300,280.349396
"2021-07-22",283.839996,286.420013,283.420013,286.140015,23384100,285.071716
"2021-07-23",287.369995,289.98999,286.5,289.670013,22768100,288.588531
"2021-07-26",289,289.690002,286.640015,289.049988,23176100,287.970825
"2021-07-27",289.429993,289.579987,282.950012,286.540009,33604100,285.470215
"2021-07-28",288.98999,290.149994,283.829987,286.220001,33566900,285.151428
"2021-07-29",286.23999,288.619995,286.079987,286.5,18168300,285.430389
"2021-07-30",285.170013,286.660004,283.910004,284.910004,20940900,283.846313
"2021-08-02",286.359985,286.769989,283.73999,284.820007,16267400,283.756653
"2021-08-03",285.420013,287.230011,284,287.119995,17879000,286.048065
"2021-08-04",286.220001,287.589996,284.649994,286.51001,16191300,285.440338
"2021-08-05",286.880005,289.630005,286.100006,289.519989,13900200,288.439087
"2021-08-06",288.51001,289.5,287.619995,289.459991,16585200,288.379333
"2021-08-09",289.75,291.549988,287.809998,288.329987,16117600,287.25351
"2021-08-10",288.799988,289.25,285.200012,286.440002,18616600,285.370575
"2021-08-11",287.209991,288.660004,285.859985,286.950012,13955900,285.878693
"2021-08-12",286.630005,289.970001,286.339996,289.809998,14561300,288.728027
"2021-08-13",289.480011,292.899994,289.299988,292.850006,18231400,291.756683
"2021-08-16",293.190002,294.820007,290.019989,294.600006,22507600,293.500122
"2021-08-17",292.390015,293.429993,291.079987,293.079987,20075300,291.985779
"2021-08-18",292.040009,294.820007,290.269989,290.730011,21813000,290.199097
"2021-08-19",288.690002,297.470001,288.640015,296.769989,29850500,296.228027
"2021-08-20",299.720001,305.839996,298.059998,304.359985,40796100,303.804169
"2021-08-23",303.25,305.399994,301.850006,304.649994,22830200,304.093658
"2021-08-24",305.019989,305.649994,302,302.619995,18175800,302.067352
"2021-08-25",304.299988,304.589996,300.420013,302.01001,20006100,301.458496
"2021-08-26",300.98999,302.429993,298.950012,299.089996,17666100,298.543823
"2021-08-27",298.98999,300.869995,296.829987,299.720001,22597000,299.172668
"2021-08-30",301.119995,304.220001,301.059998,303.589996,16348100,303.035583
"2021-08-31",304.420013,304.5,301.5,301.880005,26285300,301.328735
"2021-09-01",302.869995,305.190002,301.48999,301.829987,18983800,301.278809
"2021-09-02",302.200012,303.359985,300.179993,301.149994,16285600,300.600037
"2021-09-03",300.98999,302.600006,300.26001,301.140015,14747900,300.590088
"2021-09-07",301.01001,301.089996,298.200012,300.179993,17180400,299.631805
"2021-09-08",299.779999,300.609985,297.470001,300.209991,15046800,299.661743
"2021-09-09",300.820007,302.140015,297,297.25,19927000,296.707184
"2021-09-10",298.420013,299.920013,295.380005,295.709991,19619400,295.169983
"2021-09-13",297.549988,298.540009,294.079987,296.98999,23652900,296.447632
"2021-09-14",299.559998,301.390015,298.100006,299.790009,21853400,299.242554
"2021-09-15",303.26001,305.320007,301.820007,304.820007,28356300,304.263367
"2021-09-16",303.76001,305.309998,300.76001,305.220001,19550800,304.662628
"2021-09-17",304.170013,304.5,299.529999,299.869995,41372500,299.322388
"2021-09-20",296.329987,298.720001,289.519989,294.299988,38278700,293.762543
"2021-09-21",295.690002,297.540009,294.070007,294.799988,22364100,294.261627
"2021-09-22",296.730011,300.220001,294.51001,298.579987,26626300,298.034729
"2021-09-23",298.850006,300.899994,297.529999,299.559998,18604600,299.012939
"2021-09-24",298.230011,299.799988,296.929993,299.350006,14999000,298.803345
"2021-09-27",296.140015,296.470001,292.940002,294.170013,23571700,293.632813
"2021-09-28",289.799988,290.779999,282.75,283.519989,43186200,283.002228
"2021-09-29",285.100006,286.769989,283.01001,284,26353700,283.481354
"2021-09-30",285.709991,287.829987,281.619995,281.920013,32325800,281.405182
"2021-10-01",282.119995,289.980011,281.290009,289.100006,30086300,288.572052
"2021-10-04",287.399994,287.75,280.25,283.109985,31350700,282.592987
"2021-10-05",284.049988,290.399994,284.049988,288.76001,24993000,288.232697
"2021-10-06",285.779999,293.630005,285.51001,293.109985,28002600,292.574707
"2021-10-07",295.179993,296.640015,293.920013,294.850006,20430500,294.311554
"2021-10-08",296.220001,296.640015,293.76001,294.850006,17680300,294.311554
"2021-10-11",292.920013,297.970001,292.75,294.230011,19298600,293.692688
"2021-10-12",295.339996,295.440002,292.350006,292.880005,17974100,292.345154
"2021-10-13",294.910004,297.279999,293.48999,296.309998,23416300,295.76889
"2021-10-14",299.209991,303.269989,297.829987,302.75,27262900,302.197113
"2021-10-15",302.339996,304.450012,300.519989,304.209991,25374700,303.654449
"2021-10-18",303.570007,308.209991,302.690002,307.290009,22729300,306.728851
"2021-10-19",308.350006,309.299988,307.220001,308.230011,17682100,307.667145
"2021-10-20",309.209991,309.700012,306.109985,307.410004,16537100,306.848633
"2021-10-21",307.170013,311.019989,306.359985,310.76001,16918100,310.192505
"2021-10-22",310.399994,311.089996,307.799988,309.160004,17449300,308.595428
"2021-10-25",309.359985,309.399994,306.459991,308.130005,17554500,307.567322
"2021-10-26",311,312.399994,308.600006,310.109985,28107300,309.543671
"2021-10-27",316,326.100006,316,323.170013,52588700,322.579865
"2021-10-28",324.329987,324.869995,321.359985,324.350006,26297900,323.75769
"2021-10-29",324.130005,332,323.899994,331.619995,34744900,331.014404
"2021-11-01",331.359985,331.48999,326.369995,329.369995,27073200,328.768524
"2021-11-02",330.309998,333.450012,330,333.130005,26487100,332.521667
"2021-11-03",333.899994,334.899994,330.649994,334,21500100,333.390045
"2021-11-04",332.890015,336.540009,329.51001,336.440002,23992200,335.825592
"2021-11-05",338.51001,338.790009,334.420013,336.059998,22564000,335.446289
"2021-11-08",337.299988,337.649994,334.440002,336.98999,20897000,336.374603
"2021-11-09",337.109985,338.720001,334.529999,335.950012,21307400,335.336517
"2021-11-10",334.570007,334.630005,329.920013,330.799988,25500900,330.195892
"2021-11-11",331.25,333.769989,330.51001,332.429993,16849800,331.822906
"2021-11-12",333.920013,337.230011,333.790009,336.720001,23822000,336.105103
"2021-11-15",337.540009,337.880005,334.029999,336.070007,16723000,335.456299
"2021-11-16",335.679993,340.670013,335.51001,339.51001,20886800,338.890015
"2021-11-17",338.940002,342.190002,338,339.119995,19053400,339.119995
"2021-11-18",338.179993,342.450012,337.119995,341.269989,22463500,341.269989
"2021-11-19",342.640015,345.100006,342.200012,343.109985,21963400,343.109985
"2021-11-22",344.619995,349.670013,339.549988,339.829987,31031100,339.829987
"2021-11-23",337.049988,339.450012,333.559998,337.679993,30427600,337.679993
"2021-11-24",336.279999,338.160004,333.910004,337.910004,21661300,337.910004
"2021-11-26",334.350006,337.929993,328.119995,329.679993,24217200,329.679993
"2021-11-29",334.940002,339.029999,334.73999,336.630005,28563500,336.630005
