"","UNH.Open","UNH.High","UNH.Low","UNH.Close","UNH.Volume","UNH.Adjusted"
"2016-11-30",157.470001,159.759995,157.070007,158.320007,7142400,147.292938
"2016-12-01",159.119995,161.720001,159.119995,160.940002,5250200,149.730423
"2016-12-02",161,162.520004,160.559998,160.729996,3480000,149.535065
"2016-12-05",160.190002,160.669998,156.229996,157.630005,5854200,146.651001
"2016-12-06",158.169998,158.229996,156.259995,157.320007,3216700,146.362549
"2016-12-07",157.889999,159.979996,156.350006,159.399994,4552300,148.297684
"2016-12-08",159.410004,160.240005,158,159.320007,3407500,148.223282
"2016-12-09",159.520004,160.160004,157.710007,160.119995,4007200,148.967529
"2016-12-12",158.830002,159.660004,157.75,159.490005,3471200,148.381439
"2016-12-13",160.399994,161.710007,160.070007,160.539993,3868900,149.358307
"2016-12-14",161.139999,161.800003,158.720001,159.860001,3885700,148.725647
"2016-12-15",159.869995,161.289993,159.429993,160.619995,4422700,149.432724
"2016-12-16",161.380005,164,161.190002,163.940002,7605300,152.521484
"2016-12-19",163.089996,163.940002,161.220001,161.539993,4732600,150.288635
"2016-12-20",161.710007,163.110001,161.410004,161.589996,3131200,150.335144
"2016-12-21",161.419998,162.289993,159.619995,161.330002,2767700,150.093262
"2016-12-22",161.389999,161.880005,160.270004,161.580002,2741700,150.325851
"2016-12-23",161.559998,163.039993,160.550003,163.029999,2044400,151.674866
"2016-12-27",163.259995,163.960007,162.449997,162.639999,1344000,151.312027
"2016-12-28",162.160004,163.25,161.320007,161.440002,1669100,150.195602
"2016-12-29",161.919998,162.360001,160.389999,161.039993,2476300,149.823486
"2016-12-30",161.369995,161.479996,159.850006,160.039993,2855600,148.893097
"2017-01-03",161.130005,162.270004,159.149994,161.449997,3539700,150.204895
"2017-01-04",162.350006,162.580002,159.740005,161.910004,2695200,150.632889
"2017-01-05",161.75,162.630005,161.509995,162.179993,2961100,150.884048
"2017-01-06",161.75,162.940002,161.110001,162.410004,3081300,151.098053
"2017-01-09",162,162.429993,160.779999,161.949997,3040800,150.670074
"2017-01-10",161.270004,162.979996,160.5,161.580002,3500700,150.325851
"2017-01-11",161.300003,162.940002,160.610001,161.889999,3330600,150.614288
"2017-01-12",161.690002,162.940002,160.889999,162.360001,2555900,151.051529
"2017-01-13",162.160004,162.740005,161.410004,161.800003,3183300,150.530548
"2017-01-17",162.610001,162.970001,157.509995,160.660004,5475800,149.469925
"2017-01-18",161.059998,161.199997,156.089996,157.740005,6591600,146.753311
"2017-01-19",157.740005,160.550003,157.240005,158.699997,4976900,147.646454
"2017-01-20",159.020004,159.800003,157.809998,158.660004,3579100,147.609253
"2017-01-23",158.619995,159.520004,156.559998,159.070007,4062600,147.990692
"2017-01-24",159.360001,161.309998,159.100006,160.429993,3514100,149.255951
"2017-01-25",160.820007,161.979996,160.350006,161.240005,3605800,150.009506
"2017-01-26",161.860001,163.580002,161.25,162.75,4202400,151.414368
"2017-01-27",163.5,163.800003,162.619995,162.990005,3110400,151.637634
"2017-01-30",162.940002,163.460007,161.309998,162.089996,2784600,150.800369
"2017-01-31",161.619995,162.190002,160.009995,162.100006,3037000,150.809631
"2017-02-01",162.75,163.899994,162.029999,162.710007,3718500,151.377151
"2017-02-02",162.520004,163.25,160.259995,160.759995,4714000,149.563004
"2017-02-03",161.130005,162,160.210007,161.869995,2762300,150.595642
"2017-02-06",161.509995,162.529999,160.220001,160.509995,3479400,149.330383
"2017-02-07",161.050003,161.679993,159.539993,160.529999,2942700,149.349014
"2017-02-08",160,160.630005,159.410004,160.309998,2339700,149.144333
"2017-02-09",160.309998,161.300003,159.559998,160.440002,3056800,149.265289
"2017-02-10",160.119995,161.589996,160.100006,160.75,1905900,149.55368
"2017-02-13",160.690002,162.020004,160.690002,161.990005,3275800,150.707321
"2017-02-14",161.449997,163.5,161.25,163.130005,2969400,151.767914
"2017-02-15",162.580002,164.889999,162.580002,164.289993,4537900,152.847092
"2017-02-16",164.779999,164.970001,162.330002,163.649994,3191600,152.251663
"2017-02-17",159,160.160004,156.490005,157.619995,12033600,146.641647
"2017-02-21",157.619995,160.820007,157.520004,160.570007,5419000,149.386215
"2017-02-22",160.910004,161.779999,159.639999,160.570007,2725300,149.386215
"2017-02-23",161.330002,162.600006,160.690002,162.600006,2459600,151.274811
"2017-02-24",162.669998,163.089996,161.740005,163.059998,2715700,151.702789
"2017-02-27",163.160004,165.460007,162.809998,165.380005,4071800,153.861206
"2017-02-28",165.470001,166.759995,164.899994,165.380005,4382100,153.861206
"2017-03-01",166.720001,168.600006,166.350006,167.940002,3514200,156.242889
"2017-03-02",168.320007,168.429993,166.960007,167.309998,1889800,155.656738
"2017-03-03",167.309998,168.449997,166.619995,168.199997,2254400,156.484772
"2017-03-06",167.429993,169.350006,167.130005,168.699997,2576500,156.949951
"2017-03-07",168.449997,169.360001,167.929993,168.300003,2702300,156.57782
"2017-03-08",167.509995,168.460007,166.800003,167.910004,2048200,156.797272
"2017-03-09",168.149994,169.070007,167.740005,168.009995,3631400,156.890625
"2017-03-10",168.419998,170,168.059998,169.979996,3716600,158.730225
"2017-03-13",169.990005,170.929993,169.550003,170.210007,3130200,158.945038
"2017-03-14",169.660004,170.179993,168.5,169.059998,2522600,157.871109
"2017-03-15",169.360001,171.970001,169.289993,171.779999,2807600,160.411102
"2017-03-16",172.070007,172.139999,170.220001,171.300003,3138600,159.962906
"2017-03-17",171.089996,171.539993,169.589996,169.699997,5622900,158.468781
"2017-03-20",169.929993,170.240005,167.919998,168,3928600,156.881317
"2017-03-21",168.669998,168.820007,167.059998,167.699997,4953100,156.601151
"2017-03-22",168.130005,168.380005,165.630005,167.029999,2999800,155.975479
"2017-03-23",166.229996,166.929993,164.770004,165.289993,3947400,154.350647
"2017-03-24",166.130005,167.399994,164.350006,165,5243900,154.079819
"2017-03-27",163.990005,165.110001,163.309998,164.600006,4383000,153.706345
"2017-03-28",164.580002,166.070007,163.839996,165.350006,7327100,154.406723
"2017-03-29",164.660004,164.970001,162.740005,163.440002,5900400,152.623093
"2017-03-30",163.649994,165.929993,163.460007,164.990005,2993800,154.070541
"2017-03-31",164.639999,165.100006,163.75,164.009995,3496100,153.155396
"2017-04-03",164.619995,166.139999,164.25,165.589996,3473700,154.630814
"2017-04-04",165.869995,166.449997,164.789993,164.970001,2886000,154.051804
"2017-04-05",165.759995,167.259995,165.220001,165.369995,3541600,154.425354
"2017-04-06",165.449997,166.020004,164.839996,165.339996,2923600,154.397354
"2017-04-07",164.960007,166.5,164.619995,166.020004,2927800,155.032364
"2017-04-10",166.190002,167,165.279999,165.479996,3234900,154.52803
"2017-04-11",164.889999,165.839996,164.600006,165.830002,3172900,154.854965
"2017-04-12",166.320007,166.419998,164.600006,165.559998,2978700,154.602798
"2017-04-13",164.949997,165.649994,164.669998,164.960007,1979800,154.042526
"2017-04-17",164.990005,167.419998,164.960007,167.179993,4396700,156.115555
"2017-04-18",170.059998,170.229996,167.699997,168.589996,5526200,157.432251
"2017-04-19",169.589996,171.190002,168.690002,169.25,4703400,158.048599
"2017-04-20",169.520004,172.190002,168.369995,171.539993,3652100,160.186996
"2017-04-21",172.130005,172.619995,170.470001,171.160004,2982300,159.832138
"2017-04-24",172.660004,173.160004,171.699997,172.330002,2830300,160.924744
"2017-04-25",173.5,174.740005,173.190002,174.039993,3394700,162.521561
"2017-04-26",174.089996,175.649994,173.979996,174.380005,2817500,162.839066
"2017-04-27",174.070007,176.070007,174.020004,174.630005,2438600,163.072479
"2017-04-28",174.610001,175,173.910004,174.880005,2010800,163.305969
"2017-05-01",175,176.139999,174.089996,174.589996,2709700,163.035156
"2017-05-02",174.910004,175.369995,170.270004,174.139999,4951000,162.614929
"2017-05-03",173.75,174.300003,171.860001,172.539993,3622200,161.120819
"2017-05-04",173.050003,174.210007,172.380005,174.020004,2585200,162.502899
"2017-05-05",174.539993,174.880005,173.309998,174.119995,2189000,162.596268
"2017-05-08",173.929993,174.559998,173.570007,174.440002,2505900,162.895081
"2017-05-09",174.100006,174.770004,172.729996,173.240005,1653700,161.77449
"2017-05-10",173.039993,173.639999,172.460007,173.389999,1568700,161.914551
"2017-05-11",172.759995,173.860001,171.669998,173.320007,1901300,161.849182
"2017-05-12",172.639999,173.389999,171.520004,171.809998,2335400,160.439133
"2017-05-15",171.789993,172,170.229996,171.529999,2831400,160.177673
"2017-05-16",170.669998,171,167.25,168.119995,4343700,156.993362
"2017-05-17",168.119995,170.389999,166.649994,168.860001,4442300,157.684387
"2017-05-18",168.25,173.979996,167.869995,171.449997,3908000,160.102936
"2017-05-19",172.300003,172.949997,170.25,172.589996,3877300,161.167542
"2017-05-22",172.729996,174.899994,172.600006,174.699997,3480300,163.137894
"2017-05-23",174.440002,175.520004,173.710007,175.220001,2471500,163.623444
"2017-05-24",175.449997,176.100006,174.520004,175.589996,1612300,163.968964
"2017-05-25",176.320007,178.729996,175.940002,178.050003,3212200,166.266174
"2017-05-26",177.679993,178.889999,177,177.5,1583600,165.752548
"2017-05-30",177.539993,178.080002,176.240005,176.589996,2285700,164.902817
"2017-05-31",176.889999,176.899994,174.919998,175.179993,3320400,163.58609
"2017-06-01",175.779999,179.580002,175.190002,179.580002,2890600,167.694931
"2017-06-02",179.919998,179.919998,178.339996,179.389999,2610100,167.517502
"2017-06-05",179.529999,180.320007,179.160004,179.369995,2640600,167.49881
"2017-06-06",179.190002,181.059998,178.479996,180.820007,3443900,168.852859
"2017-06-07",182,183.470001,179.649994,183.210007,3783600,171.084656
"2017-06-08",183.210007,183.759995,180.979996,181.690002,3079900,169.665253
"2017-06-09",181.839996,182.399994,180.860001,181.460007,2392200,169.450485
"2017-06-12",181.460007,181.820007,176.419998,179.25,3705600,167.386765
"2017-06-13",179.210007,181.389999,179.149994,181.050003,2458500,169.067596
"2017-06-14",180.940002,182.839996,180.940002,182.360001,2039300,170.290924
"2017-06-15",181.75,183.5,180.089996,180.380005,3078700,169.137604
"2017-06-16",180.830002,182.460007,180.380005,181.630005,4473300,170.309662
"2017-06-19",182.300003,183.020004,180.759995,183.020004,3887100,171.613037
"2017-06-20",182.75,183.419998,182.220001,183.270004,2742600,171.847427
"2017-06-21",183.490005,185.110001,182.710007,184.919998,2866300,173.394623
"2017-06-22",184.899994,188.660004,184.779999,186.5,3841300,174.876129
"2017-06-23",186.270004,186.270004,184.139999,185.25,3438500,173.704071
"2017-06-26",185.130005,185.889999,183.389999,185.119995,2327400,173.582153
"2017-06-27",185.720001,186.800003,184.220001,184.600006,2682800,173.094574
"2017-06-28",185.679993,186.309998,185.089996,185.699997,2451200,174.125977
"2017-06-29",185.820007,186.089996,184.330002,185.270004,2193600,173.722778
"2017-06-30",185.149994,186.190002,184.929993,185.419998,2392000,173.863434
"2017-07-03",186.289993,187.529999,185.740005,186.649994,2087000,175.016785
"2017-07-05",186.139999,188.360001,185.720001,188.25,2587400,176.517075
"2017-07-06",188.119995,188.190002,186.149994,186.940002,1844700,175.288727
"2017-07-07",187.350006,188.429993,187.009995,187.960007,2252500,176.245148
"2017-07-10",187.330002,188,186.149994,186.949997,2612000,175.298126
"2017-07-11",187,187.660004,185.089996,185.949997,2664500,174.360397
"2017-07-12",186.789993,187.300003,186.410004,186.690002,3342800,175.054291
"2017-07-13",187,187.279999,185.320007,185.479996,2379300,173.919708
"2017-07-14",185.809998,187.130005,184.770004,186.899994,2716700,175.25119
"2017-07-17",187.070007,187.25,185.759995,186.350006,2444600,174.735458
"2017-07-18",186.949997,187.199997,183.860001,186.850006,4235800,175.204315
"2017-07-19",187.509995,189.410004,187.509995,189.190002,3401600,177.398453
"2017-07-20",189.410004,191.919998,188.919998,191.5,3099600,179.564499
"2017-07-21",191.380005,193,190.600006,191.779999,4911500,179.827026
"2017-07-24",191.789993,192.169998,190.639999,190.889999,2356500,178.992508
"2017-07-25",192.130005,192.479996,190.300003,190.399994,1960100,178.533066
"2017-07-26",190.020004,191.529999,189.380005,190.75,2683500,178.861252
"2017-07-27",190.240005,190.490005,188.460007,188.929993,2631400,177.154663
"2017-07-28",189.110001,191.240005,187.600006,191.149994,1925000,179.236343
"2017-07-31",191.589996,192.610001,191.139999,191.809998,3767100,179.855164
"2017-08-01",193.399994,193.399994,191.619995,192.229996,3336800,180.249008
"2017-08-02",192.139999,193.449997,192.139999,193,2463800,180.970993
"2017-08-03",193.259995,194.960007,193.009995,194.770004,2886100,182.630707
"2017-08-04",194.949997,196.039993,194.600006,194.880005,2892300,182.733841
"2017-08-07",194.809998,195.410004,193.899994,194.779999,2074800,182.64006
"2017-08-08",194.679993,194.990005,194.080002,194.899994,1741000,182.752548
"2017-08-09",194.899994,195.360001,194.169998,194.830002,2125900,182.686935
"2017-08-10",194.259995,194.389999,192.399994,192.570007,2698600,180.567825
"2017-08-11",193.910004,194.539993,192.660004,193.020004,2210700,180.989777
"2017-08-14",194.600006,194.75,192.899994,193.710007,2322000,181.636749
"2017-08-15",194.470001,195.009995,193.809998,194.5,1595200,182.377533
"2017-08-16",194.809998,195.270004,192.830002,193.770004,1881600,181.693008
"2017-08-17",193.75,194.240005,192.660004,192.699997,2440900,180.689713
"2017-08-18",192.839996,193.199997,190.630005,190.820007,2858500,178.926895
"2017-08-21",190.880005,192.309998,190.880005,192.029999,1930500,180.061462
"2017-08-22",192.149994,194.960007,191.559998,194.789993,2021900,182.64946
"2017-08-23",194.5,194.589996,193.720001,194.240005,1547000,182.133743
"2017-08-24",194.550003,195.070007,194.210007,194.75,1923700,182.611954
"2017-08-25",195.330002,195.539993,194.139999,194.360001,1375000,182.246231
"2017-08-28",194.589996,195.809998,194.360001,195.089996,2009900,182.930756
"2017-08-29",194.830002,197.039993,194.330002,196.729996,2072200,184.468536
"2017-08-30",196.380005,196.880005,195.199997,195.880005,1506700,183.671494
"2017-08-31",196.929993,199.490005,196.389999,198.899994,2990200,186.50325
"2017-09-01",199.789993,199.990005,198.360001,199.75,2241800,187.300308
"2017-09-05",199.199997,200.440002,198.710007,199.309998,2700800,186.887741
"2017-09-06",199.539993,199.990005,197.630005,198.380005,3040200,186.015671
"2017-09-07",197.770004,199.479996,197.070007,198.169998,2684600,186.523972
"2017-09-08",198.429993,198.860001,197,197.75,2206000,186.128647
"2017-09-11",199.25,200.419998,198.779999,199.580002,3307900,187.851105
"2017-09-12",199.440002,199.470001,196.910004,197.470001,2554700,185.865112
"2017-09-13",197.800003,200.759995,197.779999,198.330002,2394400,186.674561
"2017-09-14",197.949997,198.380005,197.089996,197.729996,2378600,186.109833
"2017-09-15",198.520004,199.710007,197.199997,198.179993,4198700,186.533386
"2017-09-18",198.169998,198.820007,197.509995,198.190002,1915200,186.542755
"2017-09-19",198.440002,198.600006,192.389999,194.649994,3819000,183.210846
"2017-09-20",195.020004,195.839996,194.059998,195.75,2788500,184.24617
"2017-09-21",195.630005,196.130005,194.899994,195.210007,1895000,183.7379
"2017-09-22",195.110001,195.869995,188.25,193.029999,5660200,181.68602
"2017-09-25",193.270004,196.309998,190.919998,191.75,3105900,180.481232
"2017-09-26",192.309998,194.360001,192.039993,192.699997,2775400,181.375427
"2017-09-27",193.199997,195.619995,191.740005,194.490005,3267200,183.060226
"2017-09-28",194.25,196.550003,193.509995,196.100006,2088400,184.575653
"2017-09-29",195.820007,196.089996,194.479996,195.850006,2646300,184.340302
"2017-10-02",196.589996,197.910004,196.330002,197.440002,2893600,185.836853
"2017-10-03",197.5,199.440002,197.259995,198.630005,2533800,186.956924
"2017-10-04",199.029999,200.729996,198.429993,200.479996,2286400,188.698212
"2017-10-05",199.929993,199.929993,196.559998,197.899994,4069000,186.269791
"2017-10-06",197.899994,199.990005,197.509995,198.059998,3361900,186.420395
"2017-10-09",198.009995,198.320007,195.779999,196.300003,3365400,184.76384
"2017-10-10",196.259995,196.429993,193.669998,194.679993,2499100,183.239044
"2017-10-11",194.630005,196.070007,193.589996,195.259995,2935600,183.784958
"2017-10-12",195.009995,195.360001,192.729996,192.919998,2954700,181.582504
"2017-10-13",189.589996,192.710007,186,192.520004,5435000,181.205978
"2017-10-16",192.479996,193.320007,191.360001,193.199997,2927400,181.846039
"2017-10-17",196.800003,206.619995,196.369995,203.889999,8949700,191.907791
"2017-10-18",203.800003,207.800003,203.679993,205.229996,4796300,193.169067
"2017-10-19",205.470001,205.75,202.699997,203.25,3471800,191.305405
"2017-10-20",204.259995,208.210007,203.690002,207.490005,5138800,195.296249
"2017-10-23",207.580002,208.449997,205.800003,207.009995,2261400,194.844421
"2017-10-24",206.380005,208.229996,205.880005,208.149994,3459900,195.917435
"2017-10-25",208.320007,209.139999,207.070007,207.559998,2908300,195.362137
"2017-10-26",207.919998,211.699997,207.580002,209.149994,4346000,196.858673
"2017-10-27",209.149994,212.770004,208.550003,212.600006,4385300,200.105911
"2017-10-30",212.210007,212.770004,209.380005,209.389999,2477400,197.084579
"2017-10-31",209.389999,210.520004,207.800003,210.220001,3749600,197.865799
"2017-11-01",211.619995,212.630005,208.919998,209.529999,1902900,197.216354
"2017-11-02",210.110001,211.490005,209.009995,211.100006,2825900,198.694092
"2017-11-03",210.720001,213.830002,210.100006,212.869995,2196900,200.360046
"2017-11-06",211.910004,213.929993,211.800003,212.119995,2293700,199.654129
"2017-11-07",212.740005,213.539993,210.889999,212.699997,1845800,200.200089
"2017-11-08",212.080002,212.929993,210.699997,210.770004,2261100,198.383469
"2017-11-09",210.589996,211.759995,209.130005,211.559998,1839700,199.127045
"2017-11-10",211.460007,211.809998,210.199997,211.070007,1384700,198.665848
"2017-11-13",210.309998,213.539993,209.940002,212.660004,2662200,200.162415
"2017-11-14",212.210007,212.699997,210.919998,211.710007,1993900,199.268265
"2017-11-15",210.880005,211.979996,209.619995,209.860001,1816300,197.526962
"2017-11-16",210.380005,212.009995,209.899994,211.130005,1919600,198.722321
"2017-11-17",210.460007,211.460007,209.149994,209.899994,1887500,197.564621
"2017-11-20",210,210.679993,209.580002,210.25,2040400,197.894073
"2017-11-21",211.130005,212.850006,210.75,212.600006,2327200,200.105911
"2017-11-22",212.259995,212.809998,210.759995,211.220001,2257800,198.807022
"2017-11-24",212,212.929993,211,212.509995,744000,200.02121
"2017-11-27",212.25,214.25,211.809998,212.399994,2856300,199.917694
"2017-11-28",213.880005,216.309998,212.509995,216.139999,2905700,203.437897
"2017-11-29",217.699997,224.270004,217.360001,222.880005,4247200,209.781799
"2017-11-30",223.830002,228.75,222.289993,228.169998,6846400,215.486038
"2017-12-01",228.889999,229.220001,221.080002,226.779999,3325800,214.173325
"2017-12-04",229.259995,231.770004,221.399994,221.419998,5591500,209.111252
"2017-12-05",221,223.720001,219.160004,220.089996,3246300,207.855179
"2017-12-06",221.020004,221.960007,219.029999,219.940002,2397500,207.713531
"2017-12-07",220.589996,220.610001,218.190002,220.149994,2661600,207.91185
"2017-12-08",220.550003,224.330002,220.220001,223.910004,2233300,211.462875
"2017-12-11",222.509995,224.820007,222.039993,222.770004,1599500,210.386215
"2017-12-12",221.399994,223.419998,221.259995,222.490005,2294100,210.121796
"2017-12-13",221.740005,224.949997,221.229996,224.350006,3059400,211.878372
"2017-12-14",225,226.970001,221.009995,221.25,2811700,208.950699
"2017-12-15",223.75,223.75,220.630005,221.820007,6293400,209.489014
"2017-12-18",222.600006,224.809998,222.190002,222.669998,3194100,210.291779
"2017-12-19",222.990005,223.789993,220.850006,222.039993,2340200,209.696808
"2017-12-20",223.110001,224.889999,221.729996,222.380005,2633200,210.017929
"2017-12-21",223.119995,223.940002,221.369995,221.690002,2955300,209.366272
"2017-12-22",222,222.350006,218.449997,220,1959700,207.770187
"2017-12-26",219.089996,220.419998,219.089996,219.600006,1482400,207.392471
"2017-12-27",219.979996,221.440002,219.25,220.419998,1861900,208.16684
"2017-12-28",221.460007,222.789993,220.149994,222.770004,1452600,210.386215
"2017-12-29",223.949997,223.949997,220.460007,220.460007,2350200,208.204636
"2018-01-02",221.020004,222.449997,220,221.160004,3485000,208.865723
"2018-01-03",221.619995,223.809998,220.520004,223.479996,2417600,211.056763
"2018-01-04",224.339996,226.100006,224.169998,224.449997,2749100,211.972794
"2018-01-05",225.190002,229.050003,224.720001,228.729996,2432800,216.014908
"2018-01-08",228.130005,228.710007,224.610001,224.759995,2850800,212.265625
"2018-01-09",224.759995,226.630005,223.300003,225.880005,2672200,213.323349
"2018-01-10",224.830002,225.009995,223.029999,224.199997,2311600,211.73671
"2018-01-11",224.179993,225.919998,223.699997,225.389999,2543600,212.860565
"2018-01-12",227.449997,229.899994,226.520004,228.639999,3943800,215.929932
"2018-01-16",233.369995,235,231.25,232.899994,6852600,219.953079
"2018-01-17",234.669998,238.960007,233.850006,238.429993,5124800,225.17569
"2018-01-18",239.259995,243.899994,238.550003,243.160004,6234200,229.642761
"2018-01-19",244.179993,244.350006,241.070007,243.350006,4293600,229.822174
"2018-01-22",243.589996,243.800003,241.360001,243.559998,4012200,230.020508
"2018-01-23",242.990005,246.979996,242.410004,245.210007,3300000,231.578796
"2018-01-24",246.009995,247.309998,243.710007,244.850006,2733300,231.238831
"2018-01-25",244.75,246.190002,243.899994,245.179993,2420500,231.55043
"2018-01-26",245,248.740005,244.460007,248.470001,2615300,234.657547
"2018-01-29",249.279999,250.789993,247.399994,247.410004,2564700,233.656464
"2018-01-30",232.880005,242.740005,232.100006,236.649994,11565500,223.494598
"2018-01-31",242.839996,247,235.759995,236.779999,5187400,223.617401
"2018-02-01",235.259995,237.820007,233.830002,235.220001,4268300,222.144104
"2018-02-02",233,236.300003,231.190002,231.880005,3959900,218.989807
"2018-02-05",230.789993,233.110001,208.479996,220.020004,6290000,207.789063
"2018-02-06",212.199997,226.509995,210.210007,225.179993,7064800,212.662262
"2018-02-07",222.330002,229.289993,221.509995,225.820007,5589200,213.266693
"2018-02-08",225.330002,226.630005,216.259995,216.460007,4902400,204.427002
"2018-02-09",218,223.279999,212.009995,220.960007,6225300,208.676865
"2018-02-12",222.440002,228,222.149994,225.690002,4912000,213.143921
"2018-02-13",223.149994,227.119995,222.389999,226.639999,3536800,214.041077
"2018-02-14",224.949997,229.339996,223.919998,228.779999,2878400,216.062119
"2018-02-15",229.270004,230,221.740005,226.020004,4662700,213.455566
"2018-02-16",225.990005,230.550003,225.699997,229.369995,3621700,216.619339
"2018-02-20",227.910004,228.75,225.610001,226.660004,3172300,214.059952
"2018-02-21",226.149994,229.350006,225.110001,225.130005,3371900,212.615021
"2018-02-22",226.300003,229.839996,225.080002,227.089996,2767900,214.466064
"2018-02-23",227.899994,230.320007,225.910004,230.160004,2393900,217.365387
"2018-02-26",231.639999,234.509995,229.699997,234.059998,3307000,221.04863
"2018-02-27",234.399994,235.889999,232.440002,232.520004,2899500,219.594238
"2018-02-28",234.419998,234.75,226.089996,226.160004,4368600,213.587769
"2018-03-01",225.699997,229.289993,222.740005,224.449997,3514600,211.972794
"2018-03-02",223.210007,225.820007,222.589996,225.190002,2613600,212.671692
"2018-03-05",223.369995,229.429993,222.789993,228.380005,2627300,215.684387
"2018-03-06",228.919998,229.149994,223.889999,226.179993,2652800,213.606644
"2018-03-07",224.350006,227.820007,223.75,227.270004,3242200,214.636063
"2018-03-08",227.929993,227.990005,223.919998,224.729996,3500900,212.939972
"2018-03-09",226.110001,226.520004,222.5,225.429993,4834600,213.603256
"2018-03-12",226.210007,227,222.770004,222.770004,3117300,211.082809
"2018-03-13",223.529999,228.059998,223.160004,226.940002,3343800,215.034042
"2018-03-14",227.130005,229.389999,225.020004,225.380005,3048200,213.555862
"2018-03-15",225.830002,230.759995,225.660004,229.479996,3330200,217.440796
"2018-03-16",229.660004,231.270004,227.75,227.860001,5690300,215.905746
"2018-03-19",227.309998,227.970001,223.679993,225.050003,3407300,213.24321
"2018-03-20",225.160004,227.600006,223.880005,226.779999,3429100,214.882431
"2018-03-21",226.449997,227.440002,222.820007,222.820007,3419800,211.130203
"2018-03-22",221.649994,221.660004,215.100006,215.210007,5894800,203.919449
"2018-03-23",215.75,217.729996,212.5,212.550003,5741200,201.398972
"2018-03-26",215.190002,219.410004,214.699997,219.070007,3561300,207.57692
"2018-03-27",220.320007,221.949997,216.410004,217.960007,3722100,206.525146
"2018-03-28",218.889999,219.910004,217.039993,218.5,3179500,207.036835
"2018-03-29",219.380005,223.350006,214,214,5529400,202.772873
"2018-04-02",218.460007,222.990005,214.630005,217.199997,6220700,205.804977
"2018-04-03",220.339996,225.100006,219.690002,224.580002,4652000,212.797821
"2018-04-04",220.690002,229.479996,220.419998,228.789993,4674000,216.786957
"2018-04-05",229.460007,231.580002,226.800003,229.070007,3348100,217.052307
"2018-04-06",226.649994,228.190002,221.820007,223.960007,3231700,212.210373
"2018-04-09",225.580002,226.130005,222.360001,222.729996,3031500,211.044937
"2018-04-10",225.399994,228.160004,223.490005,226.789993,2737500,214.891907
"2018-04-11",224.270004,225.389999,221.690002,221.899994,3482100,210.258423
"2018-04-12",224.039993,225.75,223.410004,224.240005,2664500,212.475677
"2018-04-13",225.100006,226.130005,223.080002,224.279999,2496600,212.513565
"2018-04-16",227.110001,231.850006,226.350006,230.320007,4510600,218.236725
"2018-04-17",239.309998,241.669998,236.080002,238.550003,6180300,226.034943
"2018-04-18",239,239.740005,236.300003,236.399994,2940100,223.997742
"2018-04-19",236.199997,238.270004,234.800003,235.759995,2734900,223.391327
"2018-04-20",236.050003,237.100006,233.5,235.059998,2842000,222.728012
"2018-04-23",235.289993,236.210007,233.080002,234.339996,3051700,222.045807
"2018-04-24",235.949997,237.320007,232.559998,234.220001,2771200,221.932114
"2018-04-25",233.449997,235.100006,230.440002,234.899994,3118800,222.576401
"2018-04-26",235.729996,237.839996,234.330002,237.029999,2252800,224.594696
"2018-04-27",237.630005,240.539993,237.149994,240.179993,2301800,227.579391
"2018-04-30",241,241,236.399994,236.399994,3446900,223.997742
"2018-05-01",237,237.490005,234.360001,236.850006,2633500,224.424149
"2018-05-02",235.380005,236.210007,232.860001,233.460007,3542700,221.21196
"2018-05-03",231.970001,234.800003,229.309998,234.149994,2731600,221.865768
"2018-05-04",233.100006,236.649994,232.160004,235.899994,1999900,223.523941
"2018-05-07",235.880005,236.990005,232.630005,233.779999,3237800,221.515182
"2018-05-08",233.720001,233.720001,230.649994,232.029999,2698300,219.856995
"2018-05-09",233.050003,233.419998,228.229996,229.210007,3504200,217.184952
"2018-05-10",230.149994,234.289993,229.360001,233.710007,2169000,221.448853
"2018-05-11",233.580002,238.800003,232.949997,238.279999,3044900,225.779099
"2018-05-14",238.899994,243.669998,238.820007,242.899994,3893600,230.156708
"2018-05-15",241.860001,242.220001,238.669998,239.5,2396600,226.935089
"2018-05-16",239.649994,241.809998,238.570007,241.720001,1906100,229.038605
"2018-05-17",241.490005,243.559998,240.539993,242.960007,2418700,230.213547
"2018-05-18",243.369995,244.759995,242.389999,244.639999,2283600,231.805435
"2018-05-21",245,249.169998,244.839996,247.899994,3040700,234.894394
"2018-05-22",248,248.050003,243.839996,245.179993,2644100,232.317078
"2018-05-23",244.029999,245.5,241.639999,244.259995,3047800,231.445358
"2018-05-24",244.570007,245.440002,242.199997,242.729996,2610400,229.995651
"2018-05-25",242.949997,245.580002,242.440002,244.949997,1554900,232.099167
"2018-05-29",243.860001,243.860001,240.240005,242.169998,2837800,229.465027
"2018-05-30",243.740005,245.75,242.630005,244.940002,2071900,232.089661
"2018-05-31",244.210007,244.75,240.679993,241.509995,2966100,228.83963
"2018-06-01",243.740005,243.740005,241.289993,243.350006,2371400,230.583099
"2018-06-04",244,245.240005,242.740005,244.630005,2188900,231.795959
"2018-06-05",245.089996,245.110001,241.910004,244.429993,1531900,231.606461
"2018-06-06",246.320007,248.720001,245.130005,248.649994,2650300,235.605072
"2018-06-07",249.759995,250,248.25,248.979996,2117200,235.91774
"2018-06-08",249.460007,251.5,248.070007,250.679993,3034600,237.528534
"2018-06-11",250.839996,254.990005,250.399994,253.779999,2775200,240.465912
"2018-06-12",253.199997,253.940002,250.169998,253.580002,2567200,240.276459
"2018-06-13",254.139999,256.730011,252.479996,252.869995,3138300,239.603638
"2018-06-14",254.470001,255.990005,253.660004,255.330002,2456600,241.934616
"2018-06-15",254.270004,255.979996,252.559998,255.979996,4772200,243.408508
"2018-06-18",254,255.009995,252.139999,254.869995,1961900,242.352951
"2018-06-19",252.970001,253.300003,251.160004,253.020004,2370200,240.593842
"2018-06-20",253.320007,253.729996,251.880005,252.809998,2580400,240.394135
"2018-06-21",252.949997,253.649994,250.919998,251.889999,2150300,239.519333
"2018-06-22",252.240005,255.110001,251.190002,254.369995,2604000,241.877563
"2018-06-25",254.360001,255.130005,248.610001,250.710007,3060800,238.397308
"2018-06-26",250.559998,252.470001,249.539993,249.770004,2158000,237.503464
"2018-06-27",250.289993,251.759995,248.130005,248.169998,2481000,235.98204
"2018-06-28",247.130005,248,242.229996,244.899994,3556900,232.872635
"2018-06-29",244.899994,247.5,244.600006,245.339996,2772600,233.291046
"2018-07-02",245,247.729996,244.119995,247.479996,1793300,235.325943
"2018-07-03",248.300003,248.75,246.740005,246.979996,1248000,234.850464
"2018-07-05",249.110001,250.929993,247.580002,250.5,2182900,238.197601
"2018-07-06",251.009995,251.729996,249.419998,250.759995,1572300,238.444855
"2018-07-09",252.130005,254.009995,251.050003,253.669998,2039600,241.211914
"2018-07-10",254.179993,256.899994,253.75,255.539993,2012200,242.990082
"2018-07-11",255.139999,256,253.740005,254.589996,1486000,242.086746
"2018-07-12",256.179993,256.820007,254.919998,256.049988,1592700,243.475006
"2018-07-13",256.390015,259.01001,256.019989,258.700012,2356200,245.994919
"2018-07-16",258.290009,258.450012,256.440002,256.980011,3625400,244.359375
"2018-07-17",251.550003,252.520004,246.270004,250.289993,6932300,237.99791
"2018-07-18",251.110001,256.609985,250.440002,255.419998,3359800,242.875992
"2018-07-19",255.320007,256.5,251.850006,252.929993,2307600,240.50824
"2018-07-20",251.169998,253.550003,251.169998,252.699997,1959600,240.289551
"2018-07-23",252.910004,255.229996,252.429993,252.740005,1479600,240.327591
"2018-07-24",254.860001,254.960007,252.009995,253.759995,2476500,241.297485
"2018-07-25",254.809998,255.270004,252.770004,254.860001,3016900,242.343506
"2018-07-26",256.25,257.869995,255.800003,257,2021300,244.378372
"2018-07-27",257.790009,257.790009,255.389999,255.949997,1656800,243.379929
"2018-07-30",255.910004,256.890015,253.110001,253.839996,1681500,241.373596
"2018-07-31",254.139999,255.199997,252.850006,253.220001,2355900,240.784027
"2018-08-01",256.100006,256.100006,252.809998,253.369995,3006700,240.92662
"2018-08-02",253.5,256.299988,252.229996,256.079987,1854400,243.503525
"2018-08-03",256.450012,257.559998,254.300003,257.220001,1422300,244.587585
"2018-08-06",256.5,257.540009,255.470001,256.76001,1398100,244.150192
"2018-08-07",257.640015,258.839996,257.130005,257.649994,1462800,244.99646
"2018-08-08",258.109985,259.5,257.920013,258.809998,1494300,246.099487
"2018-08-09",259.910004,263.019989,259.309998,261.589996,2315000,248.742981
"2018-08-10",260.48999,261.5,259.109985,260.359985,1625000,247.573349
"2018-08-13",261,262.549988,260.299988,260.910004,1635100,248.096344
"2018-08-14",260.890015,264.299988,260.850006,263.480011,1941600,250.540176
"2018-08-15",261.980011,262.690002,259.190002,260.609985,2017700,247.811111
"2018-08-16",261.570007,263.75,261.450012,263.100006,2115900,250.178787
"2018-08-17",263.549988,264.130005,261.720001,262.329987,1969700,249.446609
"2018-08-20",263,263.48999,261.570007,262.399994,1786200,249.513184
"2018-08-21",261.850006,262.519989,260.730011,261.690002,1559300,248.838013
"2018-08-22",261.950012,261.950012,260.25,260.73999,2148500,247.934708
"2018-08-23",261.019989,262.559998,259.559998,261.420013,1603500,248.581284
"2018-08-24",261.75,264.779999,261.75,264.279999,2238600,251.300873
"2018-08-27",265,267.450012,264.420013,267.079987,2614000,253.963303
"2018-08-28",268.540009,269.140015,267.329987,268.51001,2603900,255.323105
"2018-08-29",268.390015,269.320007,267.25,269,2880600,255.789047
"2018-08-30",269.459991,270.170013,268.109985,268.390015,2976300,255.209061
"2018-08-31",268.279999,269.209991,267.200012,268.459991,2961500,255.275558
"2018-09-04",268,269.410004,266.570007,268.51001,2097300,255.323105
"2018-09-05",268.559998,268.799988,266.929993,267.640015,2230600,254.49585
"2018-09-06",267.600006,270.019989,266.940002,269.649994,2556100,257.272217
"2018-09-07",269.640015,271.160004,267.51001,268.279999,2958000,255.965103
"2018-09-10",266.779999,266.799988,258.75,259.730011,4146200,247.807663
"2018-09-11",257.920013,261.420013,257.480011,261.040009,2283300,249.057495
"2018-09-12",261.119995,264.48999,260.850006,262.670013,2236300,250.612671
"2018-09-13",264.160004,265.690002,263.420013,265.48999,2734500,253.303253
"2018-09-14",265.399994,266.649994,263.279999,265.309998,2084600,253.131439
"2018-09-17",266.5,266.660004,263.410004,263.869995,1940400,251.757599
"2018-09-18",262.929993,264.089996,262,263.290009,3557000,251.204224
"2018-09-19",264.470001,265.609985,263.160004,265.329987,2274300,253.150574
"2018-09-20",266.079987,267.940002,266.059998,266.390015,2095000,254.161926
"2018-09-21",266.100006,267.839996,265.850006,266.670013,5671600,254.429031
"2018-09-24",267.01001,269.529999,266.670013,267.359985,2699800,255.087357
"2018-09-25",267.299988,267.329987,263.029999,263.51001,3789700,251.414139
"2018-09-26",264.5,265.48999,262.450012,262.910004,2238000,250.841644
"2018-09-27",263,265.410004,262.929993,264.649994,2761400,252.501755
"2018-09-28",264.380005,266.190002,263.850006,266.040009,2875100,253.827988
"2018-10-01",267.25,270.019989,267.019989,269.100006,3314500,256.747498
"2018-10-02",269,271.440002,267.5,270.630005,2777300,258.207275
"2018-10-03",272,272.070007,269.769989,270.899994,3002200,258.464905
"2018-10-04",271,271.619995,267.309998,268.320007,2186600,256.003296
"2018-10-05",268.649994,271,267.950012,269.200012,2045700,256.842896
"2018-10-08",268.839996,269.649994,265.649994,269.01001,1865000,256.661591
"2018-10-09",269.190002,271.959991,268.470001,270.109985,2510100,257.711151
"2018-10-10",270.600006,271.420013,262.519989,263.079987,4267300,251.00386
"2018-10-11",262,264.399994,255.779999,257.119995,4558500,245.317413
"2018-10-12",259.700012,261.390015,256.859985,259.609985,4006300,247.69313
"2018-10-15",260.130005,262.440002,259.309998,260.25,3583400,248.303726
"2018-10-16",269.690002,272.809998,265,272.570007,6453600,260.058258
"2018-10-17",270.190002,271,265.630005,267.299988,3985100,255.030197
"2018-10-18",267.350006,267.880005,263.709991,266.809998,3132100,254.562637
"2018-10-19",266.619995,267.980011,263.890015,265.299988,3336600,253.121948
"2018-10-22",266.75,266.829987,260.059998,262.190002,2618100,250.154633
"2018-10-23",259.720001,265.519989,259.200012,264.859985,4081800,252.702164
"2018-10-24",264.01001,265.329987,255.929993,256.320007,5265600,244.554138
"2018-10-25",258.160004,265.179993,253.369995,264.23999,4675600,252.11058
"2018-10-26",261.5,262.399994,257.019989,258.179993,4830600,246.328781
"2018-10-29",259.720001,262.040009,253.320007,256.519989,3697700,244.744965
"2018-10-30",256.690002,259.690002,253.979996,258.279999,4169200,246.424164
"2018-10-31",260.869995,264.070007,260.220001,261.350006,4230200,249.353256
"2018-11-01",262.920013,264.679993,259.76001,260.929993,2771300,248.95253
"2018-11-02",264.609985,266.380005,259.559998,261.01001,2593600,249.028854
"2018-11-05",262.149994,263,260.070007,261.01001,3287000,249.028854
"2018-11-06",260.700012,264.01001,260.700012,263.540009,2582400,251.442734
"2018-11-07",266.899994,276.75,266.899994,274.630005,5796800,262.023682
"2018-11-08",276,278,274.700012,276.649994,3809100,263.950897
"2018-11-09",276.859985,278,274.190002,276.549988,2904300,263.855469
"2018-11-12",276,277.790009,272,272.380005,3140600,259.876892
"2018-11-13",272.579987,273.600006,268.140015,269.220001,2516900,256.862
"2018-11-14",269.290009,270.519989,263.350006,264.959991,3511900,252.797562
"2018-11-15",264,265.920013,260.850006,264.940002,3657600,252.778458
"2018-11-16",264.98999,271.799988,264.920013,271.109985,3857800,258.665283
"2018-11-19",271.480011,272.269989,264.179993,266.049988,3670800,253.837494
"2018-11-20",265.619995,266.779999,260.399994,261.5,3617700,249.496338
"2018-11-21",262.589996,264.630005,260.450012,260.549988,3234300,248.589951
"2018-11-23",260,262.940002,258.279999,261.619995,1159300,249.610886
"2018-11-26",264.619995,268.299988,263.5,266.160004,3879800,253.942429
"2018-11-27",265.570007,271.299988,265.029999,271.149994,3497300,258.70343
"2018-11-28",272.820007,282.399994,272.820007,280.950012,5044300,268.053528
"2018-11-29",280.429993,285.450012,280.309998,282.549988,4177800,269.580139
"2018-11-30",282.98999,283.640015,279.070007,281.359985,6143200,269.30249
"2018-12-03",283,286.529999,282.709991,286.329987,4178800,274.05954
"2018-12-04",286.149994,287.940002,276.910004,278.549988,4635500,266.612915
"2018-12-06",273.019989,276.940002,265.25,276.850006,6694600,264.985748
"2018-12-07",273.76001,276.420013,267.279999,269.179993,3506900,257.644501
"2018-12-10",268.589996,269,260.230011,266.529999,4061300,255.108063
"2018-12-11",269.579987,271.529999,265.670013,267.220001,3102800,255.768463
"2018-12-12",271.950012,274.559998,270.48999,270.640015,3167900,259.041962
"2018-12-13",270.859985,273.320007,269.619995,272.149994,2350400,260.487213
"2018-12-14",270.359985,270.570007,263.709991,265.019989,3360500,253.662735
"2018-12-17",261.040009,262.75,256.730011,258.070007,5806800,247.01059
"2018-12-18",259.700012,259.98999,248.199997,252.970001,5065500,242.12915
"2018-12-19",252.369995,256.559998,247.589996,250.309998,5468500,239.583145
"2018-12-20",248.5,249.009995,240.050003,242.440002,7311700,232.05043
"2018-12-21",240.729996,247.5,237.449997,238.339996,12209700,228.126099
"2018-12-24",236.240005,237.899994,232.559998,232.940002,3091000,222.95752
"2018-12-26",232.699997,243.369995,231.809998,243.350006,4159300,232.921417
"2018-12-27",239.100006,245.970001,235.240005,245.970001,4295800,235.429138
"2018-12-28",246.710007,249.789993,244.809998,246.240005,3312700,235.687561
"2018-12-31",248.059998,250.279999,246.940002,249.119995,3123200,238.444138
"2019-01-02",245,246.350006,241.470001,243.490005,4063600,233.05542
"2019-01-03",243.479996,243.479996,236.130005,236.850006,4623200,226.699966
"2019-01-04",239.800003,243.460007,238.800003,239.619995,5367600,229.351242
"2019-01-07",240.399994,241.979996,238.229996,240.080002,4133000,229.791565
"2019-01-08",242.330002,244.789993,239.710007,243.289993,3618600,232.863998
"2019-01-09",244.759995,246.630005,242.059998,243.639999,3425400,233.199005
"2019-01-10",242.080002,245.139999,241.410004,244.869995,3374100,234.376266
"2019-01-11",243.449997,247.759995,243.270004,247.669998,3967100,237.05629
"2019-01-14",246.589996,249.919998,246.110001,248.059998,4955500,237.429581
"2019-01-15",250,256.920013,247,256.869995,5325600,245.862045
"2019-01-16",258.730011,262.190002,258.170013,261.459991,6069400,250.255356
"2019-01-17",260.98999,261.73999,257.890015,259.769989,3583600,248.637741
"2019-01-18",262.600006,266.26001,260.420013,265.5,4844800,254.122162
"2019-01-22",264.059998,267.5,263.73999,265.690002,4052700,254.304077
"2019-01-23",267.75,269.470001,263.670013,267.019989,2971100,255.577042
"2019-01-24",266.799988,268.160004,264.26001,266.130005,2927300,254.725204
"2019-01-25",268.799988,270.410004,265.700012,268.049988,2809100,256.562897
"2019-01-28",266.899994,266.929993,264.609985,266.769989,2837300,255.337753
"2019-01-29",266,268.450012,265.440002,267.339996,2173000,255.883347
"2019-01-30",269.690002,272.440002,267.190002,270.369995,3659000,258.783508
"2019-01-31",270.480011,271.73999,268.98999,270.200012,4055100,258.620789
"2019-02-01",268.470001,269.390015,266.029999,268.720001,3946800,257.204224
"2019-02-04",268.309998,268.690002,264.269989,268.209991,3398900,256.716034
"2019-02-05",270.119995,272.089996,265.839996,266.309998,3597000,254.897476
"2019-02-06",265.140015,269.929993,264.980011,269.5,2570000,257.950745
"2019-02-07",268.640015,270.579987,267.26001,269,2458200,257.472198
"2019-02-08",267.5,268.700012,260.320007,261.899994,4547000,250.676468
"2019-02-11",261.170013,261.179993,256.339996,257.140015,4856200,246.120483
"2019-02-12",259.220001,264,256.920013,263.5,4327900,252.207932
"2019-02-13",263.519989,266.290009,263.149994,263.799988,3066400,252.495041
"2019-02-14",263.23999,267.070007,262.709991,265.329987,3015300,253.959503
"2019-02-15",267.790009,271.130005,266.619995,271.130005,3673700,259.510925
"2019-02-19",271.170013,272.48999,269.279999,270.410004,2486700,258.821808
"2019-02-20",269.209991,270.589996,268.179993,269.51001,2802800,257.960388
"2019-02-21",269.470001,269.940002,265.100006,266.399994,2554300,254.983627
"2019-02-22",266.5,268.390015,265.950012,267.109985,3191100,255.663254
"2019-02-25",267.579987,268.170013,264.380005,264.600006,3679100,253.260773
"2019-02-26",264.660004,265.429993,262.799988,262.980011,3212900,251.710205
"2019-02-27",261.609985,261.609985,248.940002,250.080002,8952900,239.363007
"2019-02-28",249.699997,251.949997,239.149994,242.220001,11034300,231.839844
"2019-03-01",243.559998,248,243.559998,246.149994,6921300,235.601425
"2019-03-04",248.119995,248.449997,234.509995,236.020004,8646300,225.905533
"2019-03-05",236.529999,243.199997,234.940002,241.429993,6924500,231.083694
"2019-03-06",241.740005,241.740005,237.029999,239.070007,4878700,228.824875
"2019-03-07",240.300003,241.179993,235.550003,236.699997,5033500,226.556396
"2019-03-08",235.149994,239.410004,234.639999,237.289993,4921700,227.987976
"2019-03-11",239.210007,244.020004,236.419998,243.149994,4539600,233.618271
"2019-03-12",244.949997,247.479996,243.740005,245.880005,4235800,236.241272
"2019-03-13",247.960007,252.759995,247.080002,252.25,4881600,242.361542
"2019-03-14",253,255.059998,252.339996,253.270004,3865200,243.341583
"2019-03-15",254.339996,254.740005,249.940002,251.399994,6466200,241.544846
"2019-03-18",252.660004,255.309998,250.419998,255,3927400,245.003754
"2019-03-19",255.949997,259.25,255.139999,257.130005,4164800,247.050262
"2019-03-20",257.429993,257.690002,249.970001,250.5,4193500,240.68013
"2019-03-21",249.190002,252.960007,248.660004,252.020004,2699700,242.140579
"2019-03-22",250.570007,251.199997,246.990005,247.089996,3777900,237.403824
"2019-03-25",247.419998,247.419998,240.779999,246.860001,4110900,237.182846
"2019-03-26",247.259995,247.889999,241.720001,243.389999,4416200,233.848907
"2019-03-27",242.940002,245.679993,238.160004,241.710007,4819200,232.234726
"2019-03-28",242.589996,242.850006,238.889999,242.229996,3601500,232.734329
"2019-03-29",244.289993,247.759995,241.869995,247.259995,4294200,237.567154
"2019-04-01",249.710007,250.199997,243.059998,245.539993,4809500,235.914581
"2019-04-02",245.509995,246.399994,242.800003,244.410004,4057100,234.828888
"2019-04-03",246.309998,247.539993,244.589996,245.839996,2851400,236.202835
"2019-04-04",245.479996,249.110001,244.639999,247.389999,2255500,237.692078
"2019-04-05",248.949997,249.309998,245.169998,248.779999,3343000,239.027588
"2019-04-08",249.679993,249.679993,246.309998,248.75,2195400,238.998779
"2019-04-09",247.570007,249.940002,245.949997,248.789993,2903800,239.037186
"2019-04-10",248.779999,249.869995,245.520004,246.029999,2753700,236.385406
"2019-04-11",246.050003,246.919998,232.679993,235.419998,8223400,226.19133
"2019-04-12",236.5,236.779999,220.770004,223.220001,13979400,214.469559
"2019-04-15",225.770004,230.970001,224.410004,230.199997,10021800,221.175934
"2019-04-16",238.009995,238.009995,215.820007,220.960007,27361400,212.298157
"2019-04-17",223.789993,224.240005,208.070007,216.839996,22101400,208.339645
"2019-04-18",217.139999,223,214.210007,221.75,13927200,213.057175
"2019-04-22",224,227.559998,221.5,227.110001,11191800,218.207092
"2019-04-23",228.25,231.940002,226.100006,230.580002,10261400,221.541016
"2019-04-24",230.089996,231.630005,227.75,230.350006,6104100,221.320068
"2019-04-25",228.529999,232.119995,228.130005,230.789993,5954500,221.742813
"2019-04-26",232.139999,237.110001,231.190002,237,6186200,227.709351
"2019-04-29",237.399994,238.059998,234.160004,237.449997,5345300,228.141739
"2019-04-30",238.080002,238.080002,230.190002,233.070007,7632300,223.933441
"2019-05-01",233.070007,234.619995,230.350006,231.949997,4823200,222.857315
"2019-05-02",230.899994,233.339996,228.080002,232.449997,5499200,223.337723
"2019-05-03",232.839996,233.899994,227.179993,231.949997,4323100,222.857315
"2019-05-06",228.169998,240.570007,227.5,240.5,7180200,231.072174
"2019-05-07",239.190002,243.149994,236.399994,238.050003,5104700,228.718216
"2019-05-08",238,240.809998,235.529999,239.149994,3768400,229.775085
"2019-05-09",236.600006,240.539993,235.669998,237.970001,4299500,228.641342
"2019-05-10",239.970001,242.619995,236.369995,240.589996,4374400,231.15863
"2019-05-13",236.449997,240.100006,236.199997,239.550003,4684400,230.159393
"2019-05-14",240.639999,240.990005,236.279999,236.429993,5329700,227.161682
"2019-05-15",235,237.529999,232.619995,236.080002,5099700,226.825439
"2019-05-16",235.889999,240.449997,235.720001,236.789993,4456400,227.507568
"2019-05-17",236.169998,242.440002,235.649994,241.380005,4486400,231.917664
"2019-05-20",240,246.740005,239.770004,245.990005,5390800,236.34697
"2019-05-21",247.009995,251.179993,246.800003,249.940002,5345300,240.142105
"2019-05-22",249.100006,251.029999,248.710007,249.339996,4038000,239.565628
"2019-05-23",247.979996,248.149994,244.389999,246.5,3934600,236.83696
"2019-05-24",247.25,249.360001,245.509995,247.630005,2973900,237.922638
"2019-05-28",248.5,249.300003,241.979996,242.059998,6172700,232.570999
"2019-05-29",239.850006,243.029999,237.899994,242.399994,3958400,232.897675
"2019-05-30",241.919998,245.350006,241.339996,243.5,2646600,233.954559
"2019-05-31",241.949997,243.619995,239.479996,241.800003,3285700,232.321228
"2019-06-03",241.490005,243.800003,236.020004,236.559998,4999400,227.286621
"2019-06-04",238.130005,241.050003,234.830002,240.759995,4992000,231.321976
"2019-06-05",243.169998,245.789993,241.229996,242.770004,3194400,233.253189
"2019-06-06",243.130005,243.940002,241.729996,241.820007,2630100,232.340439
"2019-06-07",242.899994,247.070007,242.190002,246.770004,2837400,237.096344
"2019-06-10",247.080002,249.669998,245.990005,248.139999,2331000,238.412659
"2019-06-11",248.520004,250.690002,245.729996,245.869995,3043000,236.231628
"2019-06-12",246.199997,246.5,242.300003,244.5,3251800,234.915344
"2019-06-13",244.820007,245.339996,243.119995,244.960007,3107800,235.357315
"2019-06-14",244.720001,246.100006,242.789993,245.369995,2165500,236.795258
"2019-06-17",246,247.100006,245.220001,245.970001,2270300,237.374298
"2019-06-18",247.5,249.339996,245.149994,245.699997,3482500,237.113708
"2019-06-19",246,251.369995,245.509995,250.190002,4204600,241.446808
"2019-06-20",251.600006,252.820007,247.399994,247.759995,3800800,239.10173
"2019-06-21",248.779999,253.490005,246.899994,252.279999,6323500,243.463791
"2019-06-24",251.330002,252.630005,247.860001,249.639999,3163800,240.916046
"2019-06-25",249.300003,251.039993,247.419998,247.660004,3182700,239.005234
"2019-06-26",248,248.080002,243.130005,243.470001,3852900,234.961685
"2019-06-27",244.259995,248.149994,243.160004,246.339996,3366200,237.731384
"2019-06-28",246.5,246.75,238.649994,244.009995,6727600,235.482803
"2019-07-01",245.949997,246.169998,240.720001,242.639999,4102700,234.160675
"2019-07-02",242.589996,243.990005,239.539993,243.970001,3863500,235.444168
"2019-07-03",244.320007,247.520004,244.039993,245.210007,2559400,236.640854
"2019-07-05",244.389999,248.759995,244.059998,246.990005,2965000,238.358658
"2019-07-08",246.410004,247.979996,244.880005,247.839996,1902500,239.178925
"2019-07-09",244.630005,246.080002,243.690002,246,2774800,237.403229
"2019-07-10",246.820007,249.110001,245.479996,247.479996,2753000,238.831543
"2019-07-11",255.800003,261.690002,249.050003,261.160004,10268800,252.033493
"2019-07-12",261.630005,266.519989,261.630005,265.899994,5336100,256.607819
"2019-07-15",265.059998,267.649994,264.25,265.959991,2611400,256.665741
"2019-07-16",265.329987,267.140015,263.190002,264.660004,3121600,255.411179
"2019-07-17",264,268.690002,263.5,266.649994,3995200,257.331573
"2019-07-18",265.640015,266.51001,257.26001,260.600006,5825800,251.493042
"2019-07-19",261.100006,262.720001,256.399994,256.649994,4413200,247.681061
"2019-07-22",258.140015,258.950012,254.529999,255.320007,4104300,246.397537
"2019-07-23",254.470001,256.100006,252.020004,255.009995,2889300,246.098373
"2019-07-24",252.789993,252.830002,245.130005,251.130005,4864000,242.353973
"2019-07-25",251.130005,252.75,248.289993,248.699997,3362800,240.008881
"2019-07-26",249.020004,253.880005,246.509995,252.940002,3362600,244.100708
"2019-07-29",252.839996,255.300003,252.339996,253.820007,2005500,244.949966
"2019-07-30",252.660004,255.059998,250.470001,254.929993,1908800,246.021164
"2019-07-31",256.320007,257.160004,248.479996,249.009995,3532400,240.308029
"2019-08-01",249.190002,251.580002,247.279999,249.25,3613600,240.539673
"2019-08-02",249.690002,251.570007,246.100006,250.050003,2677600,241.311707
"2019-08-05",248.130005,249.940002,242.589996,245.059998,5812400,236.496078
"2019-08-06",245.929993,248.279999,243.570007,248.279999,3533000,239.603577
"2019-08-07",246.270004,247.039993,241.259995,246.449997,3205800,237.837509
"2019-08-08",246.190002,247.669998,243.369995,247.619995,2830700,238.966629
"2019-08-09",247.720001,250.419998,246.139999,248.630005,2535000,239.94136
"2019-08-12",246.789993,247.960007,243.029999,243.199997,2667400,234.701111
"2019-08-13",241.679993,250.460007,241.509995,249.220001,2763400,240.510712
"2019-08-14",246.729996,248.410004,243.009995,243.199997,3464300,234.701111
"2019-08-15",244.350006,245.259995,241.449997,244.25,2513500,235.714401
"2019-08-16",245.380005,247.110001,244.179993,245.690002,2810000,237.104065
"2019-08-19",247.490005,248.490005,244.089996,244.710007,2672300,236.158325
"2019-08-20",244.210007,244.600006,239.919998,240.160004,3201300,231.767334
"2019-08-21",240.190002,241.889999,239.300003,240.350006,2761900,231.950714
"2019-08-22",240.350006,240.350006,232.669998,232.940002,4498200,224.799652
"2019-08-23",232.899994,235.100006,229.380005,230.660004,4826600,222.599319
"2019-08-26",232.520004,234.559998,230.460007,231.080002,2918300,223.004639
"2019-08-27",231.720001,232.399994,222.600006,222.929993,4988100,215.13945
"2019-08-28",222.419998,229.770004,220.779999,227.350006,4847600,219.404984
"2019-08-29",228.419998,232.300003,228.009995,230.619995,4052500,222.560699
"2019-08-30",233.669998,235.050003,232.289993,234,3384100,225.822617
"2019-09-03",231.740005,232.169998,228.470001,230.619995,3382300,222.560699
"2019-09-04",231.949997,232.949997,226.5,226.729996,4526100,218.806641
"2019-09-05",230,231.509995,227.580002,229.589996,4256900,221.566711
"2019-09-06",230.169998,231.960007,228.589996,229,4183200,220.997314
"2019-09-09",229,232,228.559998,230.679993,3895600,222.618576
"2019-09-10",231.449997,234.289993,230.830002,232.460007,4257600,224.336411
"2019-09-11",232.490005,234.25,228.580002,234.210007,3168100,226.025238
"2019-09-12",235,236.399994,229.699997,230.100006,4713700,222.058884
"2019-09-13",232.990005,236.559998,231.539993,233.610001,4523200,226.509384
"2019-09-16",232.820007,236.050003,232.149994,234.429993,2973600,227.304428
"2019-09-17",233.070007,233.990005,231.169998,232.520004,2392900,225.452499
"2019-09-18",230.800003,233.130005,229.229996,230.610001,2960500,223.600571
"2019-09-19",232,233.949997,231.229996,232.850006,2666700,225.772461
"2019-09-20",234.770004,235,231.919998,232.889999,6220100,225.811264
"2019-09-23",229.770004,230.779999,228.320007,228.770004,3281200,221.816467
"2019-09-24",229.380005,229.839996,222.919998,225,5006800,218.161072
"2019-09-25",224.279999,226.5,222.130005,222.169998,4658000,215.417114
"2019-09-26",223.039993,223.630005,213.429993,215.479996,10444400,208.930435
"2019-09-27",218.179993,218.880005,215.020004,215.259995,4834900,208.717133
"2019-09-30",213.639999,218.529999,213.119995,217.320007,5286300,210.714508
"2019-10-01",219.190002,219.190002,212.080002,217.210007,5523600,210.607864
"2019-10-02",216.149994,219.360001,215.279999,216.75,4921200,210.161835
"2019-10-03",215.630005,216.360001,213.050003,215.360001,3375800,208.814087
"2019-10-04",216.839996,219.860001,215.139999,219.800003,3700500,213.119141
"2019-10-07",219.050003,222.529999,218.990005,221.240005,3843200,214.515381
"2019-10-08",219.490005,221.979996,218.399994,220.110001,4817000,213.419724
"2019-10-09",221.710007,223.470001,220.169998,222.080002,4483100,215.329849
"2019-10-10",218.190002,224.130005,217.520004,223.729996,5252200,216.929688
"2019-10-11",225.539993,228.850006,221.589996,222.070007,5891600,215.320145
"2019-10-14",221.630005,223.339996,219.899994,220.589996,4075300,213.885117
"2019-10-15",232.690002,239.839996,231.089996,238.589996,13397700,231.337982
"2019-10-16",236.289993,237.479996,234.080002,236.990005,5368600,229.786621
"2019-10-17",238.690002,244.610001,237.270004,243.669998,6301200,236.263611
"2019-10-18",244.449997,246.410004,241.759995,245.339996,4922100,237.882843
"2019-10-21",245.020004,245.600006,242.149994,243.919998,3029200,236.505997
"2019-10-22",243.639999,251.5,243.149994,249.479996,5660800,241.897018
"2019-10-23",248.389999,251.75,246.729996,247.800003,3706600,240.268051
"2019-10-24",248.029999,248.490005,243.910004,244.509995,2546900,237.078079
"2019-10-25",243.910004,246.080002,242.149994,244.910004,2815100,237.465912
"2019-10-28",245.259995,248.389999,244.919998,247.050003,2957100,239.540848
"2019-10-29",247.039993,253.199997,246.309998,252.289993,3528900,244.621597
"2019-10-30",252.169998,255.279999,251.979996,254.800003,3299600,247.055328
"2019-10-31",254.380005,255.720001,249.910004,252.699997,3960400,245.019119
"2019-11-01",253.990005,256.329987,252.160004,252.210007,2919600,244.544022
"2019-11-04",253.630005,253.830002,249.910004,251.25,3186400,243.61319
"2019-11-05",253.740005,254.270004,250.089996,250.300003,5393400,242.692078
"2019-11-06",249.710007,251.990005,249.089996,250.520004,3668600,242.90538
"2019-11-07",251.949997,256.75,251.259995,256.459991,3646300,248.664825
"2019-11-08",256.769989,258.339996,255,256.970001,2200300,249.159348
"2019-11-11",255.050003,256.459991,253.330002,254.089996,1765600,246.366882
"2019-11-12",253.589996,255.759995,253.410004,255.25,1892500,247.491638
"2019-11-13",254.869995,256.880005,253.190002,253.570007,3289800,245.862701
"2019-11-14",253.800003,256.079987,253.470001,255.830002,2101900,248.054001
"2019-11-15",256.109985,275.570007,255.360001,269.399994,10136000,261.211517
"2019-11-18",269,278.450012,269,272.929993,6985200,264.634216
"2019-11-19",275.23999,275.359985,271.549988,274.230011,4002000,265.894775
"2019-11-20",272.25,276.029999,271.23999,275.559998,4141600,267.184296
"2019-11-21",275.220001,277.679993,273.910004,276.549988,3309900,268.144196
"2019-11-22",276.529999,277.769989,275,276.839996,2802700,268.425385
"2019-11-25",277.779999,283,277.01001,282.670013,4082900,274.078217
"2019-11-26",280.709991,282.25,280.160004,281.399994,2998600,272.846802
"2019-11-27",281.01001,281.929993,278.690002,280.670013,2323900,272.139008
"2019-11-29",278.100006,280.920013,277.329987,279.869995,1520900,271.363281
"2019-12-02",281.779999,282,278.570007,279.660004,2517100,271.159668
"2019-12-03",276.970001,278.420013,273.850006,276.899994,3239200,268.483612
"2019-12-04",281.619995,281.839996,278.640015,279.320007,2694200,270.830017
"2019-12-05",279.23999,282.820007,277.480011,282,3357300,273.428558
"2019-12-06",282.839996,283.040009,279.109985,280.190002,2828900,272.718018
"2019-12-09",280.769989,280.869995,277.420013,277.540009,2697100,270.138702
"2019-12-10",277.600006,279.600006,274.01001,279.519989,2515300,272.065857
"2019-12-11",278.299988,280.660004,278.029999,280.5,2751300,273.019745
"2019-12-12",281.029999,283.98999,280.040009,283.609985,2996200,276.046814
"2019-12-13",284.970001,287.809998,284.119995,285.480011,3599300,277.866943
"2019-12-16",287.970001,295.440002,287.059998,292.029999,4663600,284.242279
"2019-12-17",291.23999,292.779999,289.170013,290.470001,4409100,282.723907
"2019-12-18",291,294.859985,290.98999,292.899994,3621600,285.089081
"2019-12-19",295,297.200012,293.619995,294.619995,2905900,286.763214
"2019-12-20",298.899994,300,292.51001,292.589996,6608300,284.787354
"2019-12-23",293.429993,295.850006,292.809998,295.089996,2098900,287.220673
"2019-12-24",295.26001,295.829987,293.559998,294.540009,714000,286.685333
"2019-12-26",295.299988,296.26001,294.540009,295.649994,1050600,287.765717
"2019-12-27",296.01001,296.540009,295.01001,295.970001,1547100,288.077209
"2019-12-30",296.049988,296.540009,293.450012,293.850006,1511700,286.013702
"2019-12-31",293.660004,294.089996,291.149994,293.980011,2224200,286.140289
"2020-01-02",293.980011,295.700012,289.790009,292.5,2543400,284.699738
"2020-01-03",287.269989,291.880005,284.359985,289.540009,2711400,281.818695
"2020-01-06",288,291.660004,287.220001,291.549988,3079100,283.775085
"2020-01-07",290.700012,291.48999,287.579987,289.790009,2492900,282.062042
"2020-01-08",291.5,297.380005,290.040009,295.899994,3379200,288.009064
"2020-01-09",294.290009,297.200012,293.720001,294.220001,2838200,286.373901
"2020-01-10",296.070007,296.070007,292.209991,295.130005,2477900,287.259613
"2020-01-13",294.369995,294.450012,285.019989,285.850006,6994900,278.227112
"2020-01-14",285.600006,288.23999,284.25,288.23999,6056300,280.553314
"2020-01-15",289.019989,299.640015,289,296.410004,6081300,288.505493
"2020-01-16",298,300.98999,295.929993,300.73999,3710300,292.720032
"2020-01-17",300.01001,300.700012,295.880005,298.470001,4632200,290.510498
"2020-01-21",296.890015,302.540009,296.01001,300.529999,4962800,292.515594
"2020-01-22",301.98999,302.130005,297.350006,300.589996,3117600,292.574005
"2020-01-23",300.01001,300.579987,296.649994,299.459991,3169600,291.474121
"2020-01-24",298.339996,299.929993,291.559998,292.809998,3678500,285.001465
"2020-01-27",288,288.079987,280.070007,284.089996,4399400,276.514008
"2020-01-28",283.910004,288.369995,283.299988,285.869995,4341000,278.246552
"2020-01-29",284,286.190002,280.890015,282.899994,3963800,275.355774
"2020-01-30",281.839996,281.839996,275.920013,280.980011,4211800,273.487
"2020-01-31",278.170013,278.779999,271.179993,272.450012,5532600,265.184418
"2020-02-03",275.130005,276.850006,270.820007,274.019989,5646800,266.712524
"2020-02-04",277.279999,283.5,276.880005,280.839996,4290200,273.350647
"2020-02-05",285.600006,297,285.440002,295.730011,5761000,287.843658
"2020-02-06",297,297.269989,290,292.459991,3044000,284.660797
"2020-02-07",292.869995,293.390015,288.910004,289.220001,3425900,281.507233
"2020-02-10",286.230011,289.290009,285.450012,287.029999,3147400,279.37561
"2020-02-11",286.850006,291.570007,285.899994,290.790009,2992200,283.03537
"2020-02-12",295,305,294.01001,303.480011,6701900,295.386963
"2020-02-13",300.140015,305.899994,300.140015,302.200012,3565500,294.141083
"2020-02-14",302.209991,303.970001,297.309998,298.779999,2485600,290.812225
"2020-02-18",299.670013,303.350006,299,302.140015,3241700,294.082672
"2020-02-19",303.369995,306.709991,302.730011,305.309998,3021100,297.168091
"2020-02-20",303.200012,304.160004,297.890015,302.130005,2885500,294.072906
"2020-02-21",300.470001,302.51001,298.609985,301.429993,2987100,293.391602
"2020-02-24",286.890015,288.98999,277.640015,277.790009,8790600,270.38205
"2020-02-25",280.149994,281.980011,262.01001,263.390015,8171200,256.366058
"2020-02-26",264.720001,269.829987,258.709991,263,6806600,255.98642
"2020-02-27",258.420013,262.149994,252.070007,253.919998,7604300,247.148575
"2020-02-28",246.199997,257.100006,245.300003,254.960007,9961000,248.160828
"2020-03-02",257.339996,273.23999,250.320007,273.109985,8866300,265.826843
"2020-03-03",275.350006,280.350006,259.230011,261.399994,9188100,254.429077
"2020-03-04",290,295.839996,282.209991,289.420013,14533000,281.701904
"2020-03-05",281.600006,289.420013,279.940002,282.959991,5908400,275.414124
"2020-03-06",275.420013,284.970001,271.899994,283.869995,5361900,276.299927
"2020-03-09",264.459991,281.440002,259.23999,273.440002,8070700,266.14801
"2020-03-10",279.720001,283.899994,272.5,280,7366000,272.533051
"2020-03-11",274.76001,285.23999,273.26001,277.779999,7744600,270.372284
"2020-03-12",260,272.230011,250,250.410004,10496600,243.732178
"2020-03-13",260.98999,273.220001,242.270004,272.040009,9308400,265.932312
"2020-03-16",243.919998,245.679993,223.949997,225.039993,10303500,219.987518
"2020-03-17",230.820007,248.759995,228.289993,244.220001,9642200,238.736908
"2020-03-18",225.75,231.449997,200.190002,217.059998,12917500,212.186691
"2020-03-19",216.979996,226.119995,208.940002,219.800003,8065200,214.865173
"2020-03-20",223.179993,232.639999,203.460007,206.589996,9364100,201.951752
"2020-03-23",202.039993,205.75,187.720001,194.860001,10654500,190.485123
"2020-03-24",202.139999,220.270004,199,219.800003,8894400,214.865173
"2020-03-25",219.089996,247.509995,216,234.490005,10014000,229.225357
"2020-03-26",234.029999,257.959991,232.300003,255.389999,7517600,249.656128
"2020-03-27",242.940002,251.600006,238.240005,242.449997,4879500,237.006653
"2020-03-30",242.639999,254.089996,242.639999,251.279999,5329000,245.638412
"2020-03-31",243.479996,254.529999,243,249.380005,5450000,243.781067
"2020-04-01",238.690002,246.610001,235.440002,237.320007,4548800,231.991837
"2020-04-02",235.300003,242,226.029999,240.440002,4636800,235.041763
"2020-04-03",238.320007,239.339996,227.270004,229.490005,4650300,224.337616
"2020-04-06",240,249.289993,235.119995,248.339996,6365900,242.764404
"2020-04-07",259.809998,266.709991,246.539993,248.039993,4984100,242.47113
"2020-04-08",247.690002,269.160004,246.259995,267.829987,6390200,261.816803
"2020-04-09",265,270.399994,261.600006,264.130005,4923300,258.19986
"2020-04-13",262.059998,264.959991,258.179993,263.51001,2964900,257.593811
"2020-04-14",269,273.070007,267,270.5,4778900,264.426819
"2020-04-15",276.329987,282.98999,270.679993,281.679993,7841800,275.355865
"2020-04-16",283.440002,300,280.01001,298.429993,7738900,291.729828
"2020-04-17",300.98999,304,287.100006,290.559998,5857500,284.036469
"2020-04-20",285.299988,289.01001,281.269989,282.140015,4072600,275.805573
"2020-04-21",274.950012,280,273.25,274.190002,3977500,268.033997
"2020-04-22",279.579987,283.820007,276.709991,277.019989,3663300,270.800507
"2020-04-23",279.059998,288.459991,278.540009,285.329987,4420500,278.923889
"2020-04-24",287.290009,291.899994,284,291.290009,3265000,284.750153
"2020-04-27",293.209991,296.859985,290.630005,293.980011,3706200,287.37973
"2020-04-28",298,298.25,285.619995,288.359985,3862900,281.885895
"2020-04-29",292,292.75,286.100006,287.649994,4258400,281.191864
"2020-04-30",286.649994,295,285.519989,292.470001,7631700,285.903625
"2020-05-01",288.390015,289,279.600006,284.51001,3526100,278.122345
"2020-05-04",284.48999,287.940002,282.109985,287.540009,2894200,281.08429
"2020-05-05",289.959991,296,287.290009,293.040009,2501300,286.460846
"2020-05-06",295.100006,297.679993,288.440002,288.769989,2579200,282.286713
"2020-05-07",291.059998,292.290009,284.519989,285,3162300,278.601318
"2020-05-08",289.48999,290,285.660004,287,3200000,280.556427
"2020-05-11",285.559998,290.100006,285.26001,288.690002,3490700,282.208466
"2020-05-12",291.769989,293.149994,287.700012,287.700012,4214300,281.240723
"2020-05-13",284.48999,286.399994,275.559998,278,5474100,271.758484
"2020-05-14",275.929993,292.450012,275.640015,290.609985,5704600,284.085388
"2020-05-15",292.410004,300,290.720001,290.959991,12182800,284.427521
"2020-05-18",298.480011,299.720001,292.019989,293.359985,4015100,286.773651
"2020-05-19",290.73999,294.630005,288.880005,289.049988,3059400,282.560394
"2020-05-20",292.899994,292.899994,286.700012,287.98999,3200600,281.524231
"2020-05-21",286.040009,290.130005,284.929993,286.910004,3604900,280.468445
"2020-05-22",287.299988,290.23999,284.790009,289.940002,2922800,283.43045
"2020-05-26",296.5,297.029999,292.5,294.890015,4567800,288.269318
"2020-05-27",297.420013,303.799988,290.799988,303.769989,5618900,296.949921
"2020-05-28",305.950012,309.660004,303.290009,303.970001,4387700,297.145416
"2020-05-29",304.720001,308.369995,300.850006,304.850006,6251500,298.005707
"2020-06-01",304.019989,305.980011,300.559998,305.929993,2894000,299.061462
"2020-06-02",305.579987,308.100006,301.730011,306.309998,2756800,299.432892
"2020-06-03",307.850006,310.119995,302.73999,305.350006,4360000,298.494476
"2020-06-04",303.179993,304.470001,294.290009,298.079987,4374300,291.387634
"2020-06-05",304,314.279999,300.5,311.850006,5554300,304.848511
"2020-06-08",308.640015,315.839996,307.929993,309.480011,4635500,302.531738
"2020-06-09",309.899994,312.649994,307.329987,309.209991,3061500,302.267792
"2020-06-10",308.940002,310.309998,302.859985,305.75,3296100,298.885437
"2020-06-11",303.359985,303.359985,280.799988,283.730011,6638900,277.359833
"2020-06-12",290.649994,294.100006,278.700012,285.149994,5416800,278.747986
"2020-06-15",278.019989,287,273.709991,286.279999,4494600,279.85257
"2020-06-16",295.440002,297.570007,287.440002,293,4245400,286.421692
"2020-06-17",295.100006,295.100006,291.230011,292.600006,2538000,286.030701
"2020-06-18",290.429993,291.779999,286.600006,291.480011,2926600,284.935852
"2020-06-19",294.429993,296.519989,290.910004,291.23999,5172800,285.927399
"2020-06-22",289.790009,293,286.26001,292.670013,2174100,287.33139
"2020-06-23",294.01001,299.279999,291.070007,297.600006,4023400,292.171387
"2020-06-24",293.98999,297.100006,285.570007,289.179993,3399900,283.904999
"2020-06-25",288.279999,296.779999,286.059998,296.220001,3112500,290.816589
"2020-06-26",295.140015,296.579987,285.820007,286.880005,5043200,281.646942
"2020-06-29",288.450012,292.279999,286.619995,289.76001,2356700,284.474396
"2020-06-30",288.570007,296.450012,287.660004,294.950012,2932900,289.569763
"2020-07-01",295.829987,300.399994,295.23999,297.730011,2303800,292.299042
"2020-07-02",300.5,303.079987,297.179993,298.26001,1971700,292.819366
"2020-07-06",303,303.48999,299.329987,302.809998,2395000,297.286377
"2020-07-07",300.660004,303.559998,295.950012,296.649994,2075700,291.238739
"2020-07-08",297.350006,300.869995,295.679993,298.359985,1987400,292.917542
"2020-07-09",295.100006,298.549988,287.5,291.160004,3061700,285.848877
"2020-07-10",294.23999,294.23999,287.100006,291.230011,2391600,285.917633
"2020-07-13",292.089996,304.519989,291.769989,299.709991,4263300,294.242889
"2020-07-14",297.809998,309.73999,296.709991,308.519989,4234900,302.892181
"2020-07-15",301.119995,310.690002,298.660004,304.070007,5116900,298.523376
"2020-07-16",305.01001,310.850006,303.160004,307.149994,3844500,301.547211
"2020-07-17",309.089996,310.970001,306.25,306.529999,3016500,300.938507
"2020-07-20",306.790009,308.600006,302.380005,303.459991,2375500,297.9245
"2020-07-21",305.029999,307,303.109985,305.109985,2340200,299.544403
"2020-07-22",304.859985,306.910004,301.809998,306.709991,1935800,301.115204
"2020-07-23",308.200012,308.5,301.269989,302.970001,2367700,297.443481
"2020-07-24",303.329987,304.279999,299.230011,300.790009,2415700,295.303223
"2020-07-27",298.429993,302.130005,297.369995,298.600006,2060500,293.153168
"2020-07-28",297.890015,301.399994,297.209991,299.929993,2257400,294.458923
"2020-07-29",301.459991,309.75,300,306.679993,2672700,301.085785
"2020-07-30",301.679993,306.459991,298.890015,305.230011,2205300,299.662231
"2020-07-31",303.440002,303.73999,298.049988,302.779999,3913500,297.256897
"2020-08-03",303.589996,304.910004,299.200012,303.609985,2628500,298.071808
"2020-08-04",301.910004,308.859985,300.070007,304.5,3594900,298.945526
"2020-08-05",306.829987,312.959991,305.019989,312.470001,2982200,306.770172
"2020-08-06",312,316.23999,310.399994,314.059998,3305300,308.331177
"2020-08-07",313.339996,319,313.339996,317.029999,2600800,311.246948
"2020-08-10",317,320.470001,315.579987,319.100006,2563600,313.279236
"2020-08-11",322.920013,324.570007,314.660004,315.549988,3018200,309.793945
"2020-08-12",318,323.290009,317.640015,322.269989,2915800,316.391357
"2020-08-13",320.679993,321.869995,317.839996,321.519989,2159500,315.65506
"2020-08-14",320.540009,323.929993,318.730011,323.700012,1787200,317.795288
"2020-08-17",321.450012,323.799988,319.350006,320.51001,2772500,314.663483
"2020-08-18",321.980011,322.670013,315.709991,316.809998,2520000,311.031006
"2020-08-19",316.769989,319.48999,315.179993,315.399994,2066700,309.646698
"2020-08-20",314.829987,315.279999,312.01001,313.329987,2245600,307.614471
"2020-08-21",311.279999,315.279999,310.089996,314.140015,2488500,308.409698
"2020-08-24",316.809998,316.899994,306.48999,308.839996,2922200,303.20639
"2020-08-25",312.200012,312.359985,307.799988,312.220001,1879300,306.524689
"2020-08-26",310.980011,311.359985,303.609985,308.820007,3178900,303.186737
"2020-08-27",310.410004,314.769989,305.48999,311.670013,2321000,305.984772
"2020-08-28",312.339996,315.820007,308.970001,314.369995,2883500,308.635468
"2020-08-31",314.890015,319.559998,312.540009,312.549988,4341600,306.848694
"2020-09-01",310.160004,314.720001,310,312.829987,2487100,307.123566
"2020-09-02",312.559998,321.279999,312.559998,320.23999,2846500,314.398407
"2020-09-03",322,323.820007,313.730011,316.230011,3872500,310.461578
"2020-09-04",316.480011,317.829987,306.630005,312,2901000,306.308746
"2020-09-08",311.029999,311.459991,303.829987,307.25,2594500,301.645355
"2020-09-09",309.679993,315.320007,308.420013,312.019989,2195600,306.328369
"2020-09-10",312.730011,314.440002,303.720001,304.600006,2421200,299.043732
"2020-09-11",305.070007,306.459991,297.290009,301.480011,3085900,297.200287
"2020-09-14",303.01001,311.119995,303.01001,308.570007,1795500,304.189606
"2020-09-15",310.049988,311.459991,306.049988,307.230011,1468300,302.868652
"2020-09-16",309.070007,312.25,306.200012,306.519989,3438200,302.168671
"2020-09-17",304.5,307.380005,302.109985,304.980011,2394100,300.650604
"2020-09-18",305.01001,310.390015,303.769989,308.019989,3795400,303.6474
"2020-09-21",300.470001,300.529999,291.660004,299.190002,4124700,294.942719
"2020-09-22",298.440002,300.619995,292.920013,294.26001,3163600,290.082733
"2020-09-23",295,296.100006,291.829987,292.140015,3709900,287.992859
"2020-09-24",292.190002,294.929993,289.640015,292.660004,2869100,288.505493
"2020-09-25",291.25,303.269989,291.220001,302.5,2455800,298.20575
"2020-09-28",306.390015,310.01001,302.829987,303.230011,2575700,298.925415
"2020-09-29",303.670013,305.5,300.679993,304.149994,1797800,299.832367
"2020-09-30",304.019989,314.519989,303.98999,311.769989,3497300,307.344177
"2020-10-01",312.910004,315.170013,309.149994,313.070007,2731200,308.625763
"2020-10-02",312.100006,317.390015,308.359985,311.980011,2338000,307.551208
"2020-10-05",315.070007,318.420013,313.119995,318.149994,1638600,313.633606
"2020-10-06",318.950012,320.299988,313.48999,314.450012,2434400,309.986145
"2020-10-07",315.820007,324.73999,315.820007,323.170013,2596600,318.582336
"2020-10-08",323.429993,325.350006,320.98999,322.410004,2056700,317.83316
"2020-10-09",324.660004,328.170013,323.920013,327.839996,2028900,323.186066
"2020-10-12",329.119995,333.559998,329.01001,329.970001,2424200,325.285797
"2020-10-13",328.5,333.700012,327.709991,331.420013,2713500,326.715271
"2020-10-14",322.070007,330.570007,320.200012,321.850006,4455400,317.281097
"2020-10-15",318.850006,326.970001,316.329987,324.570007,3172200,319.962494
"2020-10-16",325.459991,332.350006,324.730011,329.899994,3293300,325.216797
"2020-10-19",328.540009,330.779999,322.059998,324.220001,2482100,319.617432
"2020-10-20",326.619995,328.619995,323.279999,323.410004,1988600,318.818939
"2020-10-21",323.410004,326.48999,322.179993,322.790009,2139000,318.207794
"2020-10-22",322.320007,328.059998,322.25,325.730011,2100600,321.106018
"2020-10-23",329.160004,335.649994,328.130005,330.600006,2349500,325.906891
"2020-10-26",326.320007,327.75,318.540009,323.059998,2408500,318.473877
"2020-10-27",323.059998,323.5,319.429993,320.51001,2427700,315.960114
"2020-10-28",313.329987,317.809998,307.440002,308,3301400,303.627655
"2020-10-29",306.589996,309.480011,301.459991,303.679993,3279200,299.369019
"2020-10-30",303.230011,307.170013,299.600006,305.140015,3556800,300.808319
"2020-11-02",312.640015,312.640015,307.359985,312.100006,4519000,307.669525
"2020-11-03",317.470001,326.440002,315.019989,321.350006,4043900,316.788177
"2020-11-04",345.230011,360.440002,341.140015,354.559998,10344900,349.526733
"2020-11-05",358.070007,360.980011,349.679993,354.399994,4786500,349.369019
"2020-11-06",350.359985,352,344.570007,347.459991,2994900,342.527527
"2020-11-09",366.309998,367.950012,348.980011,350,4635300,345.031464
"2020-11-10",349.48999,355.899994,348.170013,353.690002,3733200,348.669098
"2020-11-11",356.160004,356.809998,349.410004,351.700012,2048200,346.707367
"2020-11-12",351.399994,360.519989,349.75,354.410004,2907300,349.378876
"2020-11-13",356.859985,357.940002,352.790009,355.670013,2442100,350.621002
"2020-11-16",358.950012,359.579987,351.01001,356.820007,2790100,351.754639
"2020-11-17",352.390015,353.359985,347.5,352.100006,2557600,347.101685
"2020-11-18",353.429993,354.049988,343.089996,344.51001,2722500,339.619415
"2020-11-19",342.290009,343.070007,334.329987,337,3935600,332.216003
"2020-11-20",335,337.660004,331.709991,334.700012,3702000,329.9487
"2020-11-23",335.549988,336.26001,331.589996,335.059998,2535700,330.303558
"2020-11-24",336.179993,340,334.429993,336.01001,3759700,331.240082
"2020-11-25",338.820007,338.820007,329.140015,333.190002,3145100,328.460083
"2020-11-27",333.529999,338.899994,331.839996,337.940002,1558600,333.14267
"2020-11-30",335.109985,337.940002,330.290009,336.339996,5265700,331.565399
"2020-12-01",344.769989,354.100006,339.929993,341.190002,3817700,336.346527
"2020-12-02",341.769989,351.829987,341.5,347.559998,2864300,342.626099
"2020-12-03",347.899994,352.769989,346.48999,348.679993,4169200,343.730194
"2020-12-04",346,351.470001,345.75,349.890015,3255100,346.164032
"2020-12-07",348.720001,349.890015,345.220001,347.859985,2999400,344.155609
"2020-12-08",344.75,349.899994,344.079987,347.859985,2471200,344.155609
"2020-12-09",348.890015,349.410004,341.609985,344.410004,2600400,340.742401
"2020-12-10",345.160004,345.459991,339.26001,339.649994,2896900,336.033051
"2020-12-11",338.130005,338.880005,334.329987,337.070007,3071700,333.48053
"2020-12-14",340.029999,343.230011,335.859985,336.130005,2479000,332.550537
"2020-12-15",339.140015,341.01001,337.040009,339.670013,2616500,336.052856
"2020-12-16",336.829987,341.660004,334.26001,339.339996,2365600,335.726379
"2020-12-17",339.809998,342.600006,337.309998,341.670013,2525700,338.031555
"2020-12-18",342.519989,342.609985,334,338.380005,8742700,334.776581
"2020-12-21",332.070007,336.950012,329.399994,336.079987,2892700,332.501068
"2020-12-22",335.160004,336.980011,333.470001,335.01001,2069700,331.442474
"2020-12-23",336.48999,341.649994,336.029999,337.589996,2348100,333.994995
"2020-12-24",336.440002,341.410004,336.440002,340.790009,1360600,337.16095
"2020-12-28",343.209991,347.790009,343.059998,345.950012,2308200,342.265961
"2020-12-29",347.98999,351.290009,345,347.350006,2275700,343.651062
"2020-12-30",347.079987,349.01001,344.470001,344.98999,1866000,341.316162
"2020-12-31",345.040009,351.089996,344.049988,350.679993,1969000,346.945557
"2021-01-04",351.450012,352.079987,340.380005,349.5,4203800,345.778137
"2021-01-05",348.690002,351.359985,344.480011,344.799988,3160500,341.128204
"2021-01-06",337.109985,359.48999,335.109985,359.269989,6561400,355.444122
"2021-01-07",358.540009,366.450012,357.920013,365.029999,3366700,361.142792
"2021-01-08",367,367.48999,358.76001,363.390015,2947800,359.520264
"2021-01-11",362.619995,364.290009,359.190002,360.75,2695100,356.908356
"2021-01-12",357.940002,360.079987,355.230011,357.369995,2372500,353.564331
"2021-01-13",356.040009,356.809998,351.230011,355.040009,1974500,351.259186
"2021-01-14",356.850006,358.809998,350.420013,350.529999,2919900,346.79718
"2021-01-15",349.119995,353.049988,345.73999,351.299988,3777000,347.559021
"2021-01-19",356.209991,356.959991,351.559998,352.190002,3361300,348.439514
"2021-01-20",351.880005,352.079987,345.829987,350.839996,3036800,347.103882
"2021-01-21",350.809998,360.890015,350.73999,355,3749800,351.219604
"2021-01-22",353.309998,354.619995,347.540009,347.549988,2585100,343.848907
"2021-01-25",347.149994,350.390015,344.600006,347.809998,2506300,344.10614
"2021-01-26",350.51001,351.51001,342.570007,343.109985,2467500,339.456207
"2021-01-27",337.040009,338,329.01001,332.98999,4770900,329.44397
"2021-01-28",336.640015,346.579987,334.51001,338.149994,2769900,334.549011
"2021-01-29",336.529999,339.019989,330.630005,333.579987,3899200,330.027679
"2021-02-01",335.029999,338.149994,332.73999,334,3020200,330.443207
"2021-02-02",337.100006,344.640015,337.100006,338.720001,2663700,335.112976
"2021-02-03",338,340.160004,334.600006,337.890015,2537100,334.291809
"2021-02-04",332.320007,335.290009,328.390015,329.320007,5962200,325.81308
"2021-02-05",332.109985,333.480011,323.480011,324.51001,7227900,321.054291
"2021-02-08",327.01001,327.019989,323.809998,324.339996,4758200,320.886078
"2021-02-09",323.899994,331.040009,321.709991,329.630005,4096900,326.119781
"2021-02-10",332.660004,335.76001,329.769989,333.399994,4122700,329.849609
"2021-02-11",335,336.649994,331.5,333.070007,2776700,329.523132
"2021-02-12",331.679993,332.399994,327.880005,328.23999,2760800,324.744568
"2021-02-16",327.359985,329.839996,322.480011,324.619995,4339000,321.163116
"2021-02-17",323.459991,328.600006,322.23999,326.859985,2620000,323.379272
"2021-02-18",325.899994,329.579987,325.200012,328.410004,2383500,324.91275
"2021-02-19",328.75,328.850006,324.109985,324.579987,2313800,321.123505
"2021-02-22",321.5,329.049988,320.350006,327.640015,2688300,324.15097
"2021-02-23",329.98999,333.940002,326.640015,329.51001,3225700,326.001038
"2021-02-24",328.48999,333.600006,326.040009,332.209991,3360500,328.672272
"2021-02-25",331,333.600006,327.359985,328.869995,2780100,325.367828
"2021-02-26",330.549988,337.910004,329.850006,332.220001,5430000,328.68219
"2021-03-01",334.359985,338.910004,333.679993,334.649994,4198900,331.086273
"2021-03-02",335,337.670013,333.890015,334.640015,2568900,331.076416
"2021-03-03",333.320007,338.160004,332.779999,332.869995,3039700,329.325256
"2021-03-04",334.170013,340.839996,332.670013,333.809998,4991600,330.255249
"2021-03-05",335.029999,348.290009,335.019989,347.100006,4563100,343.403748
"2021-03-08",347.01001,354,345.600006,350.170013,3419900,346.44104
"2021-03-09",352.920013,361.25,351.339996,351.980011,4277600,348.231781
"2021-03-10",353.910004,354.480011,348.5,349.600006,3012300,345.877106
"2021-03-11",350.76001,355.970001,349.869995,353.100006,2520500,349.339844
"2021-03-12",353.170013,356.820007,351.98999,356.019989,2088700,353.480072
"2021-03-15",356.920013,357.940002,351.549988,353.880005,2343400,351.355347
"2021-03-16",353.529999,355.359985,351.910004,354.600006,2904200,352.070221
"2021-03-17",355.170013,358.070007,351.829987,352.179993,2633100,349.66748
"2021-03-18",352.869995,364.320007,352.339996,362.049988,3311600,359.467041
"2021-03-19",361.920013,370.459991,359.01001,365.579987,8572900,362.971863
"2021-03-22",365,368.579987,360.109985,366.859985,3505200,364.242737
"2021-03-23",368.850006,371.540009,367.220001,368.5,3100100,365.871033
"2021-03-24",366.049988,373.799988,365.51001,370.600006,3407800,367.956085
"2021-03-25",370.600006,372.109985,363.390015,371.089996,3021500,368.442566
"2021-03-26",371.679993,377.059998,370.290009,376.480011,2959800,373.794128
"2021-03-29",376.359985,380.5,374.98999,379.059998,2740400,376.355682
"2021-03-30",377.549988,379.880005,371.799988,373.559998,3066000,370.894958
"2021-03-31",372.799988,377,371.799988,372.070007,3356500,369.415588
"2021-04-01",372.200012,372.690002,365.76001,367.070007,2977700,364.451263
"2021-04-05",369.619995,372.630005,367.640015,370.179993,2709400,367.539063
"2021-04-06",368.779999,369.790009,362.720001,364.369995,2698600,361.770508
"2021-04-07",364.190002,365.880005,360.549988,365.640015,2158900,363.031464
"2021-04-08",363.109985,366.910004,363.109985,364.890015,2426700,362.286835
"2021-04-09",368.350006,376.609985,367,376.299988,2483200,373.615387
"2021-04-12",374.480011,379.829987,374.029999,376.279999,3057300,373.595551
"2021-04-13",376.25,379.309998,374.329987,374.5,2652300,371.828247
"2021-04-14",375.339996,378.01001,374.579987,375.630005,2805600,372.950195
"2021-04-15",380,392.359985,380,390.01001,4488300,387.2276
"2021-04-16",393.920013,393.920013,385.459991,391.01001,4532400,388.22049
"2021-04-19",390,393.390015,388.470001,389.839996,2965400,387.058777
"2021-04-20",389.859985,397.880005,389.420013,396.529999,3348100,393.70105
"2021-04-21",398.859985,401.480011,395.440002,398.809998,2473300,395.964813
"2021-04-22",398.440002,398.76001,393.190002,396.540009,2718600,393.710999
"2021-04-23",395.619995,401.98999,394.5,400.309998,2263200,397.454102
"2021-04-26",399.809998,400,395.209991,395.859985,1642300,393.035858
"2021-04-27",394.660004,396.329987,392.299988,394.5,1758500,391.685547
"2021-04-28",395.179993,396.98999,393.299988,394.589996,1886500,391.774902
"2021-04-29",396.75,402.160004,396.299988,401.549988,1996500,398.685242
"2021-04-30",401,401.859985,398.350006,398.799988,2328100,395.954865
"2021-05-03",401,406.769989,400.529999,405.899994,2568500,403.004211
"2021-05-04",405.480011,412.470001,403.5,411.339996,3237200,408.405426
"2021-05-05",410.5,412.75,406.799988,412.5,2767600,409.557159
"2021-05-06",413,416.850006,412.559998,414.970001,3058700,412.009521
"2021-05-07",415,419.019989,414.070007,417.649994,1851000,414.67041
"2021-05-10",419.269989,425.980011,418.220001,420.890015,2489300,417.887329
"2021-05-11",421,422.290009,410.609985,411.700012,3024000,408.762848
"2021-05-12",409.290009,410.850006,404.679993,405.369995,2888100,402.477997
"2021-05-13",406.279999,413.179993,404.320007,408.559998,2637500,405.645264
"2021-05-14",410.98999,412.589996,408.5,409.799988,2072900,406.876404
"2021-05-17",409.309998,412.51001,408.570007,408.630005,1583900,405.714783
"2021-05-18",409.690002,412.959991,406.269989,410.380005,2694800,407.452271
"2021-05-19",409.48999,410.720001,404.25,409.5,2783100,406.578552
"2021-05-20",409.529999,413.829987,408.320007,408.640015,2105800,405.724701
"2021-05-21",410.76001,418.630005,409.459991,411.630005,4295400,408.693359
"2021-05-24",412.369995,413.899994,409.920013,410.950012,1883600,408.018219
"2021-05-25",411.850006,413.859985,408.890015,413.049988,2285600,410.10321
"2021-05-26",412.100006,415.299988,411.01001,413.209991,1903900,410.262085
"2021-05-27",414.920013,415.109985,410.380005,412.700012,2041800,409.755737
"2021-05-28",412.700012,415.470001,410.019989,411.920013,2367900,408.981293
"2021-06-01",413.730011,413.730011,406.160004,406.720001,2199600,403.81839
"2021-06-02",409.140015,409.140015,404.549988,405.850006,2232900,402.95459
"2021-06-03",403.5,409.76001,402.839996,407.959991,2281200,405.04953
"2021-06-04",410.959991,411,404.649994,405.640015,2990900,402.746094
"2021-06-07",406.959991,407.209991,398.690002,400.25,3353800,397.394562
"2021-06-08",400.720001,402.75,398.75,401.73999,3051300,398.873901
"2021-06-09",403.329987,405.779999,400.529999,401.100006,1925700,398.238495
"2021-06-10",401.910004,402.850006,398.470001,401.48999,4033600,398.625671
"2021-06-11",403.350006,403.359985,394.779999,397.890015,3094300,395.051392
"2021-06-14",397.299988,399.470001,395.130005,399.160004,2674900,396.312317
"2021-06-15",399.959991,401.5,396.470001,400.279999,2845800,397.424316
"2021-06-16",401.100006,403.149994,396.670013,397.25,3330800,394.415924
"2021-06-17",396,398.070007,394.609985,397.350006,3532000,394.515228
"2021-06-18",387.279999,392.660004,387.25,389.369995,5521400,388.008057
"2021-06-21",389.369995,399.200012,389.220001,398.070007,3839300,396.677643
"2021-06-22",400.609985,400.649994,397.820007,398.690002,3964600,397.295471
"2021-06-23",397.820007,399,395.269989,395.559998,2942100,394.176422
"2021-06-24",398.320007,402.160004,396.839996,398.869995,3309100,397.474823
"2021-06-25",400.100006,409.980011,399.019989,404.950012,16928900,403.5336
"2021-06-28",404.950012,404.98999,397.929993,401.459991,3193300,400.055786
"2021-06-29",401.970001,403.200012,397.480011,398.100006,2458800,396.70755
"2021-06-30",397.540009,401.399994,396.799988,400.440002,2875600,399.039337
"2021-07-01",402.029999,405.209991,401.809998,404.890015,2678100,403.473785
"2021-07-02",405.089996,409.869995,403.880005,409.359985,1982400,407.928131
"2021-07-06",408.670013,411.160004,405.709991,410.26001,2615300,408.825012
"2021-07-07",410.350006,412.179993,407.200012,411.660004,2270400,410.220093
"2021-07-08",408.609985,410.829987,405.079987,409.950012,2032300,408.516083
"2021-07-09",412.529999,413.25,410.640015,412.109985,2078900,410.668518
"2021-07-12",411.019989,416.399994,410.309998,416.040009,2802600,414.584778
"2021-07-13",416.380005,419.690002,415.709991,418.540009,2948900,417.07605
"2021-07-14",420.769989,422.529999,413.350006,414.73999,3538700,413.289307
"2021-07-15",411.910004,421.730011,407.200012,420.049988,3546500,418.58075
"2021-07-16",421.359985,422.290009,417.640015,419.700012,2625400,418.231995
"2021-07-19",417.23999,419.529999,406.809998,409.059998,3611300,407.629181
"2021-07-20",411,417.730011,410.609985,412.970001,3186700,411.525513
"2021-07-21",417.059998,417.230011,410.829987,414.640015,1863700,413.189697
"2021-07-22",416.019989,416.829987,413.730011,415.769989,1421900,414.315704
"2021-07-23",417.899994,419.339996,415.98999,417.700012,1611700,416.238983
"2021-07-26",416.829987,417.670013,410.899994,413.540009,2232600,412.093536
"2021-07-27",412,415.26001,409.459991,415.100006,2630600,413.648071
"2021-07-28",414.48999,414.48999,406.799988,409.170013,2446600,407.738831
"2021-07-29",411.279999,412.579987,408.420013,412.079987,1597300,410.638611
"2021-07-30",410.76001,413.769989,410.25,412.220001,1864200,410.778137
"2021-08-02",413.570007,416.440002,412.809998,415.570007,1806500,414.116425
"2021-08-03",415.820007,422.140015,415.079987,421.899994,2496500,420.424286
"2021-08-04",422.049988,423.660004,419.709991,421.540009,1995400,420.065552
"2021-08-05",422.059998,422.25,407.890015,411.190002,3598600,409.75174
"2021-08-06",412.01001,416.769989,412.01001,415.119995,1944000,413.667999
"2021-08-09",414.950012,416.230011,410.350006,410.869995,1509800,409.432861
"2021-08-10",410.51001,413.649994,408.570007,411.779999,1441800,410.339691
"2021-08-11",413.029999,413.929993,407.51001,407.73999,1542600,406.313812
"2021-08-12",407,408.730011,404.299988,405.959991,1939900,404.540039
"2021-08-13",407.079987,410.049988,405.920013,409.670013,1536900,408.237091
"2021-08-16",409.839996,417.420013,407.329987,417.209991,2377500,415.750671
"2021-08-17",417.100006,422.5,416.630005,421.779999,2258000,420.304718
"2021-08-18",421.350006,421.589996,417.089996,417.320007,3037000,415.860321
"2021-08-19",415.380005,428.350006,412.399994,427.890015,3204500,426.393341
"2021-08-20",428.350006,431.359985,426.910004,429.709991,2401000,428.20697
"2021-08-23",430.559998,430.559998,424.899994,425.359985,2375900,423.872162
"2021-08-24",425.519989,425.940002,421.720001,423.410004,1619300,421.929016
"2021-08-25",421.850006,423.619995,419.450012,419.73999,1939000,418.27182
"2021-08-26",419.769989,421.390015,416.630005,416.850006,1385400,415.391968
"2021-08-27",418.01001,420.350006,416.119995,418.76001,1621600,417.295288
"2021-08-30",418.76001,420.570007,417.890015,418.299988,1284200,416.836853
"2021-08-31",417,420.73999,414.220001,416.269989,4249100,414.813965
"2021-09-01",416.540009,419.869995,411.23999,417.350006,2034400,415.890198
"2021-09-02",419.160004,424.399994,418.23999,423.709991,3137400,422.227936
"2021-09-03",421.929993,424,420.609985,422.859985,1604800,421.38092
"2021-09-07",420.299988,422.26001,417.579987,421.23999,1920300,419.766571
"2021-09-08",421.190002,422.869995,414.200012,415.390015,2262500,413.937073
"2021-09-09",415.339996,420.220001,413.929993,414.549988,3508500,413.099976
"2021-09-10",415.559998,416,402.589996,403.910004,4215000,403.910004
"2021-09-13",407.980011,416.809998,406.450012,414.519989,3068200,414.519989
"2021-09-14",417.589996,417.589996,411.369995,412.540009,2879800,412.540009
"2021-09-15",412.519989,421.420013,409.5,417.519989,3180600,417.519989
"2021-09-16",419.670013,423.399994,414.959991,416.839996,2262700,416.839996
"2021-09-17",414.970001,421.089996,414.970001,420.160004,4534200,420.160004
"2021-09-20",416.920013,419.299988,408.720001,412.700012,2799800,412.700012
"2021-09-21",415.01001,418.779999,412.209991,412.339996,2382200,412.339996
"2021-09-22",404.940002,412,404.940002,408.700012,3629400,408.700012
"2021-09-23",409.799988,414.850006,407.51001,408.029999,2681600,408.029999
"2021-09-24",406.940002,407.890015,405.230011,407.079987,1950400,407.079987
"2021-09-27",407.829987,412.149994,404.959991,405.269989,2608600,405.269989
"2021-09-28",402.600006,404,397.019989,398.619995,3115400,398.619995
"2021-09-29",397,401.850006,395.799988,400.410004,2056300,400.410004
"2021-09-30",401.48999,403.48999,390.459991,390.73999,3779900,390.73999
"2021-10-01",391.600006,393.690002,383.119995,392.429993,3146600,392.429993
"2021-10-04",391.619995,395.149994,384.76001,387.01001,3074800,387.01001
"2021-10-05",389.339996,396.01001,389.23999,393.429993,3269400,393.429993
"2021-10-06",390.75,394.779999,385.839996,394.25,2809200,394.25
"2021-10-07",396.76001,408.170013,396.709991,404.700012,2813700,404.700012
"2021-10-08",406.410004,409.119995,402.640015,408.459991,2012200,408.459991
"2021-10-11",408,411.220001,404.209991,404.98999,2164200,404.98999
"2021-10-12",405.109985,408.380005,402.309998,403.23999,2415700,403.23999
"2021-10-13",403.339996,405.309998,398.109985,403.549988,3021800,403.549988
"2021-10-14",425.660004,433.5,417.799988,420.359985,6038800,420.359985
"2021-10-15",422.049988,430.48999,421.5,428.070007,3312000,428.070007
"2021-10-18",428,428,423.839996,424.619995,2232800,424.619995
"2021-10-19",426.829987,427.820007,423.399994,424.380005,1616800,424.380005
"2021-10-20",427,435.529999,426.839996,435.089996,2764000,435.089996
"2021-10-21",435.5,442.5,435.079987,442.279999,2465100,442.279999
"2021-10-22",440.839996,449.290009,440.459991,449.160004,2736200,449.160004
"2021-10-25",450,452.640015,446.440002,449.48999,3553500,449.48999
"2021-10-26",450.48999,457.709991,447.589996,454.640015,3103900,454.640015
"2021-10-27",454.640015,460.440002,453.480011,453.480011,3520400,453.480011
"2021-10-28",453,457.899994,452.519989,455.440002,1672600,455.440002
"2021-10-29",454.410004,461.390015,453.059998,460.470001,2496700,460.470001
"2021-11-01",461.820007,465.76001,451.179993,454.109985,2203100,454.109985
"2021-11-02",456.26001,456.440002,450.380005,452.040009,2600000,452.040009
"2021-11-03",450.420013,457.519989,447.040009,457.329987,2438200,457.329987
"2021-11-04",457.600006,458.51001,452.160004,456.76001,2517300,456.76001
"2021-11-05",457.829987,461.519989,454.579987,455.809998,2905000,455.809998
"2021-11-08",456.850006,464.190002,454.309998,462.619995,2279900,462.619995
"2021-11-09",462.619995,464.470001,460.290009,464.350006,2657800,464.350006
"2021-11-10",465.390015,466,456.630005,459.899994,2818200,459.899994
"2021-11-11",460,460.850006,455.440002,457.390015,2246800,457.390015
"2021-11-12",460.670013,461,457.079987,458.98999,2609500,458.98999
"2021-11-15",458,458.209991,450.5,450.799988,2849600,450.799988
"2021-11-16",452.98999,458.350006,449.369995,449.619995,3383800,449.619995
"2021-11-17",450.390015,453.959991,448.730011,448.950012,2281500,448.950012
"2021-11-18",448.730011,452.809998,447.109985,449.470001,2073800,449.470001
"2021-11-19",448.130005,449.450012,439.5,440,3524900,440
"2021-11-22",442.820007,443.75,437.390015,437.540009,2598700,437.540009
"2021-11-23",436.01001,447.519989,436,447.130005,2857000,447.130005
"2021-11-24",446.640015,450.980011,445.640015,450.160004,2248800,450.160004
"2021-11-26",444.920013,448.179993,438.209991,439.910004,2480600,439.910004
